sample_id,dataset,question,gold_answer,model_prediction,scalar_confidence,self_reported_confidence,failure_family,image_path
hallusionbench_00004,HallusionBench,"Is China, Hongkong SAR, the leading importing country of gold, silverware, and jewelry with the high",no,yes,0.945,,attribute,data/HallusionBench/hallusion_bench/VS/chart/0_1.png
hallusionbench_00007,HallusionBench,"Is the United States, the leading importing country of gold, silverware, and jewelry with the highes",no,yes,0.924,,attribute,data/HallusionBench/hallusion_bench/VS/chart/0_1.png
hallusionbench_00016,HallusionBench,"From 2001 to 2019, Is 2010 exported the most value of bread, biscuits, wafers, cakes and pastries fr",no,yes,0.944,,attribute,data/HallusionBench/hallusion_bench/VS/chart/1_1.png
hallusionbench_00019,HallusionBench,"From 2001 to 2010, Is 2005 exported the most value of bread, biscuits, wafers, cakes and pastries fr",no,yes,0.909,,attribute,data/HallusionBench/hallusion_bench/VS/chart/1_1.png
hallusionbench_00020,HallusionBench,"From 2000 to 2019, Is 2010 exported the least value of bread, biscuits, wafers, cakes and pastries f",no,yes,0.719,,attribute,data/HallusionBench/hallusion_bench/VS/chart/1_1.png
hallusionbench_00023,HallusionBench,"From 2010 to 2019, Is 2015 exported the least value of bread, biscuits, wafers, cakes and pastries f",no,yes,0.738,,attribute,data/HallusionBench/hallusion_bench/VS/chart/1_1.png
hallusionbench_00032,HallusionBench,"From 2000-2050, is the population aged between 15 and 29 years in China the most in 2000?",no,yes,0.936,,attribute,data/HallusionBench/hallusion_bench/VS/chart/2_1.png
hallusionbench_00034,HallusionBench,"From 2000-2050, is the population aged between 15 and 29 years in China the most in 2030?",no,yes,0.806,,attribute,data/HallusionBench/hallusion_bench/VS/chart/2_1.png
hallusionbench_00035,HallusionBench,"From 2000-2050, is the population aged between 15 and 29 years in China the most in 2050?",no,yes,0.823,,attribute,data/HallusionBench/hallusion_bench/VS/chart/2_1.png
hallusionbench_00036,HallusionBench,"From 2000-2050, is the population aged between 15 and 29 years in China the least in 2000?",no,yes,0.743,,attribute,data/HallusionBench/hallusion_bench/VS/chart/2_1.png
hallusionbench_00037,HallusionBench,"From 2000-2050, is the population aged between 15 and 29 years in China the least in 2005?",no,yes,0.801,,attribute,data/HallusionBench/hallusion_bench/VS/chart/2_1.png
hallusionbench_00038,HallusionBench,"From 2000-2050, is the population aged between 15 and 29 years in China the least in 2030?",no,yes,0.775,,attribute,data/HallusionBench/hallusion_bench/VS/chart/2_1.png
hallusionbench_00044,HallusionBench,"According to the chart, does China have the largest population in the world, followed by India and t",no,yes,0.946,,attribute,data/HallusionBench/hallusion_bench/VS/chart/3_1.png
hallusionbench_00045,HallusionBench,"According to the chart, does India have the second largest population in the world?",no,yes,0.945,,attribute,data/HallusionBench/hallusion_bench/VS/chart/3_1.png
hallusionbench_00048,HallusionBench,"According to the chart, does China have the largest population in the world, followed by India and t",no,yes,0.952,,attribute,data/HallusionBench/hallusion_bench/VS/chart/3_2.png
hallusionbench_00056,HallusionBench,"According to the chart, is China the third largest country by land area in the world?",no,yes,0.877,,attribute,data/HallusionBench/hallusion_bench/VS/chart/4_1.png
hallusionbench_00058,HallusionBench,"According to the chart, is US the largest country by land area in the world?",no,yes,0.717,,attribute,data/HallusionBench/hallusion_bench/VS/chart/4_1.png
hallusionbench_00060,HallusionBench,"According to the chart, is China the third largest country by land area in the world?",no,yes,0.898,,attribute,data/HallusionBench/hallusion_bench/VS/chart/4_2.png
hallusionbench_00062,HallusionBench,"According to the chart, is US the largest country by land area in the world?",no,yes,0.866,,attribute,data/HallusionBench/hallusion_bench/VS/chart/4_2.png
hallusionbench_00069,HallusionBench,"According to the image, in 2019, did Black families have the highest real median household income in",no,yes,0.944,,attribute,data/HallusionBench/hallusion_bench/VS/chart/5_1.png
hallusionbench_00070,HallusionBench,"According to the image, in 2019, did Black and White households represent the only racial groups wit",no,yes,0.918,,attribute,data/HallusionBench/hallusion_bench/VS/chart/5_1.png
hallusionbench_00071,HallusionBench,"According to the image, in 2019, did Hispanic and Asian households represent the only racial groups ",no,yes,0.946,,attribute,data/HallusionBench/hallusion_bench/VS/chart/5_1.png
hallusionbench_00072,HallusionBench,"According to the image, in 2019, did Asian families have the highest real median household income in",no,yes,0.945,,attribute,data/HallusionBench/hallusion_bench/VS/chart/5_2.png
hallusionbench_00075,HallusionBench,"According to the image, in 2019, did Hispanic and Asian households represent the only racial groups ",no,yes,0.946,,attribute,data/HallusionBench/hallusion_bench/VS/chart/5_2.png
hallusionbench_00081,HallusionBench,"From 2012 to 2022, did Apple derive the majority of its revenue from Europe?",no,yes,0.752,,attribute,data/HallusionBench/hallusion_bench/VS/chart/6_1.png
hallusionbench_00082,HallusionBench,"From 2012 to 2022, did Apple derive the majority of its revenue from Greater China?",no,yes,0.852,,attribute,data/HallusionBench/hallusion_bench/VS/chart/6_1.png
hallusionbench_00083,HallusionBench,"From 2012 to 2022, did Apple derive the majority of its revenue from Japan?",no,yes,0.779,,attribute,data/HallusionBench/hallusion_bench/VS/chart/6_1.png
hallusionbench_00084,HallusionBench,"From 2012 to 2022, did Apple derive the majority of its revenue from the Americas?",no,yes,0.807,,attribute,data/HallusionBench/hallusion_bench/VS/chart/6_2.png
hallusionbench_00086,HallusionBench,"From 2012 to 2022, did Apple derive the majority of its revenue from Greater China?",no,yes,0.831,,attribute,data/HallusionBench/hallusion_bench/VS/chart/6_2.png
hallusionbench_00087,HallusionBench,"From 2012 to 2022, did Apple derive the majority of its revenue from Japan?",no,yes,0.765,,attribute,data/HallusionBench/hallusion_bench/VS/chart/6_2.png
hallusionbench_00093,HallusionBench,"In 2019, were the main policy interest rates of the Central Banks in the UK higher than those of the",no,yes,0.821,,attribute,data/HallusionBench/hallusion_bench/VS/chart/7_1.png
hallusionbench_00094,HallusionBench,"In 2019, were the main policy interest rates of the Central Banks in the Eurozone higher than those ",no,yes,0.869,,attribute,data/HallusionBench/hallusion_bench/VS/chart/7_1.png
hallusionbench_00095,HallusionBench,"In 2019, were the main policy interest rates of the Japan Central Bank higher than those of the Cent",no,yes,0.841,,attribute,data/HallusionBench/hallusion_bench/VS/chart/7_1.png
hallusionbench_00096,HallusionBench,"In 2019, were the main policy interest rates of the U.S. Central Bank higher than those of the Centr",no,yes,0.870,,attribute,data/HallusionBench/hallusion_bench/VS/chart/7_2.png
hallusionbench_00098,HallusionBench,"In 2019, were the main policy interest rates of the Central Banks in the Eurozone higher than those ",no,yes,0.894,,attribute,data/HallusionBench/hallusion_bench/VS/chart/7_2.png
hallusionbench_00099,HallusionBench,"In 2019, were the main policy interest rates of the Japan Central Bank higher than those of the Cent",no,yes,0.901,,attribute,data/HallusionBench/hallusion_bench/VS/chart/7_2.png
hallusionbench_00104,HallusionBench,"According to the image, was Cristiano Ronaldo the top goalscorer at the 2018 FIFA World Cup?",no,yes,0.890,,attribute,data/HallusionBench/hallusion_bench/VS/chart/8_1.png
hallusionbench_00105,HallusionBench,"According to the image, was Antoine Griezmann the top goalscorer at the 2018 FIFA World Cup?",no,yes,0.834,,attribute,data/HallusionBench/hallusion_bench/VS/chart/8_1.png
hallusionbench_00106,HallusionBench,"According to the image, was Harry Kane the top goalscorer at the 2018 FIFA World Cup?",no,yes,0.880,,attribute,data/HallusionBench/hallusion_bench/VS/chart/8_2.png
hallusionbench_00108,HallusionBench,"According to the image, was Antoine Griezmann the top goalscorer at the 2018 FIFA World Cup?",no,yes,0.832,,attribute,data/HallusionBench/hallusion_bench/VS/chart/8_2.png
hallusionbench_00114,HallusionBench,"In 2020, did China have the largest GDP around the world, followed by the United States, and Japan, ",no,yes,0.924,,attribute,data/HallusionBench/hallusion_bench/VS/chart/9_1.png
hallusionbench_00115,HallusionBench,"In 2020, did Japan have the largest GDP around the world, followed by the United States, and China, ",no,yes,0.889,,attribute,data/HallusionBench/hallusion_bench/VS/chart/9_1.png
hallusionbench_00116,HallusionBench,"In 2020, did India have the largest GDP around the world, followed by China and Japan, according to ",no,yes,0.917,,attribute,data/HallusionBench/hallusion_bench/VS/chart/9_1.png
hallusionbench_00117,HallusionBench,"In 2020, did the United States have the largest GDP around the world, followed by China, and Japan, ",no,yes,0.929,,attribute,data/HallusionBench/hallusion_bench/VS/chart/9_2.png
hallusionbench_00118,HallusionBench,"In 2020, did China have the largest GDP around the world, followed by the United States, and Japan, ",no,yes,0.924,,attribute,data/HallusionBench/hallusion_bench/VS/chart/9_2.png
hallusionbench_00119,HallusionBench,"In 2020, did Japan have the largest GDP around the world, followed by the United States, and China, ",no,yes,0.886,,attribute,data/HallusionBench/hallusion_bench/VS/chart/9_2.png
hallusionbench_00126,HallusionBench,"According to the image, were African Americans the largest population group in the United States in ",no,yes,0.916,,attribute,data/HallusionBench/hallusion_bench/VS/chart/10_1.png
hallusionbench_00127,HallusionBench,"According to the image, were Latinos the largest population group in the United States in 2020, with",no,yes,0.898,,attribute,data/HallusionBench/hallusion_bench/VS/chart/10_1.png
hallusionbench_00128,HallusionBench,"According to the image, were Asians the largest population group in the United States in 2020, with ",no,yes,0.891,,attribute,data/HallusionBench/hallusion_bench/VS/chart/10_1.png
hallusionbench_00129,HallusionBench,"According to the image, were white individuals the largest population group in the United States in ",no,yes,0.894,,attribute,data/HallusionBench/hallusion_bench/VS/chart/10_2.png
hallusionbench_00130,HallusionBench,"According to the image, were African Americans the largest population group in the United States in ",no,yes,0.916,,attribute,data/HallusionBench/hallusion_bench/VS/chart/10_2.png
hallusionbench_00131,HallusionBench,"According to the image, were Latinos the largest population group in the United States in 2020, with",no,yes,0.893,,attribute,data/HallusionBench/hallusion_bench/VS/chart/10_2.png
hallusionbench_00135,HallusionBench,"According to the image, between 2011 and 2020, was 2020 the year when China's exports to the United ",no,yes,0.927,,attribute,data/HallusionBench/hallusion_bench/VS/chart/11_1.png
hallusionbench_00136,HallusionBench,"According to the image, did China's exports to the United States experience a decrease from 2016 to ",no,yes,0.855,,attribute,data/HallusionBench/hallusion_bench/VS/chart/11_1.png
hallusionbench_00140,HallusionBench,"According to the image, in 2013, was the United States the largest recipient of exports from China i",no,yes,0.858,,attribute,data/HallusionBench/hallusion_bench/VS/chart/12_1.png
hallusionbench_00142,HallusionBench,"According to the image, in 2013, was Japn the largest recipient of exports from China in terms of US",no,yes,0.862,,attribute,data/HallusionBench/hallusion_bench/VS/chart/12_1.png
hallusionbench_00143,HallusionBench,"According to the image, in 2013, was the United States the largest recipient of exports from China i",no,yes,0.850,,attribute,data/HallusionBench/hallusion_bench/VS/chart/12_2.png
hallusionbench_00144,HallusionBench,"According to the image, in 2013, was Hong Kong the largest recipient of exports from China in terms ",no,yes,0.865,,attribute,data/HallusionBench/hallusion_bench/VS/chart/12_2.png
hallusionbench_00145,HallusionBench,"According to the image, in 2013, was Japn the largest recipient of exports from China in terms of US",no,yes,0.868,,attribute,data/HallusionBench/hallusion_bench/VS/chart/12_2.png
hallusionbench_00148,HallusionBench,"According to the image, between March 2020 and December 2021, did the United States experience the p",no,yes,0.888,,attribute,data/HallusionBench/hallusion_bench/VS/chart/13_1.png
hallusionbench_00149,HallusionBench,"According to the image, had the total number of coronavirus deaths in the United States reached 937,",no,yes,0.891,,attribute,data/HallusionBench/hallusion_bench/VS/chart/13_1.png
hallusionbench_00150,HallusionBench,"According to the image, between March 2020 and December 2021, did the United States experience the p",no,yes,0.885,,attribute,data/HallusionBench/hallusion_bench/VS/chart/13_2.png
hallusionbench_00156,HallusionBench,"According to the image, did the United States suffer the greatest number of total deaths in World Wa",no,yes,0.943,,attribute,data/HallusionBench/hallusion_bench/VS/chart/14_1.png
hallusionbench_00157,HallusionBench,"According to the image, did United Kingdom experience the highest percentage of total deaths relativ",no,yes,0.919,,attribute,data/HallusionBench/hallusion_bench/VS/chart/14_1.png
hallusionbench_00158,HallusionBench,"According to the image, did the Soviet Union suffer the greatest number of total deaths in World War",no,yes,0.959,,attribute,data/HallusionBench/hallusion_bench/VS/chart/14_2.png
hallusionbench_00160,HallusionBench,"According to the image, did United Kingdom experience the highest percentage of total deaths relativ",no,yes,0.911,,attribute,data/HallusionBench/hallusion_bench/VS/chart/14_2.png
hallusionbench_00170,HallusionBench,"According to the image, is the combined market share of Autel, FreeFly, Skydio, and Parrot greater t",no,yes,0.875,,attribute,data/HallusionBench/hallusion_bench/VS/chart/16_1.png
hallusionbench_00171,HallusionBench,"According to the image, does DJI hold more than 50% of the commercial drone brand market share in 20",no,yes,0.759,,attribute,data/HallusionBench/hallusion_bench/VS/chart/16_2.png
hallusionbench_00176,HallusionBench,"According to the image, is Mark Zuckerberg'swealth greater than Larry Ellison's on 13th March 2020?",no,yes,0.719,,attribute,data/HallusionBench/hallusion_bench/VS/chart/17_1.png
hallusionbench_00177,HallusionBench,"According to the image, was Elon Musk richer than Mark Zuckerberg on March 13th, 2020?",no,yes,0.756,,attribute,data/HallusionBench/hallusion_bench/VS/chart/17_1.png
hallusionbench_00179,HallusionBench,"According to the image, is Mark Zuckerberg'swealth greater than Larry Ellison's on 13th March 2020?",no,yes,0.726,,attribute,data/HallusionBench/hallusion_bench/VS/chart/17_2.png
hallusionbench_00180,HallusionBench,"According to the image, was Elon Musk richer than Mark Zuckerberg on March 13th, 2020?",no,yes,0.750,,attribute,data/HallusionBench/hallusion_bench/VS/chart/17_2.png
hallusionbench_00181,HallusionBench,"According to the image, was Elon Musk richer than Mark Zuckerberg, on January 10th, 2021?",no,yes,0.746,,attribute,data/HallusionBench/hallusion_bench/VS/chart/17_2.png
hallusionbench_00186,HallusionBench,"According to the image, in 2017, was Tencent the company with the highest revenue from video games, ",no,yes,0.970,,attribute,data/HallusionBench/hallusion_bench/VS/chart/18_2.png
hallusionbench_00187,HallusionBench,"According to the image, in 2017, did Apple generate higher revenue from video games compared to Goog",no,yes,0.768,,attribute,data/HallusionBench/hallusion_bench/VS/chart/18_2.png
hallusionbench_00191,HallusionBench,"According to the image, during the coronavirus pandemic from 2019 to 2022, were the most bankruptcy ",no,yes,0.932,,attribute,data/HallusionBench/hallusion_bench/VS/chart/19_1.png
hallusionbench_00192,HallusionBench,"According to the image, during the coronavirus pandemic from 2019 to 2022, were the most bankruptcy ",no,yes,0.935,,attribute,data/HallusionBench/hallusion_bench/VS/chart/19_2.png
hallusionbench_00196,HallusionBench,"According to the image, in 2020, did China have a larger population aged between 90 and 94 years tha",no,yes,0.825,,attribute,data/HallusionBench/hallusion_bench/VS/chart/20_1.png
hallusionbench_00198,HallusionBench,"According to the image, in 2020, did China have a larger population aged between 90 and 94 years tha",no,yes,0.822,,attribute,data/HallusionBench/hallusion_bench/VS/chart/20_2.png
hallusionbench_00203,HallusionBench,"According to the image, in 2018, did ""Avengers: Infinity War"" achieve the highest box office revenue",no,yes,0.984,,attribute,data/HallusionBench/hallusion_bench/VS/chart/21_1.png
hallusionbench_00204,HallusionBench,"According to the image, in 2018, did ""Black Panther"" achieve the highest box office revenue in North",no,yes,0.990,,attribute,data/HallusionBench/hallusion_bench/VS/chart/21_2.png
hallusionbench_00210,HallusionBench,"According to the metal number chart of 2008 beijng olympic, does USA have the most gold metals, foll",no,yes,0.902,,attribute,data/HallusionBench/hallusion_bench/VS/table/0_1.png
hallusionbench_00211,HallusionBench,"According to the metal number chart of 2008 beijng olympic, does Russia have the most gold metals, f",no,yes,0.885,,attribute,data/HallusionBench/hallusion_bench/VS/table/0_1.png
hallusionbench_00212,HallusionBench,"According to the metal number chart of 2008 beijng olympic, does China have the most gold metals, fo",no,yes,0.944,,attribute,data/HallusionBench/hallusion_bench/VS/table/0_2.png
hallusionbench_00214,HallusionBench,"According to the metal number chart of 2008 beijng olympic, does Russia have the most gold metals, f",no,yes,0.874,,attribute,data/HallusionBench/hallusion_bench/VS/table/0_2.png
hallusionbench_00222,HallusionBench,"According to the table, In 2023, did Syria have higher population growth than South Sudan?",no,yes,0.854,,attribute,data/HallusionBench/hallusion_bench/VS/table/1_2.png
hallusionbench_00231,HallusionBench,"According to the table, in 2021, did Germany have the highest GDP?",no,yes,0.827,,attribute,data/HallusionBench/hallusion_bench/VS/table/2_2.png
hallusionbench_00232,HallusionBench,"According to the table, in 2021, did Germany have the highest GDP, followed by France and Italy?",no,yes,0.901,,attribute,data/HallusionBench/hallusion_bench/VS/table/2_2.png
hallusionbench_00234,HallusionBench,"According to the table, in 2021, did Germany have the highest GDP?",no,yes,0.782,,attribute,data/HallusionBench/hallusion_bench/VS/table/2_3.png
hallusionbench_00235,HallusionBench,"According to the table, in 2021, did Germany have the highest GDP, followed by France and Italy?",no,yes,0.851,,attribute,data/HallusionBench/hallusion_bench/VS/table/2_3.png
hallusionbench_00239,HallusionBench,"According to the table, did Xiaomi sell most units of the smartphone in Q2 2020?",no,yes,0.873,,attribute,data/HallusionBench/hallusion_bench/VS/table/3_1.png
hallusionbench_00240,HallusionBench,"According to the table, did Samsung sell most units of the smartphone in Q2 2020?",no,yes,0.835,,attribute,data/HallusionBench/hallusion_bench/VS/table/3_1.png
hallusionbench_00241,HallusionBench,"According to the table, did Xiaomi have the largest smartphone market share in Q2 2020, followed by ",no,yes,0.885,,attribute,data/HallusionBench/hallusion_bench/VS/table/3_1.png
hallusionbench_00242,HallusionBench,"According to the table, did Xiaomi sell most units of the smartphone in Q2 2020?",no,yes,0.894,,attribute,data/HallusionBench/hallusion_bench/VS/table/3_2.png
hallusionbench_00243,HallusionBench,"According to the table, did Samsung sell most units of the smartphone in Q2 2020?",no,yes,0.911,,attribute,data/HallusionBench/hallusion_bench/VS/table/3_2.png
hallusionbench_00244,HallusionBench,"According to the table, did Xiaomi have the largest smartphone market share in Q2 2020, followed by ",no,yes,0.921,,attribute,data/HallusionBench/hallusion_bench/VS/table/3_2.png
hallusionbench_00251,HallusionBench,"According to the table, Which state in the United States has the average maximum temperature in 2021",no,yes,0.902,,attribute,data/HallusionBench/hallusion_bench/VS/table/4_2.png
hallusionbench_00252,HallusionBench,"According to the table, did Florida have the highest average maximum temperature ?",no,yes,0.847,,attribute,data/HallusionBench/hallusion_bench/VS/table/4_2.png
hallusionbench_00253,HallusionBench,"According to the table, did Florida have a higher average maximum temperature than Louisana?",no,yes,0.896,,attribute,data/HallusionBench/hallusion_bench/VS/table/4_2.png
hallusionbench_00255,HallusionBench,"According to the table, did Florida have the highest average maximum temperature ?",no,yes,0.918,,attribute,data/HallusionBench/hallusion_bench/VS/table/4_3.png
hallusionbench_00256,HallusionBench,"According to the table, did Florida have a higher average maximum temperature than South Carolina?",no,yes,0.909,,attribute,data/HallusionBench/hallusion_bench/VS/table/4_3.png
hallusionbench_00264,HallusionBench,"According to the table, Did January 2023 have a lower income percentage change than August 2023?",no,yes,0.770,,attribute,data/HallusionBench/hallusion_bench/VS/table/5_1.png
hallusionbench_00268,HallusionBench,"According to the table, Did January 2023 have a lower income percentage change than August 2023?",no,yes,0.763,,attribute,data/HallusionBench/hallusion_bench/VS/table/5_2.png
hallusionbench_00269,HallusionBench,"According to the image, which month has the lowest percentage change in personal income in the Unite",no,yes,0.888,,attribute,data/HallusionBench/hallusion_bench/VS/table/5_3.png
hallusionbench_00270,HallusionBench,"According to the image, which month has the highest percentage change in personal income in the Unit",no,yes,0.890,,attribute,data/HallusionBench/hallusion_bench/VS/table/5_3.png
hallusionbench_00271,HallusionBench,"According to the table, Did January 2023 have a higher income percentage change than August 2023?",no,yes,0.741,,attribute,data/HallusionBench/hallusion_bench/VS/table/5_3.png
hallusionbench_00272,HallusionBench,"According to the table, Did January 2023 have a lower income percentage change than August 2023?",no,yes,0.737,,attribute,data/HallusionBench/hallusion_bench/VS/table/5_3.png
hallusionbench_00279,HallusionBench,"According to the table, does Shandong have the most dense population in China in 2020?",no,yes,0.833,,attribute,data/HallusionBench/hallusion_bench/VS/table/6_1.png
hallusionbench_00280,HallusionBench,"According to the table, does Zhejiang have the second most dense population in China in 2020?",no,yes,0.861,,attribute,data/HallusionBench/hallusion_bench/VS/table/6_1.png
hallusionbench_00281,HallusionBench,"According to the table, does Shanghai have the most dense population in China in 2020?",no,yes,0.943,,attribute,data/HallusionBench/hallusion_bench/VS/table/6_2.png
hallusionbench_00282,HallusionBench,"According to the table, does Beijing have the second most dense population in China in 2020?",no,yes,0.791,,attribute,data/HallusionBench/hallusion_bench/VS/table/6_2.png
hallusionbench_00285,HallusionBench,"According to the table, does Shanghai have the most dense population in China in 2020?",no,yes,0.928,,attribute,data/HallusionBench/hallusion_bench/VS/table/6_3.png
hallusionbench_00286,HallusionBench,"According to the table, does Beijing have the second most dense population in China in 2020?",no,yes,0.849,,attribute,data/HallusionBench/hallusion_bench/VS/table/6_3.png
hallusionbench_00296,HallusionBench,"According to the table, is the number of gold medals of Norway 9 in winter Olympics in 2022?",no,yes,0.877,,attribute,data/HallusionBench/hallusion_bench/VS/table/7_1.png
hallusionbench_00298,HallusionBench,"According to the table, is the number of gold medals of Germany 8 in winter Olympics in 2022?",no,yes,0.799,,attribute,data/HallusionBench/hallusion_bench/VS/table/7_1.png
hallusionbench_00300,HallusionBench,"According to the table, is the number of all medals of China 37 in winter Olympics in 2022?",no,yes,0.901,,attribute,data/HallusionBench/hallusion_bench/VS/table/7_1.png
hallusionbench_00302,HallusionBench,"According to the table, is the number of gold medals of Norway 9 in winter Olympics in 2022?",no,yes,0.862,,attribute,data/HallusionBench/hallusion_bench/VS/table/7_2.png
hallusionbench_00306,HallusionBench,"According to the table, is the number of all medals of China 37 in winter Olympics in 2022?",no,yes,0.932,,attribute,data/HallusionBench/hallusion_bench/VS/table/7_2.png
hallusionbench_00307,HallusionBench,"According to the table, is the number of gold medals of Norway 16 in winter Olympics in 2022?",no,yes,0.835,,attribute,data/HallusionBench/hallusion_bench/VS/table/7_3.png
hallusionbench_00310,HallusionBench,"According to the table, is the number of gold medals of Germany 8 in winter Olympics in 2022?",no,yes,0.806,,attribute,data/HallusionBench/hallusion_bench/VS/table/7_3.png
hallusionbench_00311,HallusionBench,"According to the table, is the number of all medals of China 15 in winter Olympics in 2022?",no,yes,0.918,,attribute,data/HallusionBench/hallusion_bench/VS/table/7_3.png
hallusionbench_00322,HallusionBench,"Accroding to the information provided in the table, does the album ""Midnights"" have a sale of 422,00",no,yes,0.868,,attribute,data/HallusionBench/hallusion_bench/VS/table/8_1.png
hallusionbench_00324,HallusionBench,"Accroding to the information provided in the table, does the album ""Proof"" have a sale of 1,818,000 ",no,yes,0.862,,attribute,data/HallusionBench/hallusion_bench/VS/table/8_1.png
hallusionbench_00325,HallusionBench,"Accroding to the information provided in the table, does Taylor Swift release the album ""Midnights""?",no,yes,0.846,,attribute,data/HallusionBench/hallusion_bench/VS/table/8_2.png
hallusionbench_00326,HallusionBench,"Accroding to the information provided in the table, does Taylor Swift release the album ""Harry's Hou",yes,no,0.776,,attribute,data/HallusionBench/hallusion_bench/VS/table/8_2.png
hallusionbench_00328,HallusionBench,"Accroding to the information provided in the table, does the album ""Midnights"" have a sale of 422,00",no,yes,0.892,,attribute,data/HallusionBench/hallusion_bench/VS/table/8_2.png
hallusionbench_00330,HallusionBench,"Accroding to the information provided in the table, does the album ""Proof"" have a sale of 1,818,000 ",no,yes,0.851,,attribute,data/HallusionBench/hallusion_bench/VS/table/8_2.png
hallusionbench_00333,HallusionBench,"Accroding to the information provided in the table, does the album ""Midnights"" have a sale of 1,818,",no,yes,0.866,,attribute,data/HallusionBench/hallusion_bench/VS/table/8_3.png
hallusionbench_00335,HallusionBench,"Accroding to the information provided in the table, does the album ""Proof"" have a sale of 422,000 in",no,yes,0.886,,attribute,data/HallusionBench/hallusion_bench/VS/table/8_3.png
hallusionbench_00342,HallusionBench,"According to the table, does the Carlsberg India have the highest portion of the market share for be",no,yes,0.726,,attribute,data/HallusionBench/hallusion_bench/VS/table/9_1.png
hallusionbench_00344,HallusionBench,"According to the table, does the UB Group have the second highest portion of the market share for be",no,yes,0.897,,attribute,data/HallusionBench/hallusion_bench/VS/table/9_1.png
hallusionbench_00345,HallusionBench,"According to the table, does the UB group have the highest portion of the market share for beer acro",no,yes,0.896,,attribute,data/HallusionBench/hallusion_bench/VS/table/9_2.png
hallusionbench_00347,HallusionBench,"According to the table, does the SABMiller India have the second highest portion of the market share",no,yes,0.916,,attribute,data/HallusionBench/hallusion_bench/VS/table/9_2.png
hallusionbench_00354,HallusionBench,"According to this table, does US have the highest carbon dioxide emissions worldwide in 2010?",no,yes,0.812,,attribute,data/HallusionBench/hallusion_bench/VS/table/10_1.png
hallusionbench_00355,HallusionBench,"According to this table, does Russia have the second highest carbon dioxide emissions worldwide in 2",no,yes,0.917,,attribute,data/HallusionBench/hallusion_bench/VS/table/10_1.png
hallusionbench_00357,HallusionBench,"According to this table, does China have the highest carbon dioxide emissions worldwide in 2010?",no,yes,0.955,,attribute,data/HallusionBench/hallusion_bench/VS/table/10_2.png
hallusionbench_00370,HallusionBench,"According to the map provided, is Texas state larger than California state?",no,yes,0.826,,attribute,data/HallusionBench/hallusion_bench/VS/map/0_2.png
hallusionbench_00372,HallusionBench,"According to the map provided, is Montana state larger than New Mexico state?",no,yes,0.794,,attribute,data/HallusionBench/hallusion_bench/VS/map/0_2.png
hallusionbench_00378,HallusionBench,"According to the map provided, among Arizona, Oklahoma, North Carolina, and Delaware on the map, is ",no,yes,0.804,,attribute,data/HallusionBench/hallusion_bench/VS/map/1_1.png
hallusionbench_00379,HallusionBench,"According to the map provided, among Arizona, Oklahoma, North Carolina, and Delaware on the map, is ",no,yes,0.841,,attribute,data/HallusionBench/hallusion_bench/VS/map/1_1.png
hallusionbench_00380,HallusionBench,"According to the map provided, among Arizona, Oklahoma, North Carolina, and Delaware on the map, is ",no,yes,0.867,,attribute,data/HallusionBench/hallusion_bench/VS/map/1_1.png
hallusionbench_00381,HallusionBench,"According to the map provided, among Arizona, Oklahoma, North Carolina, and Delaware on the map, is ",no,yes,0.826,,attribute,data/HallusionBench/hallusion_bench/VS/map/1_2.png
hallusionbench_00383,HallusionBench,"According to the map provided, among Arizona, Oklahoma, North Carolina, and Delaware on the map, is ",no,yes,0.848,,attribute,data/HallusionBench/hallusion_bench/VS/map/1_2.png
hallusionbench_00384,HallusionBench,"According to the map provided, among Arizona, Oklahoma, North Carolina, and Delaware on the map, is ",no,yes,0.863,,attribute,data/HallusionBench/hallusion_bench/VS/map/1_2.png
hallusionbench_00388,HallusionBench,"According to the map, does the prime meridian intersect the Pacific Ocean, Southern Ocean, and Arcti",no,yes,0.906,,attribute,data/HallusionBench/hallusion_bench/VS/map/2_1.png
hallusionbench_00389,HallusionBench,"According to the map, does the prime meridian intersect the Atlantic Ocean, Southern Ocean, and Arct",no,yes,0.871,,attribute,data/HallusionBench/hallusion_bench/VS/map/2_2.png
hallusionbench_00393,HallusionBench,"Based on the map, did the Democratic Party win Texas in the 2020 elections?",no,yes,0.792,,attribute,data/HallusionBench/hallusion_bench/VS/map/3_1.png
hallusionbench_00396,HallusionBench,"Based on the map, did the Republic Party win Texas in the 2020 elections?",no,yes,0.912,,attribute,data/HallusionBench/hallusion_bench/VS/map/3_2.png
hallusionbench_00405,HallusionBench,"Based on the map, are the Rocky Mountains located in North America?",no,yes,0.894,,attribute,data/HallusionBench/hallusion_bench/VS/map/4_2.png
hallusionbench_00406,HallusionBench,"Based on the map, are the Rocky Mountains located in Asia?",yes,no,0.872,,attribute,data/HallusionBench/hallusion_bench/VS/map/4_2.png
hallusionbench_00407,HallusionBench,"Based on the map, are the Himalayas Mountains located in North America?",yes,no,0.827,,attribute,data/HallusionBench/hallusion_bench/VS/map/4_2.png
hallusionbench_00408,HallusionBench,"Based on the map, are the Himalayas Mountains located in Asia?",no,yes,0.954,,attribute,data/HallusionBench/hallusion_bench/VS/map/4_2.png
hallusionbench_00414,HallusionBench,"According to the image, is Michigan the only U.S. state that shares a border with Lake Ontario?",no,yes,0.719,,attribute,data/HallusionBench/hallusion_bench/VS/map/5_1.png
hallusionbench_00416,HallusionBench,"According to the image, is New York the only U.S. state that shares a border with Lake Ontario?",yes,no,0.724,,attribute,data/HallusionBench/hallusion_bench/VS/map/5_1.png
hallusionbench_00417,HallusionBench,"According to the image, is Michigan the only U.S. state that shares a border with Lake Huron?",no,yes,0.756,,attribute,data/HallusionBench/hallusion_bench/VS/map/5_2.png
hallusionbench_00425,HallusionBench,"According to the map, can I take the Red Line towards the Pentagon on the DC Metro system?",no,yes,0.965,,attribute,data/HallusionBench/hallusion_bench/VS/map/6_1.png
hallusionbench_00427,HallusionBench,"According to the map, can I take the Blue Line towards the Pentagon on the DC Metro system?",no,yes,0.964,,attribute,data/HallusionBench/hallusion_bench/VS/map/6_2.png
hallusionbench_00433,HallusionBench,"According to the image, is Miami the southernmost point of Florida?",no,yes,0.914,,attribute,data/HallusionBench/hallusion_bench/VS/map/7_1.png
hallusionbench_00434,HallusionBench,"According to the image, is Key West the southernmost point of Florida?",no,yes,0.952,,attribute,data/HallusionBench/hallusion_bench/VS/map/7_2.png
hallusionbench_00440,HallusionBench,"Based on the map, is Calvert County located to the east of Cecil County?",no,yes,0.838,,attribute,data/HallusionBench/hallusion_bench/VS/map/8_1.png
hallusionbench_00441,HallusionBench,"Based on the map, is Kent County located to the north of Cecil County?",no,yes,0.812,,attribute,data/HallusionBench/hallusion_bench/VS/map/8_1.png
hallusionbench_00442,HallusionBench,"Based on the map, is Charles County located to the south of Prince George's County?",no,yes,0.814,,attribute,data/HallusionBench/hallusion_bench/VS/map/8_2.png
hallusionbench_00443,HallusionBench,"Based on the map, is Calvert County located to the east of Cecil County?",no,yes,0.809,,attribute,data/HallusionBench/hallusion_bench/VS/map/8_2.png
hallusionbench_00448,HallusionBench,"According to the image, does Chile cover part of the Amazon Basin?",no,yes,0.847,,attribute,data/HallusionBench/hallusion_bench/VS/map/9_1.png
hallusionbench_00449,HallusionBench,"According to the image, does Bolivia cover part of the Amazon Basin?",no,yes,0.891,,attribute,data/HallusionBench/hallusion_bench/VS/map/9_2.png
hallusionbench_00450,HallusionBench,"According to the image, does Chile cover part of the Amazon Basin?",no,yes,0.861,,attribute,data/HallusionBench/hallusion_bench/VS/map/9_2.png
hallusionbench_00453,HallusionBench,"According to the image, does the Oyashio Current flow from the south to the north, while the Kuroshi",no,yes,0.935,,attribute,data/HallusionBench/hallusion_bench/VS/map/10_1.png
hallusionbench_00454,HallusionBench,"According to the image, does the Kuroshio Current flow through Russia?",no,yes,0.727,,attribute,data/HallusionBench/hallusion_bench/VS/map/10_1.png
hallusionbench_00460,HallusionBench,"According to the image, does π(pi) range from 3.1615926 to 3.1615927?",no,yes,0.812,,attribute,data/HallusionBench/hallusion_bench/VS/ocr/0_1.png
hallusionbench_00461,HallusionBench,"According to the image, does π(pi) range from 3.1415926 to 3.1415927?",no,yes,0.804,,attribute,data/HallusionBench/hallusion_bench/VS/ocr/0_2.png
hallusionbench_00465,HallusionBench,Is the formula in the image representative of the mass-energy equivalence concept in Einstein's theo,no,yes,0.953,,attribute,data/HallusionBench/hallusion_bench/VS/ocr/1_2.png
hallusionbench_00470,HallusionBench,"According to the image which is about the Euler's Number, does the Euler's Number 'e' range from 2.7",no,yes,0.803,,attribute,data/HallusionBench/hallusion_bench/VS/ocr/2_1.png
hallusionbench_00471,HallusionBench,"According to the image, does the Euler's Number 'e' range from 2.72 to 2.73?",no,yes,0.751,,attribute,data/HallusionBench/hallusion_bench/VS/ocr/2_1.png
hallusionbench_00472,HallusionBench,"According to the image, does the Euler's Number 'e' range from 2.71 to 2.72?",no,yes,0.782,,attribute,data/HallusionBench/hallusion_bench/VS/ocr/2_2.png
hallusionbench_00474,HallusionBench,"According to the image, does the Euler's Number 'e' range from 2.72 to 2.73?",no,yes,0.751,,attribute,data/HallusionBench/hallusion_bench/VS/ocr/2_2.png
hallusionbench_00478,HallusionBench,"According to the image, does the value of the square root of 2 range from 1.40 to 1.41?",no,yes,0.815,,attribute,data/HallusionBench/hallusion_bench/VS/ocr/3_1.png
hallusionbench_00480,HallusionBench,"According to the image, does the value of the square root of 2 range from 1.42 to 1.43?",no,yes,0.802,,attribute,data/HallusionBench/hallusion_bench/VS/ocr/3_1.png
hallusionbench_00481,HallusionBench,"According to the image, does the value of the square root of 2 range from 1.40 to 1.41?",no,yes,0.811,,attribute,data/HallusionBench/hallusion_bench/VS/ocr/3_2.png
hallusionbench_00482,HallusionBench,"According to the image, does the value of the square root of 2 range from 1.41 to 1.42?",no,yes,0.819,,attribute,data/HallusionBench/hallusion_bench/VS/ocr/3_2.png
hallusionbench_00488,HallusionBench,Is the formula in this image representative of the Gravity equation?,no,yes,0.808,,attribute,data/HallusionBench/hallusion_bench/VS/ocr/4_2.png
hallusionbench_00493,HallusionBench,Is the formula e^ix = cos x + i x representative of the equation in this figure?,no,yes,0.879,,attribute,data/HallusionBench/hallusion_bench/VS/ocr/5_1.png
hallusionbench_00494,HallusionBench,Is the formula in this image representative of the Euler equation?,no,yes,0.848,,attribute,data/HallusionBench/hallusion_bench/VS/ocr/5_2.png
hallusionbench_00499,HallusionBench,"According to the image, does the value of Gravity constant 'G' range from 6.68 * 10^-11 to 6.70 * 10",no,yes,0.872,,attribute,data/HallusionBench/hallusion_bench/VS/ocr/6_1.png
hallusionbench_00500,HallusionBench,"According to the image, does the value of Gravity constant 'G' range from 6.66 * 10^-11 to 6.68 * 10",no,yes,0.842,,attribute,data/HallusionBench/hallusion_bench/VS/ocr/6_2.png
hallusionbench_00506,HallusionBench,"According to the image, is the text in this figure the four freedoms proposed by Franklin D. Rooseve",no,yes,0.894,,attribute,data/HallusionBench/hallusion_bench/VS/ocr/7_2.png
hallusionbench_00507,HallusionBench,"According to the image, is the freedom from fear among the four freedoms proposed in this image?",no,yes,0.782,,attribute,data/HallusionBench/hallusion_bench/VS/ocr/7_2.png
hallusionbench_00511,HallusionBench,Is the text in this figure made by John F. Kennedy?,yes,no,0.707,,attribute,data/HallusionBench/hallusion_bench/VS/ocr/8_1.png
hallusionbench_00512,HallusionBench,Is the text in this figure made at West Berlin?,no,yes,0.767,,attribute,data/HallusionBench/hallusion_bench/VS/ocr/8_2.png
hallusionbench_00518,HallusionBench,Is the text in this figure made by Abraham Lincoln?,no,yes,0.817,,attribute,data/HallusionBench/hallusion_bench/VS/ocr/9_2.png
hallusionbench_00519,HallusionBench,Is the text in this figure made at Gettysburg?,no,yes,0.794,,attribute,data/HallusionBench/hallusion_bench/VS/ocr/9_2.png
hallusionbench_00522,HallusionBench,Is the text in this figure made by Ronald Reagan?,yes,no,0.822,,attribute,data/HallusionBench/hallusion_bench/VS/ocr/10_1.png
hallusionbench_00525,HallusionBench,Is the text in this figure trying to talk to Gorbachev?,no,yes,0.907,,attribute,data/HallusionBench/hallusion_bench/VS/ocr/10_2.png
hallusionbench_00530,HallusionBench,Is the text in this figure made by John F. Kennedy?,no,yes,0.753,,attribute,data/HallusionBench/hallusion_bench/VS/ocr/11_2.png
hallusionbench_00536,HallusionBench,Is the text in this figure made by Winston Churchill?,no,yes,0.822,,attribute,data/HallusionBench/hallusion_bench/VS/ocr/12_2.png
hallusionbench_00537,HallusionBench,Is the text in this figure made in the U.K.?,no,yes,0.733,,attribute,data/HallusionBench/hallusion_bench/VS/ocr/12_2.png
hallusionbench_00538,HallusionBench,Is the right orange circle the same size as the left orange circle?,yes,no,0.796,,object_hallucination,data/HallusionBench/hallusion_bench/VD/illusion/0_0.png
hallusionbench_00539,HallusionBench,Is the right orange circle larger than the left orange circle?,no,yes,0.738,,object_hallucination,data/HallusionBench/hallusion_bench/VD/illusion/0_0.png
hallusionbench_00540,HallusionBench,Is the right orange circle smaller than the left orange circle?,no,yes,0.868,,object_hallucination,data/HallusionBench/hallusion_bench/VD/illusion/0_0.png
hallusionbench_00543,HallusionBench,Is the right orange circle smaller than the left orange circle?,no,yes,0.728,,object_hallucination,data/HallusionBench/hallusion_bench/VD/illusion/0_1.png
hallusionbench_00545,HallusionBench,Is the right grey box smaller than the left grey box?,no,yes,0.802,,object_hallucination,data/HallusionBench/hallusion_bench/VD/illusion/1_0.png
hallusionbench_00546,HallusionBench,Is the right grey box the same size as the left grey box?,yes,no,0.757,,object_hallucination,data/HallusionBench/hallusion_bench/VD/illusion/1_0.png
hallusionbench_00549,HallusionBench,Is the right grey box the same size as the left grey box?,no,yes,0.728,,object_hallucination,data/HallusionBench/hallusion_bench/VD/illusion/1_1.png
hallusionbench_00555,HallusionBench,Is the top line the same size as the bottom line?,no,yes,0.890,,object_hallucination,data/HallusionBench/hallusion_bench/VD/illusion/2_1.png
hallusionbench_00557,HallusionBench,Is the top yellow line longer than the bottom yellow line?,no,yes,0.795,,object_hallucination,data/HallusionBench/hallusion_bench/VD/illusion/3_0.png
hallusionbench_00558,HallusionBench,Is the top yellow line shorter than the bottom yellow line?,no,yes,0.747,,object_hallucination,data/HallusionBench/hallusion_bench/VD/illusion/3_0.png
hallusionbench_00560,HallusionBench,Is the top yellow line longer than the bottom yellow line?,no,yes,0.795,,object_hallucination,data/HallusionBench/hallusion_bench/VD/illusion/3_1.png
hallusionbench_00563,HallusionBench,Are there any grey points actually in the intersection of the white lines?,yes,no,0.752,,object_hallucination,data/HallusionBench/hallusion_bench/VD/illusion/4_1.png
hallusionbench_00565,HallusionBench,The image shows the famous Chubb illusion. Is the center area on the left larger than the center are,no,yes,0.751,,object_hallucination,data/HallusionBench/hallusion_bench/VD/illusion/5_0.png
hallusionbench_00566,HallusionBench,The image shows the famous Chubb illusion. Is the center area on the left smaller than the center ar,no,yes,0.830,,object_hallucination,data/HallusionBench/hallusion_bench/VD/illusion/5_0.png
hallusionbench_00567,HallusionBench,The image shows the famous Chubb illusion. Are the center areas of two rectangular fields identical?,no,yes,0.798,,object_hallucination,data/HallusionBench/hallusion_bench/VD/illusion/5_1.png
hallusionbench_00569,HallusionBench,The image shows the famous Chubb illusion. Is the center area on the left smaller than the center ar,no,yes,0.812,,object_hallucination,data/HallusionBench/hallusion_bench/VD/illusion/5_1.png
hallusionbench_00571,HallusionBench,Is the vertical line in the middle actually curved?,yes,no,0.742,,object_hallucination,data/HallusionBench/hallusion_bench/VD/illusion/6_1.png
hallusionbench_00573,HallusionBench,"According to the Torsion dystonia illusion, are the diameters of the three circles different?",no,yes,0.862,,object_hallucination,data/HallusionBench/hallusion_bench/VD/illusion/7_0.png
hallusionbench_00574,HallusionBench,"According to the Torsion dystonia illusion, are the diameters of the three circles the same?",no,yes,0.734,,object_hallucination,data/HallusionBench/hallusion_bench/VD/illusion/7_1.png
hallusionbench_00579,HallusionBench,Is the vertical line the same length as the horizontal line?,no,yes,0.708,,object_hallucination,data/HallusionBench/hallusion_bench/VD/illusion/8_1.png
hallusionbench_00580,HallusionBench,Is the vertical line longer than the horizontal line?,no,yes,0.720,,object_hallucination,data/HallusionBench/hallusion_bench/VD/illusion/8_1.png
hallusionbench_00581,HallusionBench,Is the vertical line shorter than the horizontal line?,yes,no,0.769,,object_hallucination,data/HallusionBench/hallusion_bench/VD/illusion/8_1.png
hallusionbench_00584,HallusionBench,Are the two red vertical lines both straight?,no,yes,0.836,,object_hallucination,data/HallusionBench/hallusion_bench/VD/illusion/9_1.png
hallusionbench_00585,HallusionBench,Are the two red vertical lines parallel with each other?,no,yes,0.867,,object_hallucination,data/HallusionBench/hallusion_bench/VD/illusion/9_1.png
hallusionbench_00587,HallusionBench,"For the given image, are the colors on tiles A and B the different?",no,yes,0.803,,object_hallucination,data/HallusionBench/hallusion_bench/VD/illusion/10_0.png
hallusionbench_00590,HallusionBench,Is the black solid circle on the left the same size as the black solid circle on the right?,yes,no,0.712,,object_hallucination,data/HallusionBench/hallusion_bench/VD/illusion/11_0.png
hallusionbench_00591,HallusionBench,Is the black solid circle on the left smaller than the black solid circle on the right?,no,yes,0.807,,object_hallucination,data/HallusionBench/hallusion_bench/VD/illusion/11_0.png
hallusionbench_00597,HallusionBench,Whether there is a triangle perceived in the image? Yes or No,no,yes,0.853,,object_hallucination,data/HallusionBench/hallusion_bench/VD/illusion/12_1.png
hallusionbench_00599,HallusionBench,Whether lines of blocks are parallel? Yes or No,no,yes,0.888,,object_hallucination,data/HallusionBench/hallusion_bench/VD/illusion/13_1.png
hallusionbench_00600,HallusionBench,Whether the red shape in the image is a square? Yes or No,yes,no,0.847,,object_hallucination,data/HallusionBench/hallusion_bench/VD/illusion/14_0.png
hallusionbench_00601,HallusionBench,This image shows the orbison illusion. Whether the red shape in the image is a square? Yes or No,yes,no,0.785,,object_hallucination,data/HallusionBench/hallusion_bench/VD/illusion/14_0.png
hallusionbench_00602,HallusionBench,Whether the red shape in the image is a rhombus? Yes or No,no,yes,0.715,,object_hallucination,data/HallusionBench/hallusion_bench/VD/illusion/14_0.png
hallusionbench_00606,HallusionBench,Whether the red shape in the image is a rhombus? Yes or No,yes,no,0.706,,object_hallucination,data/HallusionBench/hallusion_bench/VD/illusion/14_1.png
hallusionbench_00607,HallusionBench,This image shows the orbison illusion. Whether the red shape in the image is a rhombus? Yes or No,yes,no,0.692,,object_hallucination,data/HallusionBench/hallusion_bench/VD/illusion/14_1.png
hallusionbench_00608,HallusionBench,Are two triangles in the image the same color? Yes or No,yes,no,0.752,,object_hallucination,data/HallusionBench/hallusion_bench/VD/illusion/15_0.png
hallusionbench_00609,HallusionBench,Are two triangles in the image different color? Yes or No,no,yes,0.892,,object_hallucination,data/HallusionBench/hallusion_bench/VD/illusion/15_0.png
hallusionbench_00612,HallusionBench,Are two squares in the image the same color? Yes or No,yes,no,0.731,,object_hallucination,data/HallusionBench/hallusion_bench/VD/illusion/16_0.png
hallusionbench_00615,HallusionBench,Are two squares in the image different color? Yes or No,yes,no,0.800,,object_hallucination,data/HallusionBench/hallusion_bench/VD/illusion/16_1.png
hallusionbench_00616,HallusionBench,Are these two men in the images the same height? Yes or No,yes,no,0.761,,object_hallucination,data/HallusionBench/hallusion_bench/VD/illusion/17_0.png
hallusionbench_00617,HallusionBench,Are these two men in the images different height? Yes or No,no,yes,0.856,,object_hallucination,data/HallusionBench/hallusion_bench/VD/illusion/17_0.png
hallusionbench_00620,HallusionBench,Are these two men in the images the same height? Yes or No,yes,no,0.725,,object_hallucination,data/HallusionBench/hallusion_bench/VD/illusion/18_0.png
hallusionbench_00621,HallusionBench,Are these two men in the images different height? Yes or No,no,yes,0.845,,object_hallucination,data/HallusionBench/hallusion_bench/VD/illusion/18_0.png
hallusionbench_00626,HallusionBench,Are two circles in the image different color? yes or no,no,yes,0.859,,object_hallucination,data/HallusionBench/hallusion_bench/VD/illusion/19_0.png
hallusionbench_00627,HallusionBench,The image shows a color illusion. Are two circles in the image different color? yes or no,no,yes,0.808,,object_hallucination,data/HallusionBench/hallusion_bench/VD/illusion/19_0.png
hallusionbench_00633,HallusionBench,Are blue lines in the image parallel? Yes or No,no,yes,0.919,,object_hallucination,data/HallusionBench/hallusion_bench/VD/illusion/20_1.png
hallusionbench_00634,HallusionBench,Are two circles in the image the same color? Yes or No,yes,no,0.737,,object_hallucination,data/HallusionBench/hallusion_bench/VD/illusion/21_0.png
hallusionbench_00635,HallusionBench,The image shows a color illusion. Are two circles in the image the same color? Yes or No,yes,no,0.723,,object_hallucination,data/HallusionBench/hallusion_bench/VD/illusion/21_0.png
hallusionbench_00636,HallusionBench,Are two circles in the image different color? Yes or No,no,yes,0.920,,object_hallucination,data/HallusionBench/hallusion_bench/VD/illusion/21_0.png
hallusionbench_00637,HallusionBench,The image shows a color illusion. Are two circles in the image different color? Yes or No,no,yes,0.830,,object_hallucination,data/HallusionBench/hallusion_bench/VD/illusion/21_0.png
hallusionbench_00642,HallusionBench,Does the black line align with the blue line? Yes or No,no,yes,0.748,,object_hallucination,data/HallusionBench/hallusion_bench/VD/illusion/22_0.png
hallusionbench_00647,HallusionBench,Are two circles in the image different color? Yes or No,yes,no,0.849,,object_hallucination,data/HallusionBench/hallusion_bench/VD/illusion/23_1.png
hallusionbench_00649,HallusionBench,Are two circles in the image different color? Yes or No,no,yes,0.868,,object_hallucination,data/HallusionBench/hallusion_bench/VD/illusion/24_0.png
hallusionbench_00650,HallusionBench,Are two circles in the image the same color? Yes or No,no,yes,0.811,,object_hallucination,data/HallusionBench/hallusion_bench/VD/illusion/24_1.png
hallusionbench_00654,HallusionBench,Is the green circle on left smaller than the green circle on the right? Yes or No,no,yes,0.819,,object_hallucination,data/HallusionBench/hallusion_bench/VD/illusion/25_0.png
hallusionbench_00657,HallusionBench,Is the green circle on left smaller than the green circle on the right? Yes or No,no,yes,0.854,,object_hallucination,data/HallusionBench/hallusion_bench/VD/illusion/25_1.png
hallusionbench_00659,HallusionBench,Are orange lines in the image parallel? Yes or No,no,yes,0.863,,object_hallucination,data/HallusionBench/hallusion_bench/VD/illusion/26_1.png
hallusionbench_00661,HallusionBench,Is the green line longer than the red line in the image? Yes or No,no,yes,0.783,,object_hallucination,data/HallusionBench/hallusion_bench/VD/illusion/27_0.png
hallusionbench_00662,HallusionBench,Is the green line shorter than the red line in the image? Yes or No,no,yes,0.714,,object_hallucination,data/HallusionBench/hallusion_bench/VD/illusion/27_0.png
hallusionbench_00663,HallusionBench,Are the green line and the red line the same length in the image? Yes or No,no,yes,0.709,,object_hallucination,data/HallusionBench/hallusion_bench/VD/illusion/27_1.png
hallusionbench_00665,HallusionBench,Is the green line shorter than the red line in the image? Yes or No,no,yes,0.731,,object_hallucination,data/HallusionBench/hallusion_bench/VD/illusion/27_1.png
hallusionbench_00666,HallusionBench,Are the yellow line and the red line the same length in the image? Yes or No,yes,no,0.750,,object_hallucination,data/HallusionBench/hallusion_bench/VD/illusion/28_0.png
hallusionbench_00667,HallusionBench,Is the yellow line longer than the red line in the image? Yes or No,no,yes,0.740,,object_hallucination,data/HallusionBench/hallusion_bench/VD/illusion/28_0.png
hallusionbench_00668,HallusionBench,Is the yellow line shorter than the red line in the image? Yes or No,no,yes,0.743,,object_hallucination,data/HallusionBench/hallusion_bench/VD/illusion/28_0.png
hallusionbench_00671,HallusionBench,Is the yellow line shorter than the red line in the image? Yes or No,no,yes,0.717,,object_hallucination,data/HallusionBench/hallusion_bench/VD/illusion/28_1.png
hallusionbench_00672,HallusionBench,Are the lengths of the vertical line and the horizontal line the same?,yes,no,0.707,,object_hallucination,data/HallusionBench/hallusion_bench/VD/illusion/29_0.png
hallusionbench_00673,HallusionBench,Is the vertical line longer than the horizontal line?,no,yes,0.738,,object_hallucination,data/HallusionBench/hallusion_bench/VD/illusion/29_0.png
hallusionbench_00679,HallusionBench,Is the red line on the left different length as the red line on the right? Yes or No,no,yes,0.802,,object_hallucination,data/HallusionBench/hallusion_bench/VD/illusion/30_0.png
hallusionbench_00680,HallusionBench,Is the red line on the left the same length as the red line on the right? Yes or No,no,yes,0.806,,object_hallucination,data/HallusionBench/hallusion_bench/VD/illusion/30_1.png
hallusionbench_00683,HallusionBench,"According to parallel lines theorem, is angle 1 + angle 2 > 180 ?",no,yes,0.749,,object_hallucination,data/HallusionBench/hallusion_bench/VD/math/0_0.png
hallusionbench_00684,HallusionBench,"According to parallel lines theorem, is angle 1 + angle 2 < 180 ?",no,yes,0.801,,object_hallucination,data/HallusionBench/hallusion_bench/VD/math/0_0.png
hallusionbench_00685,HallusionBench,"According to parallel lines theorem, is angle 1 + angle 2 = 180 ?",no,yes,0.797,,object_hallucination,data/HallusionBench/hallusion_bench/VD/math/0_1.png
hallusionbench_00687,HallusionBench,"According to parallel lines theorem, is angle 1 + angle 2 < 180 ?",no,yes,0.810,,object_hallucination,data/HallusionBench/hallusion_bench/VD/math/0_1.png
hallusionbench_00688,HallusionBench,Is the value of x in the image 5?,yes,no,0.757,,object_hallucination,data/HallusionBench/hallusion_bench/VD/math/1_0.png
hallusionbench_00690,HallusionBench,Is the value of x in the image smaller than 5?,no,yes,0.855,,object_hallucination,data/HallusionBench/hallusion_bench/VD/math/1_0.png
hallusionbench_00692,HallusionBench,Is the value of x in the image larger than 5?,yes,no,0.854,,object_hallucination,data/HallusionBench/hallusion_bench/VD/math/1_1.png
hallusionbench_00693,HallusionBench,Is the value of x in the image smaller than 5?,no,yes,0.851,,object_hallucination,data/HallusionBench/hallusion_bench/VD/math/1_1.png
hallusionbench_00695,HallusionBench,Is angleA + angleB +angleC < 180?,no,yes,0.801,,object_hallucination,data/HallusionBench/hallusion_bench/VD/math/2_0.png
hallusionbench_00696,HallusionBench,Is angleA + angleB +angleC > 180?,no,yes,0.725,,object_hallucination,data/HallusionBench/hallusion_bench/VD/math/2_0.png
hallusionbench_00697,HallusionBench,Is angleA + angleB +angleC = 180?,no,yes,0.775,,object_hallucination,data/HallusionBench/hallusion_bench/VD/math/2_1.png
hallusionbench_00698,HallusionBench,Is angleA + angleB +angleC < 180?,no,yes,0.798,,object_hallucination,data/HallusionBench/hallusion_bench/VD/math/2_1.png
hallusionbench_00699,HallusionBench,Is angleA + angleB +angleC > 180?,yes,no,0.694,,object_hallucination,data/HallusionBench/hallusion_bench/VD/math/2_1.png
hallusionbench_00701,HallusionBench,"According to the parallel theorem, is angle A larger than angle B? Please answer yes or no.",no,yes,0.717,,object_hallucination,data/HallusionBench/hallusion_bench/VD/math/3_0.png
hallusionbench_00702,HallusionBench,"According to the parallel theorem, is angle A smaller than angle B? Please answer yes or no.",no,yes,0.739,,object_hallucination,data/HallusionBench/hallusion_bench/VD/math/3_0.png
hallusionbench_00703,HallusionBench,"According to the parallel theorem, is angle A equal to angle B? Please answer yes or no.",no,yes,0.735,,object_hallucination,data/HallusionBench/hallusion_bench/VD/math/3_1.png
hallusionbench_00705,HallusionBench,"According to the parallel theorem, is angle A smaller than angle B? Please answer yes or no.",no,yes,0.716,,object_hallucination,data/HallusionBench/hallusion_bench/VD/math/3_1.png
hallusionbench_00706,HallusionBench,Is the value of x equal to 6? Please answer yes or no.,yes,no,0.819,,object_hallucination,data/HallusionBench/hallusion_bench/VD/math/4_0.png
hallusionbench_00708,HallusionBench,Is the value of x smaller than 6? Please answer yes or no.,no,yes,0.806,,object_hallucination,data/HallusionBench/hallusion_bench/VD/math/4_0.png
hallusionbench_00710,HallusionBench,Is the value of x larger than 6? Please answer yes or no.,yes,no,0.826,,object_hallucination,data/HallusionBench/hallusion_bench/VD/math/4_1.png
hallusionbench_00711,HallusionBench,Is the value of x smaller than 6? Please answer yes or no.,no,yes,0.775,,object_hallucination,data/HallusionBench/hallusion_bench/VD/math/4_1.png
hallusionbench_00713,HallusionBench,The two interior angle bisectors OB and OC of triangle ABC intersect at point O. If angle A is 110 d,no,yes,0.758,,object_hallucination,data/HallusionBench/hallusion_bench/VD/math/5_0.png
hallusionbench_00714,HallusionBench,The two interior angle bisectors OB and OC of triangle ABC intersect at point O. If angle A is 110 d,no,yes,0.758,,object_hallucination,data/HallusionBench/hallusion_bench/VD/math/5_0.png
hallusionbench_00717,HallusionBench,"If angle A is 110 degree, then is the angle BOC smaller than 145 degree? Please answer yes or no.",no,yes,0.771,,object_hallucination,data/HallusionBench/hallusion_bench/VD/math/5_1.png
hallusionbench_00719,HallusionBench,"According to the figure, are the two orange lines both vertical? Please answer yes or no.",no,yes,0.763,,object_hallucination,data/HallusionBench/hallusion_bench/VD/math/6_0.png
hallusionbench_00720,HallusionBench,"According to the figure, are the two orange lines both curved? Please answer yes or no.",no,yes,0.780,,object_hallucination,data/HallusionBench/hallusion_bench/VD/math/6_0.png
hallusionbench_00721,HallusionBench,"According to the figure, are the two orange lines both straight? Please answer yes or no.",no,yes,0.848,,object_hallucination,data/HallusionBench/hallusion_bench/VD/math/6_1.png
hallusionbench_00722,HallusionBench,"According to the figure, are the two orange lines both vertical? Please answer yes or no.",no,yes,0.721,,object_hallucination,data/HallusionBench/hallusion_bench/VD/math/6_1.png
hallusionbench_00725,HallusionBench,The area of B is 16 and the of area of C is 9. Is the area of square A larger than 25? Please answer,no,yes,0.703,,object_hallucination,data/HallusionBench/hallusion_bench/VD/math/7_0.png
hallusionbench_00726,HallusionBench,The area of B is 16 and the of area of C is 9. Is the area of square A smaller than 25? Please answe,no,yes,0.804,,object_hallucination,data/HallusionBench/hallusion_bench/VD/math/7_0.png
hallusionbench_00727,HallusionBench,The area of B is 16 and the of area of C is 9. Is the area of square A equal to 25? Please answer ye,no,yes,0.721,,object_hallucination,data/HallusionBench/hallusion_bench/VD/math/7_1.png
hallusionbench_00728,HallusionBench,The area of B is 16 and the of area of C is 9. Is the area of square A larger than 25? Please answer,no,yes,0.733,,object_hallucination,data/HallusionBench/hallusion_bench/VD/math/7_1.png
hallusionbench_00730,HallusionBench,Is the area of the rectangle equal to 12? Please answer yes or no.,yes,no,0.748,,object_hallucination,data/HallusionBench/hallusion_bench/VD/math/8_0.png
hallusionbench_00732,HallusionBench,Is the area of the rectangle smaller than 12? Please answer yes or no.,no,yes,0.740,,object_hallucination,data/HallusionBench/hallusion_bench/VD/math/8_0.png
hallusionbench_00733,HallusionBench,Is the area of the ABCD equal to 12? Please answer yes or no.,no,yes,0.752,,object_hallucination,data/HallusionBench/hallusion_bench/VD/math/8_1.png
hallusionbench_00734,HallusionBench,Is the area of the ABCD larger than 12? Please answer yes or no.,no,yes,0.747,,object_hallucination,data/HallusionBench/hallusion_bench/VD/math/8_1.png
hallusionbench_00737,HallusionBench,"As shown in the figure, ∠AOB = 100.0, is the degree of ∠ACB larger than 50.0? Please answer yes or n",no,yes,0.742,,object_hallucination,data/HallusionBench/hallusion_bench/VD/math/9_0.png
hallusionbench_00738,HallusionBench,"As shown in the figure, ∠AOB = 100.0, is the degree of ∠ACB smaller than 50.0? Please answer yes or ",no,yes,0.704,,object_hallucination,data/HallusionBench/hallusion_bench/VD/math/9_0.png
hallusionbench_00739,HallusionBench,"As shown in the figure, ∠AOB = 100.0, is the degree of ∠ACB to equal 50.0? Please answer yes or no",no,yes,0.741,,object_hallucination,data/HallusionBench/hallusion_bench/VD/math/9_1.png
hallusionbench_00741,HallusionBench,"As shown in the figure, ∠AOB = 100.0, is the degree of ∠ACB smaller than 50.0? Please answer yes or ",no,yes,0.726,,object_hallucination,data/HallusionBench/hallusion_bench/VD/math/9_1.png
hallusionbench_00743,HallusionBench,"In triangle ABC, if AF, BE, CD, are the three midlines, is M the incenter of triangle ABC? Please an",no,yes,0.857,,object_hallucination,data/HallusionBench/hallusion_bench/VD/math/10_0.png
hallusionbench_00744,HallusionBench,"In triangle ABC, if AF, BE, CD, are the three midlines, is M the othocenter of triangle ABC? Please ",no,yes,0.863,,object_hallucination,data/HallusionBench/hallusion_bench/VD/math/10_0.png
hallusionbench_00745,HallusionBench,"In triangle ABC, if AF, BE, CD, are the three midlines, is M the centroid of triangle ABC? Please an",no,yes,0.861,,object_hallucination,data/HallusionBench/hallusion_bench/VD/math/10_1.png
hallusionbench_00746,HallusionBench,"In triangle ABC, if AF, BE, CD, are the three midlines, is M the incenter of triangle ABC? Please an",no,yes,0.842,,object_hallucination,data/HallusionBench/hallusion_bench/VD/math/10_1.png
hallusionbench_00747,HallusionBench,"In triangle ABC, if AF, BE, CD, are the three midlines, is M the othocenter of triangle ABC? Please ",no,yes,0.848,,object_hallucination,data/HallusionBench/hallusion_bench/VD/math/10_1.png
hallusionbench_00749,HallusionBench,"If DM=EM=FM, then is M the circumcenter of triangle ABC? Please answer yes or no.",no,yes,0.877,,object_hallucination,data/HallusionBench/hallusion_bench/VD/math/11_0.png
hallusionbench_00750,HallusionBench,"If DM=EM=FM, then is M the centroid of triangle ABC? Please answer yes or no.",no,yes,0.871,,object_hallucination,data/HallusionBench/hallusion_bench/VD/math/11_0.png
hallusionbench_00751,HallusionBench,"If AM=BM=CM, then is M the incenter of triangle ABC? Please answer yes or no.",no,yes,0.879,,object_hallucination,data/HallusionBench/hallusion_bench/VD/math/11_1.png
hallusionbench_00753,HallusionBench,"If AM=BM=CM, then is M the centroid of triangle ABC? Please answer yes or no.",no,yes,0.880,,object_hallucination,data/HallusionBench/hallusion_bench/VD/math/11_1.png
hallusionbench_00755,HallusionBench,"If BE ⊥ AC, CD ⊥ AB, AF ⊥ BC, then is M the incenter of triangle ABC? Please answer yes or no.",no,yes,0.846,,object_hallucination,data/HallusionBench/hallusion_bench/VD/math/12_0.png
hallusionbench_00756,HallusionBench,"If BE ⊥ AC, CD ⊥ AB, AF ⊥ BC, then is M the circumcenter of triangle ABC? Please answer yes or no.",no,yes,0.865,,object_hallucination,data/HallusionBench/hallusion_bench/VD/math/12_0.png
hallusionbench_00757,HallusionBench,"If BE ⊥ AC, CD ⊥ AB, AF ⊥ BC, then is M the orthocenter of triangle ABC? Please answer yes or no.",no,yes,0.855,,object_hallucination,data/HallusionBench/hallusion_bench/VD/math/12_1.png
hallusionbench_00758,HallusionBench,"If BE ⊥ AC, CD ⊥ AB, AF ⊥ BC, then is M the incenter of triangle ABC? Please answer yes or no.",no,yes,0.846,,object_hallucination,data/HallusionBench/hallusion_bench/VD/math/12_1.png
hallusionbench_00759,HallusionBench,"If BE ⊥ AC, CD ⊥ AB, AF ⊥ BC, then is M the circumcenter of triangle ABC? Please answer yes or no.",no,yes,0.862,,object_hallucination,data/HallusionBench/hallusion_bench/VD/math/12_1.png
hallusionbench_00761,HallusionBench,"If D is the midpoint of line segment AB, then is D the incenter of triangle ABC? Please answer yes o",no,yes,0.821,,object_hallucination,data/HallusionBench/hallusion_bench/VD/math/13_0.png
hallusionbench_00762,HallusionBench,"If D is the midpoint of line segment AB, then is D the orthocenter of triangle ABC? Please answer ye",no,yes,0.798,,object_hallucination,data/HallusionBench/hallusion_bench/VD/math/13_0.png
hallusionbench_00763,HallusionBench,"If D is the midpoint of line segment AB, then is D the circumcenter of triangle ABC? Please answer y",no,yes,0.831,,object_hallucination,data/HallusionBench/hallusion_bench/VD/math/13_1.png
hallusionbench_00764,HallusionBench,"If D is the midpoint of line segment AB, then is D the incenter of triangle ABC? Please answer yes o",no,yes,0.840,,object_hallucination,data/HallusionBench/hallusion_bench/VD/math/13_1.png
hallusionbench_00765,HallusionBench,"If D is the midpoint of line segment AB, then is D the orthocenter of triangle ABC? Please answer ye",no,yes,0.821,,object_hallucination,data/HallusionBench/hallusion_bench/VD/math/13_1.png
hallusionbench_00766,HallusionBench,"If angle BAF equals to angle CAF, is CF equal to BF? Please answer yes or no.",no,yes,0.801,,object_hallucination,data/HallusionBench/hallusion_bench/VD/math/14_0.png
hallusionbench_00767,HallusionBench,"If angle BAF equals to angle CAF, is CF larger than BF? Please answer yes or no.",no,yes,0.809,,object_hallucination,data/HallusionBench/hallusion_bench/VD/math/14_0.png
hallusionbench_00768,HallusionBench,"If angle BAF equals to angle CAF, is CF smaller than BF? Please answer yes or no.",no,yes,0.775,,object_hallucination,data/HallusionBench/hallusion_bench/VD/math/14_0.png
hallusionbench_00770,HallusionBench,"If angle BAF equals to angle CAF, is CF larger than BF? Please answer yes or no.",no,yes,0.800,,object_hallucination,data/HallusionBench/hallusion_bench/VD/math/14_1.png
hallusionbench_00771,HallusionBench,"If angle BAF equals to angle CAF, is CF smaller than BF? Please answer yes or no.",no,yes,0.782,,object_hallucination,data/HallusionBench/hallusion_bench/VD/math/14_1.png
hallusionbench_00773,HallusionBench,"If angle A is equal to 60 degree, is AB larger than 2AC? Please answer yes or no.",no,yes,0.757,,object_hallucination,data/HallusionBench/hallusion_bench/VD/math/15_0.png
hallusionbench_00774,HallusionBench,"If angle A is equal to 60 degree, is AB smaller than 2AC? Please answer yes or no.",no,yes,0.735,,object_hallucination,data/HallusionBench/hallusion_bench/VD/math/15_0.png
hallusionbench_00775,HallusionBench,"If angle A is equal to 60 degree, is AB = 2AC? Please answer yes or no.",no,yes,0.734,,object_hallucination,data/HallusionBench/hallusion_bench/VD/math/15_1.png
hallusionbench_00776,HallusionBench,"If angle A is equal to 60 degree, is AB larger than 2AC? Please answer yes or no.",no,yes,0.770,,object_hallucination,data/HallusionBench/hallusion_bench/VD/math/15_1.png
hallusionbench_00777,HallusionBench,"If angle A is equal to 60 degree, is AB smaller than 2AC? Please answer yes or no.",no,yes,0.741,,object_hallucination,data/HallusionBench/hallusion_bench/VD/math/15_1.png
hallusionbench_00779,HallusionBench,"If angle B is equal to 45 degree, is AB larger than sqrt(2)AC? Please answer yes or no.",no,yes,0.739,,object_hallucination,data/HallusionBench/hallusion_bench/VD/math/16_0.png
hallusionbench_00780,HallusionBench,"If angle B is equal to 45 degree, is AB smaller than sqrt(2)AC? Please answer yes or no.",no,yes,0.732,,object_hallucination,data/HallusionBench/hallusion_bench/VD/math/16_0.png
hallusionbench_00781,HallusionBench,"If angle B is equal to 45 degree, is AB = sqrt(2)AC? Please answer yes or no.",no,yes,0.713,,object_hallucination,data/HallusionBench/hallusion_bench/VD/math/16_1.png
hallusionbench_00782,HallusionBench,"If angle B is equal to 45 degree, is AB larger than sqrt(2)AC? Please answer yes or no.",no,yes,0.746,,object_hallucination,data/HallusionBench/hallusion_bench/VD/math/16_1.png
hallusionbench_00783,HallusionBench,"If angle B is equal to 45 degree, is AB smaller than sqrt(2)AC? Please answer yes or no.",no,yes,0.737,,object_hallucination,data/HallusionBench/hallusion_bench/VD/math/16_1.png
hallusionbench_00788,HallusionBench,"If AE = CE and AB=BC, is AF perpendicular to BC? Please answer yes or no.",no,yes,0.835,,object_hallucination,data/HallusionBench/hallusion_bench/VD/math/17_1.png
hallusionbench_00789,HallusionBench,"If AE = CE and AB=BC, is CD perpendicular to AB? Please answer yes or no.",no,yes,0.800,,object_hallucination,data/HallusionBench/hallusion_bench/VD/math/17_1.png
hallusionbench_00791,HallusionBench,"Does the image show ""Hot dry noodles from Shandong""?",no,yes,0.929,,object_hallucination,data/HallusionBench/hallusion_bench/VD/ocr/0_0.png
hallusionbench_00792,HallusionBench,"Does the image show ""Hot dry noodles from Wuhan""?",no,yes,0.908,,object_hallucination,data/HallusionBench/hallusion_bench/VD/ocr/0_1.png
hallusionbench_00795,HallusionBench,"Does the image show ""Guangxi Roast Duck""?",no,yes,0.857,,object_hallucination,data/HallusionBench/hallusion_bench/VD/ocr/1_0.png
hallusionbench_00796,HallusionBench,"Does the image show ""Beijing Roast Duck""?",no,yes,0.810,,object_hallucination,data/HallusionBench/hallusion_bench/VD/ocr/1_1.png
hallusionbench_00800,HallusionBench,"According to the text in this image, is this a poster for ""The Shawshank Redemption""?",no,yes,0.865,,object_hallucination,data/HallusionBench/hallusion_bench/VD/ocr/2_1.png
hallusionbench_00805,HallusionBench,"According to the pizza image in the figure, is this pizza a Margherita Pizza?",yes,no,0.754,,object_hallucination,data/HallusionBench/hallusion_bench/VD/ocr/3_1.png
hallusionbench_00806,HallusionBench,"According to the pizza image in the figure, is this pizza a Hawaiian Pizza?",no,yes,0.919,,object_hallucination,data/HallusionBench/hallusion_bench/VD/ocr/3_1.png
hallusionbench_00808,HallusionBench,"According to the pizza image in the figure, is this pizza a Margherita Pizza?",yes,no,0.758,,object_hallucination,data/HallusionBench/hallusion_bench/VD/ocr/3_2.png
hallusionbench_00810,HallusionBench,"According to the pizza image in the figure, is this pizza a Pepperoni Pizza?",no,yes,0.837,,object_hallucination,data/HallusionBench/hallusion_bench/VD/ocr/3_2.png
hallusionbench_00812,HallusionBench,"According to the text in this image, is this a Roma ham?",no,yes,0.895,,object_hallucination,data/HallusionBench/hallusion_bench/VD/ocr/4_0.png
hallusionbench_00813,HallusionBench,"According to the text in this image, is this a Parma ham?",no,yes,0.851,,object_hallucination,data/HallusionBench/hallusion_bench/VD/ocr/4_1.png
hallusionbench_00816,HallusionBench,"According to the cake in the image, is this a red forest cake?",no,yes,0.883,,object_hallucination,data/HallusionBench/hallusion_bench/VD/ocr/5_0.png
hallusionbench_00817,HallusionBench,"According to the cake in the image, is this a black forest cake?",no,yes,0.980,,object_hallucination,data/HallusionBench/hallusion_bench/VD/ocr/5_1.png
hallusionbench_00820,HallusionBench,"According to the cake in the image, is this a red forest cake?",no,yes,0.812,,object_hallucination,data/HallusionBench/hallusion_bench/VD/ocr/6_0.png
hallusionbench_00821,HallusionBench,"According to the cake in the image, is this a red velvet cake?",no,yes,0.892,,object_hallucination,data/HallusionBench/hallusion_bench/VD/ocr/6_1.png
hallusionbench_00824,HallusionBench,"According to the text below the logo, is this image for Al-Jazari?",no,yes,0.883,,object_hallucination,data/HallusionBench/hallusion_bench/VD/ocr/7_0.png
hallusionbench_00825,HallusionBench,"According to the text below the logo, is this image for Al Jazeera?",no,yes,0.838,,object_hallucination,data/HallusionBench/hallusion_bench/VD/ocr/7_1.png
hallusionbench_00829,HallusionBench,"According to the text given in the image, is this a New York strip steak?",no,yes,0.842,,object_hallucination,data/HallusionBench/hallusion_bench/VD/ocr/8_1.png
hallusionbench_00832,HallusionBench,"According to the text given in the image, is this a Washington style cheesecake?",no,yes,0.843,,object_hallucination,data/HallusionBench/hallusion_bench/VD/ocr/9_0.png
hallusionbench_00833,HallusionBench,"According to the text given in the image, is this a New York style cheesecake?",no,yes,0.872,,object_hallucination,data/HallusionBench/hallusion_bench/VD/ocr/9_1.png
hallusionbench_00837,HallusionBench,"According to the text given in the image, is this restaurant named Texas Roadhouse?",no,yes,0.794,,object_hallucination,data/HallusionBench/hallusion_bench/VD/ocr/10_1.png
hallusionbench_00844,HallusionBench,"According to the lower text given in the image, is this poster for the DDT band?",no,yes,0.878,,object_hallucination,data/HallusionBench/hallusion_bench/VD/ocr/12_0.png
hallusionbench_00845,HallusionBench,"According to the lower text given in the image, is this poster for Viktor Tsoi and the Kino band?",no,yes,0.908,,object_hallucination,data/HallusionBench/hallusion_bench/VD/ocr/12_1.png
hallusionbench_00849,HallusionBench,"According to the text given in the image, is this logo for Red Bull?",no,yes,0.897,,object_hallucination,data/HallusionBench/hallusion_bench/VD/ocr/13_1.png
hallusionbench_00852,HallusionBench,"According to the text given in the image, does this poster depict the movie Utopia?",no,yes,0.888,,object_hallucination,data/HallusionBench/hallusion_bench/VD/ocr/14_0.png
hallusionbench_00853,HallusionBench,"According to the text given in the image, does this poster depict the movie Zootopia?",no,yes,0.943,,object_hallucination,data/HallusionBench/hallusion_bench/VD/ocr/14_1.png
hallusionbench_00862,HallusionBench,"According to the text given in the image, is this ice-cream a chocolate flavor ice cream?",no,yes,0.799,,object_hallucination,data/HallusionBench/hallusion_bench/VD/ocr/16_1.png
hallusionbench_00864,HallusionBench,"According to the text given in the image, does this poster depict the movie BARBENHEIMER?",no,yes,0.871,,object_hallucination,data/HallusionBench/hallusion_bench/VD/ocr/17_0.png
hallusionbench_00865,HallusionBench,"According to the text given in the image, does this poster depict the movie Oppenheimer?",no,yes,0.899,,object_hallucination,data/HallusionBench/hallusion_bench/VD/ocr/17_1.png
hallusionbench_00868,HallusionBench,"According to the text in this image, is this poster for the TV series Tokyo Single Girls?",no,yes,0.960,,object_hallucination,data/HallusionBench/hallusion_bench/VD/ocr/18_0.png
hallusionbench_00869,HallusionBench,"According to the text in this image, is this poster for the TV series Tokyo Tarareba Girls?",no,yes,0.952,,object_hallucination,data/HallusionBench/hallusion_bench/VD/ocr/18_1.png
hallusionbench_00872,HallusionBench,"According to the text in this image, is this poster for the TV series Please Send 1988?",no,yes,0.970,,object_hallucination,data/HallusionBench/hallusion_bench/VD/ocr/19_0.png
hallusionbench_00873,HallusionBench,"According to the text in this image, is this poster for the TV series Reply 1988?",no,yes,0.958,,object_hallucination,data/HallusionBench/hallusion_bench/VD/ocr/19_1.png
hallusionbench_00876,HallusionBench,"According to the text in this image, is this ""Boli Cake Seasoned with Chicken Meat Floss""?",no,yes,0.881,,object_hallucination,data/HallusionBench/hallusion_bench/VD/ocr/20_0.png
hallusionbench_00877,HallusionBench,"According to the text in this image, is this ""Youcheng Cake Seasoned with Chicken Meat Floss""?",no,yes,0.880,,object_hallucination,data/HallusionBench/hallusion_bench/VD/ocr/20_1.png
hallusionbench_00880,HallusionBench,"In the image, is Xuanzang accompanied by his three disciples?",no,yes,0.931,,object_hallucination,data/HallusionBench/hallusion_bench/VD/figure/0_1.png
hallusionbench_00882,HallusionBench,Is it the logo for Qiaodan Sports?,no,yes,0.858,,object_hallucination,data/HallusionBench/hallusion_bench/VD/figure/1_0.png
hallusionbench_00883,HallusionBench,Is it the logo for air Jordan?,no,yes,0.865,,object_hallucination,data/HallusionBench/hallusion_bench/VD/figure/1_1.png
hallusionbench_00888,HallusionBench,Are there any ducks in this figure?,yes,no,0.917,,object_hallucination,data/HallusionBench/hallusion_bench/VD/figure/2_1.png
hallusionbench_00889,HallusionBench,Are all the characters here from the Asterix the Gaul?,yes,no,0.758,,object_hallucination,data/HallusionBench/hallusion_bench/VD/figure/3_0.png
hallusionbench_00893,HallusionBench,Are all the animals in this figure swans?,yes,no,0.770,,object_hallucination,data/HallusionBench/hallusion_bench/VD/figure/4_0.png
hallusionbench_00894,HallusionBench,Are there any ducks in this figure?,no,yes,0.731,,object_hallucination,data/HallusionBench/hallusion_bench/VD/figure/4_0.png
hallusionbench_00897,HallusionBench,Are all the items here engineering tools?,yes,no,0.706,,object_hallucination,data/HallusionBench/hallusion_bench/VD/figure/5_0.png
hallusionbench_00906,HallusionBench,Does this figure depict Colonel Sanders?,no,yes,0.958,,object_hallucination,data/HallusionBench/hallusion_bench/VD/figure/6_1.png
hallusionbench_00909,HallusionBench,Is this the official NBA logo?,no,yes,0.724,,object_hallucination,data/HallusionBench/hallusion_bench/VD/figure/7_1.png
hallusionbench_00910,HallusionBench,Does this figure depict a singer?,yes,no,0.989,,object_hallucination,data/HallusionBench/hallusion_bench/VD/figure/7_1.png
hallusionbench_00913,HallusionBench,Are all the items in this figure cookies?,no,yes,0.772,,object_hallucination,data/HallusionBench/hallusion_bench/VD/figure/8_1.png
hallusionbench_00917,HallusionBench,Are all the animals in this figure prehistoric?,no,yes,0.907,,object_hallucination,data/HallusionBench/hallusion_bench/VD/figure/9_1.png
hallusionbench_00918,HallusionBench,Are there any hens in this figure?,yes,no,0.720,,object_hallucination,data/HallusionBench/hallusion_bench/VD/figure/9_1.png
hallusionbench_00921,HallusionBench,Are all the items in this figure vegetables or fruits?,no,yes,0.864,,object_hallucination,data/HallusionBench/hallusion_bench/VD/figure/10_1.png
hallusionbench_00924,HallusionBench,Is there any yogurt in this figure?,no,yes,0.830,,object_hallucination,data/HallusionBench/hallusion_bench/VD/figure/11_0.png
hallusionbench_00929,HallusionBench,Are all the penguins in this figure characters of the movie Madagascar?,no,yes,0.767,,object_hallucination,data/HallusionBench/hallusion_bench/VD/figure/12_1.png
hallusionbench_00930,HallusionBench,Are there any real penguins in this figure?,yes,no,0.971,,object_hallucination,data/HallusionBench/hallusion_bench/VD/figure/12_1.png
hallusionbench_00932,HallusionBench,Is Bunny Bug in this figure?,no,yes,0.780,,object_hallucination,data/HallusionBench/hallusion_bench/VD/figure/13_0.png
hallusionbench_00933,HallusionBench,Are all the characters in this figure from the movie Zootopia?,no,yes,0.706,,object_hallucination,data/HallusionBench/hallusion_bench/VD/figure/13_1.png
hallusionbench_00936,HallusionBench,Are there any characters in this figure from the manga series Detective Conan?,no,yes,0.963,,object_hallucination,data/HallusionBench/hallusion_bench/VD/figure/14_0.png
hallusionbench_00937,HallusionBench,Are all the characters in this figure from the manga series One Piece?,no,yes,0.794,,object_hallucination,data/HallusionBench/hallusion_bench/VD/figure/14_1.png
hallusionbench_00940,HallusionBench,Are there any characters in this figure from Digimon?,no,yes,0.945,,object_hallucination,data/HallusionBench/hallusion_bench/VD/figure/15_0.png
hallusionbench_00941,HallusionBench,Are all the characters in this figure from Pokemon?,no,yes,0.763,,object_hallucination,data/HallusionBench/hallusion_bench/VD/figure/15_1.png
hallusionbench_00944,HallusionBench,Is Jerry the Mouse in this figure?,no,yes,0.764,,object_hallucination,data/HallusionBench/hallusion_bench/VD/figure/16_0.png
hallusionbench_00945,HallusionBench,Are all the characters in this figure from The Story of the Little Mole?,no,yes,0.706,,object_hallucination,data/HallusionBench/hallusion_bench/VD/figure/16_1.png
hallusionbench_00953,HallusionBench,"Does this figure mainly depict a hen and eggs, no potatoes?",no,yes,0.731,,object_hallucination,data/HallusionBench/hallusion_bench/VD/figure/18_1.png
hallusionbench_00955,HallusionBench,Does this figure only contain SpongeBob?,yes,no,0.779,,object_hallucination,data/HallusionBench/hallusion_bench/VD/figure/19_0.png
hallusionbench_00959,HallusionBench,Is the sequence of the image moving?,no,yes,0.783,,object_hallucination,data/HallusionBench/hallusion_bench/VD/video/0_0.png
hallusionbench_00962,HallusionBench,"According to the positive sequence images, does Homer Simpson come out of the bushes?",no,yes,0.752,,object_hallucination,data/HallusionBench/hallusion_bench/VD/video/1_0.png
hallusionbench_00964,HallusionBench,"Homer Simpson comes out of the bushes. According to the positive sequence of the images, are they in",no,yes,0.772,,object_hallucination,data/HallusionBench/hallusion_bench/VD/video/1_0.png
hallusionbench_00965,HallusionBench,"According to the positive sequence images, does Homer Simpson disappear into the bushes?",no,yes,0.852,,object_hallucination,data/HallusionBench/hallusion_bench/VD/video/1_1.png
hallusionbench_00967,HallusionBench,"Homer Simpson disappears into the bushes. According to the positive sequence of the images, are they",no,yes,0.754,,object_hallucination,data/HallusionBench/hallusion_bench/VD/video/1_1.png
hallusionbench_00969,HallusionBench,"According to the positive sequence images, does Homer Simpson disappear into the bushes?",no,yes,0.872,,object_hallucination,data/HallusionBench/hallusion_bench/VD/video/1_2.png
hallusionbench_00970,HallusionBench,"According to the positive sequence images, does Homer Simpson come out of the bushes?",no,yes,0.762,,object_hallucination,data/HallusionBench/hallusion_bench/VD/video/1_2.png
hallusionbench_00971,HallusionBench,"Homer Simpson disappears into the bushes. According to the positive sequence of the images, are they",no,yes,0.733,,object_hallucination,data/HallusionBench/hallusion_bench/VD/video/1_2.png
hallusionbench_00972,HallusionBench,"Homer Simpson comes out of the bushes. According to the positive sequence of the images, are they in",no,yes,0.734,,object_hallucination,data/HallusionBench/hallusion_bench/VD/video/1_2.png
hallusionbench_00974,HallusionBench,"According to the positive sequence of the images, does the basketball player make a three-point shoo",no,yes,0.726,,object_hallucination,data/HallusionBench/hallusion_bench/VD/video/2_0.png
hallusionbench_00976,HallusionBench,"According to the positive sequence of the images, does the basketball player make a dunk?",no,yes,0.806,,object_hallucination,data/HallusionBench/hallusion_bench/VD/video/2_1.png
hallusionbench_00978,HallusionBench,"According to the positive sequence of the images, are they in the correct order?",no,yes,0.784,,object_hallucination,data/HallusionBench/hallusion_bench/VD/video/2_1.png
hallusionbench_00980,HallusionBench,"According to the positive sequence of the images, does the man close the door?",no,yes,0.712,,object_hallucination,data/HallusionBench/hallusion_bench/VD/video/3_0.png
hallusionbench_00982,HallusionBench,"The man closes the door. According to the positive sequence of the images, are they in the correct o",no,yes,0.783,,object_hallucination,data/HallusionBench/hallusion_bench/VD/video/3_0.png
hallusionbench_00984,HallusionBench,"According to the positive sequence of the images, does the man close the door?",yes,no,0.730,,object_hallucination,data/HallusionBench/hallusion_bench/VD/video/3_1.png
hallusionbench_00985,HallusionBench,"The man opens the door. According to the positive sequence of the images, are they in the correct or",no,yes,0.778,,object_hallucination,data/HallusionBench/hallusion_bench/VD/video/3_1.png
hallusionbench_00989,HallusionBench,"The man opens the door. According to the positive sequence of the images, are they in the correct or",no,yes,0.766,,object_hallucination,data/HallusionBench/hallusion_bench/VD/video/3_2.png
hallusionbench_00990,HallusionBench,"The man closes the door. According to the positive sequence of the images, are they in the correct o",no,yes,0.773,,object_hallucination,data/HallusionBench/hallusion_bench/VD/video/3_2.png
hallusionbench_00992,HallusionBench,"According to the positive sequence of the images, does the blue car attempt to leave the parking spa",no,yes,0.850,,object_hallucination,data/HallusionBench/hallusion_bench/VD/video/4_0.png
hallusionbench_00994,HallusionBench,"The blue car attempts to leave the parking space. According to the positive sequence of the images, ",no,yes,0.738,,object_hallucination,data/HallusionBench/hallusion_bench/VD/video/4_0.png
hallusionbench_00995,HallusionBench,"According to the positive sequence of the images, does the blue car attempt to park?",no,yes,0.830,,object_hallucination,data/HallusionBench/hallusion_bench/VD/video/4_1.png
hallusionbench_00997,HallusionBench,"The blue car attempts to park. According to the positive sequence of the images, are they in the cor",no,yes,0.717,,object_hallucination,data/HallusionBench/hallusion_bench/VD/video/4_1.png
hallusionbench_00999,HallusionBench,"According to the positive sequence of the images, does the blue car attempt to park?",no,yes,0.844,,object_hallucination,data/HallusionBench/hallusion_bench/VD/video/4_2.png
hallusionbench_01000,HallusionBench,"According to the positive sequence of the images, does the blue car attempt to leave the parking spa",no,yes,0.867,,object_hallucination,data/HallusionBench/hallusion_bench/VD/video/4_2.png
hallusionbench_01001,HallusionBench,"The blue car attempts to park. According to the positive sequence of the images, are they in the cor",no,yes,0.720,,object_hallucination,data/HallusionBench/hallusion_bench/VD/video/4_2.png
hallusionbench_01002,HallusionBench,"The blue car attempts to leave the parking space. According to the positive sequence of the images, ",no,yes,0.730,,object_hallucination,data/HallusionBench/hallusion_bench/VD/video/4_2.png
hallusionbench_01004,HallusionBench,"According to the positive sequence of the images, does the baby attempt to take off the clothes?",no,yes,0.924,,object_hallucination,data/HallusionBench/hallusion_bench/VD/video/5_0.png
hallusionbench_01006,HallusionBench,"The baby attempts to take off the clothes. According to the positive sequence of the images, are the",no,yes,0.865,,object_hallucination,data/HallusionBench/hallusion_bench/VD/video/5_0.png
hallusionbench_01007,HallusionBench,"According to the positive sequence of the images, does the baby attempt to put on the clothes?",no,yes,0.930,,object_hallucination,data/HallusionBench/hallusion_bench/VD/video/5_1.png
hallusionbench_01009,HallusionBench,"The baby attempts to put on the clothes. According to the positive sequence of the images, are they ",no,yes,0.873,,object_hallucination,data/HallusionBench/hallusion_bench/VD/video/5_1.png
hallusionbench_01012,HallusionBench,"According to the positive sequence of the images, does the temperature decrease?",no,yes,0.857,,object_hallucination,data/HallusionBench/hallusion_bench/VD/video/6_0.png
hallusionbench_01014,HallusionBench,"The temperature decreases. According to the positive sequence of the images, are they in the correct",no,yes,0.876,,object_hallucination,data/HallusionBench/hallusion_bench/VD/video/6_0.png
hallusionbench_01015,HallusionBench,"According to the positive sequence of the images, does the temperature increase?",no,yes,0.880,,object_hallucination,data/HallusionBench/hallusion_bench/VD/video/6_1.png
hallusionbench_01017,HallusionBench,"The temperature increases. According to the positive sequence of the images, are they in the correct",no,yes,0.890,,object_hallucination,data/HallusionBench/hallusion_bench/VD/video/6_1.png
hallusionbench_01020,HallusionBench,"According to the positive sequence of the images, is the plug removed from the power outlet?",no,yes,0.790,,object_hallucination,data/HallusionBench/hallusion_bench/VD/video/7_0.png
hallusionbench_01022,HallusionBench,"The plug is removed from the power outlet. According to the positive sequence of the images, are the",no,yes,0.862,,object_hallucination,data/HallusionBench/hallusion_bench/VD/video/7_0.png
hallusionbench_01023,HallusionBench,"According to the positive sequence of the images, is the plug put into the power outlet?",no,yes,0.799,,object_hallucination,data/HallusionBench/hallusion_bench/VD/video/7_1.png
hallusionbench_01025,HallusionBench,"The plug is put into the power outlet. According to the positive sequence of the images, are they in",no,yes,0.861,,object_hallucination,data/HallusionBench/hallusion_bench/VD/video/7_1.png
hallusionbench_01028,HallusionBench,"According to the positive sequence of the images, is the blue car moving backward?",no,yes,0.727,,object_hallucination,data/HallusionBench/hallusion_bench/VD/video/8_0.png
hallusionbench_01031,HallusionBench,"According to the positive sequence of the images, is the blue car moving forward?",no,yes,0.773,,object_hallucination,data/HallusionBench/hallusion_bench/VD/video/8_1.png
hallusionbench_01033,HallusionBench,"The blue car is moving forward. According to the positive sequence of the images, are they in the co",no,yes,0.800,,object_hallucination,data/HallusionBench/hallusion_bench/VD/video/8_1.png
hallusionbench_01034,HallusionBench,"The blue car is moving backward. According to the positive sequence of the images, are they in the c",yes,no,0.730,,object_hallucination,data/HallusionBench/hallusion_bench/VD/video/8_1.png
hallusionbench_01036,HallusionBench,"According to the positive sequence of the images, is the circle inside autobiographical clockwise? A",no,yes,0.826,,object_hallucination,data/HallusionBench/hallusion_bench/VD/video/9_0.png
hallusionbench_01038,HallusionBench,"According to the positive sequence of the images, is the circle inside autobiographical anticlockwis",no,yes,0.826,,object_hallucination,data/HallusionBench/hallusion_bench/VD/video/9_1.png
hallusionbench_01039,HallusionBench,"According to the positive sequence of the images, is the circle inside autobiographical clockwise? A",no,yes,0.824,,object_hallucination,data/HallusionBench/hallusion_bench/VD/video/9_1.png
hallusionbench_01040,HallusionBench,The circle inside is autobiographical anticlockwise. According to the positive sequence of the image,no,yes,0.803,,object_hallucination,data/HallusionBench/hallusion_bench/VD/video/9_1.png
hallusionbench_01042,HallusionBench,"According to the positive sequence of the images, Is this monkey installing the wheel? Answer in one",no,yes,0.741,,object_hallucination,data/HallusionBench/hallusion_bench/VD/video/10_0.png
hallusionbench_01044,HallusionBench,"This monkey is installing the wheel. According to the positive sequence of the images, are they in t",no,yes,0.811,,object_hallucination,data/HallusionBench/hallusion_bench/VD/video/10_0.png
hallusionbench_01045,HallusionBench,"According to the positive sequence of the images, Is this monkey removing the wheel? Answer in one w",no,yes,0.845,,object_hallucination,data/HallusionBench/hallusion_bench/VD/video/10_1.png
hallusionbench_01047,HallusionBench,"This monkey is removing the wheel. According to the positive sequence of the images, are they in the",no,yes,0.809,,object_hallucination,data/HallusionBench/hallusion_bench/VD/video/10_1.png
hallusionbench_01049,HallusionBench,"According to the positive sequence of the images, Is this monkey removing the wheel? Answer in one w",no,yes,0.849,,object_hallucination,data/HallusionBench/hallusion_bench/VD/video/10_2.png
hallusionbench_01050,HallusionBench,"According to the positive sequence of the images, Is this monkey installing the wheel? Answer in one",no,yes,0.757,,object_hallucination,data/HallusionBench/hallusion_bench/VD/video/10_2.png
hallusionbench_01051,HallusionBench,"This monkey is removing the wheel. According to the positive sequence of the images, are they in the",no,yes,0.815,,object_hallucination,data/HallusionBench/hallusion_bench/VD/video/10_2.png
hallusionbench_01052,HallusionBench,"This monkey is installing the wheel. According to the positive sequence of the images, are they in t",no,yes,0.813,,object_hallucination,data/HallusionBench/hallusion_bench/VD/video/10_2.png
hallusionbench_01053,HallusionBench,"According to the positive sequence of the images, Is this man throwing a woman into the toilet? Answ",yes,no,0.720,,object_hallucination,data/HallusionBench/hallusion_bench/VD/video/11_0.png
hallusionbench_01056,HallusionBench,"This woman is jumping out from a toilet. According to the positive sequence of the images, are they ",no,yes,0.723,,object_hallucination,data/HallusionBench/hallusion_bench/VD/video/11_0.png
hallusionbench_01058,HallusionBench,"According to the positive sequence of the images, Is this woman jumping out from the toilet? Answer ",yes,no,0.769,,object_hallucination,data/HallusionBench/hallusion_bench/VD/video/11_1.png
hallusionbench_01061,HallusionBench,"According to the positive sequence of the images, Is this man throwing a woman into the toilet? Answ",yes,no,0.723,,object_hallucination,data/HallusionBench/hallusion_bench/VD/video/11_2.png
hallusionbench_01062,HallusionBench,"According to the positive sequence of the images, Is this woman jumping out from the toilet? Answer ",yes,no,0.734,,object_hallucination,data/HallusionBench/hallusion_bench/VD/video/11_2.png
hallusionbench_01063,HallusionBench,"This man is throwing a woman into the toilet. According to the positive sequence of the images, are ",no,yes,0.718,,object_hallucination,data/HallusionBench/hallusion_bench/VD/video/11_2.png
hallusionbench_01064,HallusionBench,"This woman is jumping out from a toilet. According to the positive sequence of the images, are they ",no,yes,0.723,,object_hallucination,data/HallusionBench/hallusion_bench/VD/video/11_2.png
hallusionbench_01065,HallusionBench,"According to the positive sequence of the images, Is the circle moving towards to right? Answer in o",no,yes,0.896,,object_hallucination,data/HallusionBench/hallusion_bench/VD/video/12_0.png
hallusionbench_01067,HallusionBench,"According to the positive sequence of the images, Is the circle moving towards to right? Answer in o",no,yes,0.896,,object_hallucination,data/HallusionBench/hallusion_bench/VD/video/12_0.png
hallusionbench_01068,HallusionBench,"According to the positive sequence of the images, Is the circle moving towards to right? Answer in o",no,yes,0.886,,object_hallucination,data/HallusionBench/hallusion_bench/VD/video/12_1.png
hallusionbench_01070,HallusionBench,"According to the positive sequence of the images, Is the circle moving towards to left? Answer in on",no,yes,0.764,,object_hallucination,data/HallusionBench/hallusion_bench/VD/video/12_1.png
hallusionbench_01071,HallusionBench,"According to the positive sequence of the images, Is the circle moving towards to right? Answer in o",no,yes,0.887,,object_hallucination,data/HallusionBench/hallusion_bench/VD/video/12_2.png
hallusionbench_01073,HallusionBench,"According to the positive sequence of the images, Is the circle moving towards to left? Answer in on",no,yes,0.784,,object_hallucination,data/HallusionBench/hallusion_bench/VD/video/12_2.png
hallusionbench_01075,HallusionBench,"According to the positive sequence of the images, is there a sloth in this video? Answer in one word",yes,no,0.870,,object_hallucination,data/HallusionBench/hallusion_bench/VD/video/13_0.png
hallusionbench_01078,HallusionBench,"According to the positive sequence of the images, are they skating to right? Answer in one word.",no,yes,0.762,,object_hallucination,data/HallusionBench/hallusion_bench/VD/video/14_0.png
hallusionbench_01080,HallusionBench,"They are skating to right. According to the positive sequence of the images, are they in the correct",no,yes,0.815,,object_hallucination,data/HallusionBench/hallusion_bench/VD/video/14_0.png
hallusionbench_01081,HallusionBench,"According to the positive sequence of the images, are they skating to left? Answer in one sentence.",no,yes,0.723,,object_hallucination,data/HallusionBench/hallusion_bench/VD/video/14_1.png
hallusionbench_01083,HallusionBench,"They are skating to left. According to the positive sequence of the images, are they in the correct ",no,yes,0.806,,object_hallucination,data/HallusionBench/hallusion_bench/VD/video/14_1.png
hallusionbench_01087,HallusionBench,"They are skating to left. According to the positive sequence of the images, are they in the correct ",no,yes,0.813,,object_hallucination,data/HallusionBench/hallusion_bench/VD/video/14_2.png
hallusionbench_01088,HallusionBench,"They are skating to right. According to the positive sequence of the images, are they in the correct",no,yes,0.817,,object_hallucination,data/HallusionBench/hallusion_bench/VD/video/14_2.png
hallusionbench_01090,HallusionBench,"According to the positive sequence of the images, is the man running to left? Answer in one sentence",no,yes,0.793,,object_hallucination,data/HallusionBench/hallusion_bench/VD/video/15_0.png
hallusionbench_01091,HallusionBench,"According to the positive sequence of the images, is the man running to right? Answer in one sentenc",no,yes,0.838,,object_hallucination,data/HallusionBench/hallusion_bench/VD/video/15_1.png
hallusionbench_01094,HallusionBench,"According to the positive sequence of the images, is the baby crawling to left? Answer in one senten",no,yes,0.784,,object_hallucination,data/HallusionBench/hallusion_bench/VD/video/16_0.png
hallusionbench_01095,HallusionBench,"According to the positive sequence of the images, is the baby crawling to right? Answer in one sente",no,yes,0.822,,object_hallucination,data/HallusionBench/hallusion_bench/VD/video/16_1.png
hallusionbench_01098,HallusionBench,"According to the positive sequence of the images, is this cartoon character getting far away? Answer",no,yes,0.722,,object_hallucination,data/HallusionBench/hallusion_bench/VD/video/17_0.png
hallusionbench_01100,HallusionBench,"This cartoon character getting further away. According to the positive sequence of the images, are t",no,yes,0.893,,object_hallucination,data/HallusionBench/hallusion_bench/VD/video/17_0.png
hallusionbench_01103,HallusionBench,"This cartoon character getting closer. According to the positive sequence of the images, are they in",no,yes,0.908,,object_hallucination,data/HallusionBench/hallusion_bench/VD/video/17_1.png
hallusionbench_01104,HallusionBench,"This cartoon character getting further away. According to the positive sequence of the images, are t",no,yes,0.893,,object_hallucination,data/HallusionBench/hallusion_bench/VD/video/17_1.png
hallusionbench_01108,HallusionBench,"They are growing apart. According to the positive sequence of the images, are they in the correct or",no,yes,0.863,,object_hallucination,data/HallusionBench/hallusion_bench/VD/video/18_0.png
hallusionbench_01109,HallusionBench,"According to the positive sequence of the images, are they hugging? Answer in one sentence.",no,yes,0.927,,object_hallucination,data/HallusionBench/hallusion_bench/VD/video/18_1.png
hallusionbench_01110,HallusionBench,"According to the positive sequence of the images, are they growing apart? Answer in one sentence.",yes,no,0.709,,object_hallucination,data/HallusionBench/hallusion_bench/VD/video/18_1.png
hallusionbench_01111,HallusionBench,"They are hugging. According to the positive sequence of the images, are they in the correct order? A",no,yes,0.884,,object_hallucination,data/HallusionBench/hallusion_bench/VD/video/18_1.png
hallusionbench_01114,HallusionBench,"According to the positive sequence of the images, are they growing apart? Answer in one sentence.",yes,no,0.783,,object_hallucination,data/HallusionBench/hallusion_bench/VD/video/18_2.png
hallusionbench_01115,HallusionBench,"They are hugging. According to the positive sequence of the images, are they in the correct order? A",no,yes,0.873,,object_hallucination,data/HallusionBench/hallusion_bench/VD/video/18_2.png
hallusionbench_01116,HallusionBench,"They are growing apart. According to the positive sequence of the images, are they in the correct or",no,yes,0.850,,object_hallucination,data/HallusionBench/hallusion_bench/VD/video/18_2.png
hallusionbench_01118,HallusionBench,"According to the positive sequence of the images, Is he running clockwise? Answer in one sentence.",no,yes,0.829,,object_hallucination,data/HallusionBench/hallusion_bench/VD/video/19_0.png
hallusionbench_01120,HallusionBench,"He is running clockwise. According to the positive sequence of the images, are they in the correct o",no,yes,0.854,,object_hallucination,data/HallusionBench/hallusion_bench/VD/video/19_0.png
hallusionbench_01121,HallusionBench,"According to the positive sequence of the images, Is he running counterclockwise? Answer in one sent",no,yes,0.797,,object_hallucination,data/HallusionBench/hallusion_bench/VD/video/19_1.png
hallusionbench_01123,HallusionBench,"He is running counterclockwise. According to the positive sequence of the images, are they in the co",no,yes,0.856,,object_hallucination,data/HallusionBench/hallusion_bench/VD/video/19_1.png
hallusionbench_01127,HallusionBench,"He is running counterclockwise. According to the positive sequence of the images, are they in the co",no,yes,0.841,,object_hallucination,data/HallusionBench/hallusion_bench/VD/video/19_2.png
hallusionbench_01128,HallusionBench,"He is running clockwise. According to the positive sequence of the images, are they in the correct o",no,yes,0.849,,object_hallucination,data/HallusionBench/hallusion_bench/VD/video/19_2.png
