sample_id,dataset,question,gold_answer,model_prediction,scalar_confidence,self_reported_confidence,failure_family,image_path
vizwiz_val_000002,VizWiz,What is the title of this book?,dog years,unanswerable,0.751,1.0,none,data/VizWiz/Images/val/VizWiz_val_00000002.jpg
vizwiz_val_000004,VizWiz,What does the arrow say?,unanswerable,ok,0.779,0.9,answerability,data/VizWiz/Images/val/VizWiz_val_00000004.jpg
vizwiz_val_000005,VizWiz,What the screen says? Thank you.,windows 7,unanswerable,0.772,1.0,none,data/VizWiz/Images/val/VizWiz_val_00000005.jpg
vizwiz_val_000008,VizWiz,Is this shampoo or conditioner?,unanswerable,shampoo,0.899,1.0,answerability,data/VizWiz/Images/val/VizWiz_val_00000008.jpg
vizwiz_val_000009,VizWiz,Can you describe for me what's going on outside the window? Just curious.,nothing,unanswerable,0.743,1.0,none,data/VizWiz/Images/val/VizWiz_val_00000009.jpg
vizwiz_val_000015,VizWiz,"Which one of these items is the children's dictionary? Is it the one on the right, or the one on the",left,yes,0.710,0.9,none,data/VizWiz/Images/val/VizWiz_val_00000015.jpg
vizwiz_val_000018,VizWiz,What is the computer doing?,loading,unanswerable,0.651,0.9,none,data/VizWiz/Images/val/VizWiz_val_00000018.jpg
vizwiz_val_000021,VizWiz,What is this color and pattern? There's some sort of pattern on my left chest there. Describe.,plain white uspa logo in gold,unanswerable,0.664,1.0,none,data/VizWiz/Images/val/VizWiz_val_00000021.jpg
vizwiz_val_000023,VizWiz,Can you tell me what the error message is on the Windows screen?,starting windows,unanswerable,0.821,1.0,none,data/VizWiz/Images/val/VizWiz_val_00000023.jpg
vizwiz_val_000024,VizWiz,"Sometimes it does this too.  It's great when it works, but when it doesn't, it's annoying.",doing disk check,unanswerable,0.847,1.0,none,data/VizWiz/Images/val/VizWiz_val_00000024.jpg
vizwiz_val_000025,VizWiz,I was wondering how ominous the sky is looking here at the northwest.,fairly but could be worse,ominous,0.837,0.9,none,data/VizWiz/Images/val/VizWiz_val_00000025.jpg
vizwiz_val_000026,VizWiz,Can you tell me what these are please?,tablets,unanswerable,0.573,1.0,none,data/VizWiz/Images/val/VizWiz_val_00000026.jpg
vizwiz_val_000029,VizWiz,What does it say?,quit,unanswerable,0.838,1.0,none,data/VizWiz/Images/val/VizWiz_val_00000029.jpg
vizwiz_val_000031,VizWiz,Can anyone tell me what's actually on the screen of the laptop?,recovery screen some kind,unanswerable,0.652,1.0,none,data/VizWiz/Images/val/VizWiz_val_00000031.jpg
vizwiz_val_000033,VizWiz,Can you read the bottle on the screen?,unanswerable,no,0.811,0.0,answerability,data/VizWiz/Images/val/VizWiz_val_00000033.jpg
vizwiz_val_000034,VizWiz,How big do you think my TV is? Thank you.,32 inches,40 inch,0.643,0.9,none,data/VizWiz/Images/val/VizWiz_val_00000034.jpg
vizwiz_val_000036,VizWiz,What is the title of this book?,dog years,unanswerable,0.743,1.0,none,data/VizWiz/Images/val/VizWiz_val_00000036.jpg
vizwiz_val_000045,VizWiz,What is the expiration date on this bus pass?,jul 08 11,08 08,0.511,0.9,none,data/VizWiz/Images/val/VizWiz_val_00000045.jpg
vizwiz_val_000049,VizWiz,What kind of pop is this?,nestea,orange,0.613,1.0,none,data/VizWiz/Images/val/VizWiz_val_00000049.jpg
vizwiz_val_000052,VizWiz,Can you tell me if there is a model on here please? Thank you.,unanswerable,no,0.643,0.0,answerability,data/VizWiz/Images/val/VizWiz_val_00000052.jpg
vizwiz_val_000053,VizWiz,"Hello there, are you able to see what's on this LCD screen and if it's expecting any input from the ",yes,unanswerable,0.764,1.0,none,data/VizWiz/Images/val/VizWiz_val_00000053.jpg
vizwiz_val_000055,VizWiz,Where do you think I could get a power cord?,forest hill maryland,store,0.507,0.9,none,data/VizWiz/Images/val/VizWiz_val_00000055.jpg
vizwiz_val_000060,VizWiz,Please tell me the them of this book,clive cussler dirk cussler,priority,0.664,0.9,none,data/VizWiz/Images/val/VizWiz_val_00000060.jpg
vizwiz_val_000061,VizWiz,What is this?,computer screen,unanswerable,0.655,1.0,none,data/VizWiz/Images/val/VizWiz_val_00000061.jpg
vizwiz_val_000062,VizWiz,What website is this?,unanswerable,in-app purchase,0.775,1.0,answerability,data/VizWiz/Images/val/VizWiz_val_00000062.jpg
vizwiz_val_000064,VizWiz,What is the person doing?,looking at computer,sitting,0.594,0.9,none,data/VizWiz/Images/val/VizWiz_val_00000064.jpg
vizwiz_val_000072,VizWiz,what does the sky look like in this photograph,clear,cloudy,0.809,0.9,none,data/VizWiz/Images/val/VizWiz_val_00000072.jpg
vizwiz_val_000077,VizWiz,What's on my computer screen?,pop up window,unanswerable,0.688,1.0,none,data/VizWiz/Images/val/VizWiz_val_00000077.jpg
vizwiz_val_000078,VizWiz,"Can see what's on the screen, like is it a log in screen or anything like that? Thank you.",no,unanswerable,0.760,1.0,none,data/VizWiz/Images/val/VizWiz_val_00000078.jpg
vizwiz_val_000079,VizWiz,What is this a medal for?,american cancer society,cancer survivor,0.673,0.9,none,data/VizWiz/Images/val/VizWiz_val_00000079.jpg
vizwiz_val_000081,VizWiz,"Please tell me the title of this book, thank you for your time.",unanswerable,live and die,0.577,0.9,answerability,data/VizWiz/Images/val/VizWiz_val_00000081.jpg
vizwiz_val_000084,VizWiz,IS there a picture on this tv screen?,yes,no,0.748,1.0,none,data/VizWiz/Images/val/VizWiz_val_00000084.jpg
vizwiz_val_000085,VizWiz,please explain what is on this piece of paper,stress advertisement,unanswerable,0.659,1.0,none,data/VizWiz/Images/val/VizWiz_val_00000085.jpg
vizwiz_val_000088,VizWiz,Is there a button I need to press to make it resume? Or do I just wait?,unanswerable,wait,0.825,0.9,answerability,data/VizWiz/Images/val/VizWiz_val_00000088.jpg
vizwiz_val_000090,VizWiz,Is the dialogue more visible in that picture?,no,yes,0.625,0.9,none,data/VizWiz/Images/val/VizWiz_val_00000090.jpg
vizwiz_val_000091,VizWiz,What does the small label on this disc say?,prop quartics inc,prop of quartics inc,0.688,0.9,none,data/VizWiz/Images/val/VizWiz_val_00000091.jpg
vizwiz_val_000093,VizWiz,"Is this picture clear, and where are we now?",no,unanswerable,0.570,1.0,none,data/VizWiz/Images/val/VizWiz_val_00000093.jpg
vizwiz_val_000095,VizWiz,Can you see what's on the screen?,no,yes,0.626,0.0,none,data/VizWiz/Images/val/VizWiz_val_00000095.jpg
vizwiz_val_000097,VizWiz,Can you tell me if there's any local Seattle beers on this menu?,unanswerable,yes,0.685,1.0,answerability,data/VizWiz/Images/val/VizWiz_val_00000097.jpg
vizwiz_val_000099,VizWiz,"Alright. If you could tell what the screen says, that would be helpful, thank you",iniciar el escaneo de,elija su senal,0.561,1.0,none,data/VizWiz/Images/val/VizWiz_val_00000099.jpg
vizwiz_val_000105,VizWiz,Has the text on the screen changed?,unanswerable,no,0.748,0.9,answerability,data/VizWiz/Images/val/VizWiz_val_00000105.jpg
vizwiz_val_000106,VizWiz,"Hi, can you give me the percentage of the scan disk? Thanks.",unanswerable,100%,0.619,1.0,answerability,data/VizWiz/Images/val/VizWiz_val_00000106.jpg
vizwiz_val_000107,VizWiz,Please tell me the title of this book. Thank you for your time.,unanswerable,live and die,0.545,0.9,answerability,data/VizWiz/Images/val/VizWiz_val_00000107.jpg
vizwiz_val_000108,VizWiz,What does this screen say?,expanding windows files,unanswerable,0.701,1.0,none,data/VizWiz/Images/val/VizWiz_val_00000108.jpg
vizwiz_val_000112,VizWiz,Please describe this page. Thank you.,store ad,unanswerable,0.740,0.9,none,data/VizWiz/Images/val/VizWiz_val_00000112.jpg
vizwiz_val_000114,VizWiz,Is it impossible for you to read the captcha image in this picture? Thanks.,no,unanswerable,0.852,0.0,none,data/VizWiz/Images/val/VizWiz_val_00000114.jpg
vizwiz_val_000116,VizWiz,What does this arrow say?,unanswerable,ok,0.690,0.9,answerability,data/VizWiz/Images/val/VizWiz_val_00000116.jpg
vizwiz_val_000117,VizWiz,Please tell me the name of this book.,unanswerable,live and die,0.504,1.0,answerability,data/VizWiz/Images/val/VizWiz_val_00000117.jpg
vizwiz_val_000122,VizWiz,What is this item?,mexican steak marinade,hot sauce,0.707,0.9,none,data/VizWiz/Images/val/VizWiz_val_00000122.jpg
vizwiz_val_000123,VizWiz,"Yeah, it should be fine, I'm just trying to post it online so someone can see all the inputs and con",yes,unanswerable,0.839,1.0,none,data/VizWiz/Images/val/VizWiz_val_00000123.jpg
vizwiz_val_000124,VizWiz,What drink is this?,hint blackberry,berry juice,0.688,0.9,none,data/VizWiz/Images/val/VizWiz_val_00000124.jpg
vizwiz_val_000125,VizWiz,Can you tell me what this is a picture of?,computer screen,unanswerable,0.713,1.0,none,data/VizWiz/Images/val/VizWiz_val_00000125.jpg
vizwiz_val_000130,VizWiz,"Can you see a bottle in this picture? And if so, what is it?",no,yes,0.845,,none,data/VizWiz/Images/val/VizWiz_val_00000130.jpg
vizwiz_val_000132,VizWiz,What does this message say?,restoration complete,unanswerable,0.855,1.0,none,data/VizWiz/Images/val/VizWiz_val_00000132.jpg
vizwiz_val_000133,VizWiz,Can you tell us what this screen says? Thanks.,next,unanswerable,0.709,1.0,none,data/VizWiz/Images/val/VizWiz_val_00000133.jpg
vizwiz_val_000135,VizWiz,Can you please tell me what is displayed on the screen?,startup repair,unanswerable,0.744,1.0,none,data/VizWiz/Images/val/VizWiz_val_00000135.jpg
vizwiz_val_000138,VizWiz,What does this say?What does this say?,medicare inquiry center,business reply mail,0.721,0.9,none,data/VizWiz/Images/val/VizWiz_val_00000138.jpg
vizwiz_val_000139,VizWiz,What does this message say?,restoration complete,unanswerable,0.862,1.0,none,data/VizWiz/Images/val/VizWiz_val_00000139.jpg
vizwiz_val_000140,VizWiz,Can you please describe to me what's on the page and its orientation? Thank you,sideways car sales ad,unanswerable,0.705,1.0,none,data/VizWiz/Images/val/VizWiz_val_00000140.jpg
vizwiz_val_000144,VizWiz,What does this say?  Thank you.,your computer at risk,unanswerable,0.701,1.0,none,data/VizWiz/Images/val/VizWiz_val_00000144.jpg
vizwiz_val_000149,VizWiz,What is this?,bar code,unanswerable,0.593,1.0,none,data/VizWiz/Images/val/VizWiz_val_00000149.jpg
vizwiz_val_000154,VizWiz,What does this coupon say on it?,buy 1 pizza at menu price receive 1 pizza equal lesser value free expires 12 31 11,buy one pizza at menu price & receive one pizza of equal or lesser value free,0.915,,none,data/VizWiz/Images/val/VizWiz_val_00000154.jpg
vizwiz_val_000155,VizWiz,Is this piece of mail?,unanswerable,no,0.599,,answerability,data/VizWiz/Images/val/VizWiz_val_00000155.jpg
vizwiz_val_000156,VizWiz,Can you tell what I'm playing?,angry birds,unanswerable,0.728,1.0,none,data/VizWiz/Images/val/VizWiz_val_00000156.jpg
vizwiz_val_000158,VizWiz,What is this?,unanswerable,package,0.552,,answerability,data/VizWiz/Images/val/VizWiz_val_00000158.jpg
vizwiz_val_000159,VizWiz,Help me with this capture.,casithwo,unanswerable,0.797,1.0,none,data/VizWiz/Images/val/VizWiz_val_00000159.jpg
vizwiz_val_000160,VizWiz,Can you give me an idea of what's on the screen? Thank you.,links to sites,unanswerable,0.736,0.9,none,data/VizWiz/Images/val/VizWiz_val_00000160.jpg
vizwiz_val_000162,VizWiz,What does this say?,scan was completed,unanswerable,0.810,0.9,none,data/VizWiz/Images/val/VizWiz_val_00000162.jpg
vizwiz_val_000163,VizWiz,What is that word?,entsursa,unanswerable,0.761,1.0,none,data/VizWiz/Images/val/VizWiz_val_00000163.jpg
vizwiz_val_000164,VizWiz,Yeah what is this?,unanswerable,paper,0.635,1.0,answerability,data/VizWiz/Images/val/VizWiz_val_00000164.jpg
vizwiz_val_000165,VizWiz,What does the top of this pamphlet say?,college area breadth requirement,unanswerable,0.755,1.0,none,data/VizWiz/Images/val/VizWiz_val_00000165.jpg
vizwiz_val_000169,VizWiz,What is in this can?,soda,coffee,0.751,0.9,none,data/VizWiz/Images/val/VizWiz_val_00000169.jpg
vizwiz_val_000170,VizWiz,What color is this skirt?,blue,unanswerable,0.796,1.0,none,data/VizWiz/Images/val/VizWiz_val_00000170.jpg
vizwiz_val_000172,VizWiz,What's on this channel?,sports game,hockey,0.577,0.0,none,data/VizWiz/Images/val/VizWiz_val_00000172.jpg
vizwiz_val_000173,VizWiz,clouds in the sky look like,white,clouds,0.696,0.9,none,data/VizWiz/Images/val/VizWiz_val_00000173.jpg
vizwiz_val_000174,VizWiz,What does the screen say?,lenovo pop up unreadable,unanswerable,0.849,1.0,none,data/VizWiz/Images/val/VizWiz_val_00000174.jpg
vizwiz_val_000175,VizWiz,What does the text on this say?,asking for personal information on form,unanswerable,0.868,1.0,none,data/VizWiz/Images/val/VizWiz_val_00000175.jpg
vizwiz_val_000176,VizWiz,What's going on on the computer screen?,just blue green screen,unanswerable,0.782,1.0,none,data/VizWiz/Images/val/VizWiz_val_00000176.jpg
vizwiz_val_000178,VizWiz,What does this cartoon look like? Thank you.,black white 2 men facing each other,unanswerable,0.792,1.0,none,data/VizWiz/Images/val/VizWiz_val_00000178.jpg
vizwiz_val_000179,VizWiz,Is this person attractive?,unanswerable,no,0.671,0.0,answerability,data/VizWiz/Images/val/VizWiz_val_00000179.jpg
vizwiz_val_000182,VizWiz,Can you tell me what's on this screen please?  If at all readable or anything like that.,unanswerable,unreadable,0.758,0.0,answerability,data/VizWiz/Images/val/VizWiz_val_00000182.jpg
vizwiz_val_000184,VizWiz,Is it more in focus now?,no,yes,0.733,1.0,none,data/VizWiz/Images/val/VizWiz_val_00000184.jpg
vizwiz_val_000186,VizWiz,What is this CD?,technet subscription,unanswerable,0.537,0.9,none,data/VizWiz/Images/val/VizWiz_val_00000186.jpg
vizwiz_val_000192,VizWiz,What is this?,tv,unanswerable,0.646,0.9,none,data/VizWiz/Images/val/VizWiz_val_00000192.jpg
vizwiz_val_000193,VizWiz,"Can you please tell me what's on this page, and it's orientation? Thank you.",beckham,unanswerable,0.617,0.9,none,data/VizWiz/Images/val/VizWiz_val_00000193.jpg
vizwiz_val_000195,VizWiz,What does the screen on my TV say?,starz,unanswerable,0.713,1.0,none,data/VizWiz/Images/val/VizWiz_val_00000195.jpg
vizwiz_val_000196,VizWiz,What is this a picture of?,woman,person,0.643,0.9,none,data/VizWiz/Images/val/VizWiz_val_00000196.jpg
vizwiz_val_000197,VizWiz,Can you please tell me the 1-800 number on this card?,1 877 328 9677,1-800-735-2929,0.858,0.9,none,data/VizWiz/Images/val/VizWiz_val_00000197.jpg
vizwiz_val_000199,VizWiz,"There did I press the ok button I think?  And am I further along, thanks.",unanswerable,yes,0.511,1.0,answerability,data/VizWiz/Images/val/VizWiz_val_00000199.jpg
vizwiz_val_000201,VizWiz,Can you read this seven day forecast and write it out in the app so I can use voice over to read it?,yes,unanswerable,0.625,1.0,none,data/VizWiz/Images/val/VizWiz_val_00000201.jpg
vizwiz_val_000204,VizWiz,What does this CD say?,death cab for cutie codes keys,death cab for cuties,0.882,0.9,none,data/VizWiz/Images/val/VizWiz_val_00000204.jpg
vizwiz_val_000211,VizWiz,"Can you please give me as much as possible as what you see on my computer screen, whether it's a Win",unanswerable,windows log on,0.542,1.0,answerability,data/VizWiz/Images/val/VizWiz_val_00000211.jpg
vizwiz_val_000215,VizWiz,Please identify what's on the screen.,windows installation,unanswerable,0.615,1.0,none,data/VizWiz/Images/val/VizWiz_val_00000215.jpg
vizwiz_val_000220,VizWiz,Looking for the time that this screen is trying to tell me. I'm trying to do a FileVault decryption.,unanswerable,1 minute,0.534,1.0,answerability,data/VizWiz/Images/val/VizWiz_val_00000220.jpg
vizwiz_val_000221,VizWiz,"Hi, what do you see in the screen?",file storage sizes,unanswerable,0.632,1.0,none,data/VizWiz/Images/val/VizWiz_val_00000221.jpg
vizwiz_val_000225,VizWiz,What is on the screen?,disk icon,icons,0.525,0.9,none,data/VizWiz/Images/val/VizWiz_val_00000225.jpg
vizwiz_val_000229,VizWiz,Please tell me about this calendar?,october,unanswerable,0.814,1.0,none,data/VizWiz/Images/val/VizWiz_val_00000229.jpg
vizwiz_val_000231,VizWiz,Just curious to see whether you could read what was on the computer screen. Just testing this applic,no,unanswerable,0.731,1.0,none,data/VizWiz/Images/val/VizWiz_val_00000231.jpg
vizwiz_val_000232,VizWiz,Is it possible then that we have a blank screen? If so this may mean that something is happening.,no,yes,0.755,0.9,none,data/VizWiz/Images/val/VizWiz_val_00000232.jpg
vizwiz_val_000233,VizWiz,What is playing on this channel?,unanswerable,house crashers,0.802,1.0,answerability,data/VizWiz/Images/val/VizWiz_val_00000233.jpg
vizwiz_val_000234,VizWiz,Can you tell us what the screen says?,windows 7 home premium dell,set up windows,0.770,1.0,none,data/VizWiz/Images/val/VizWiz_val_00000234.jpg
vizwiz_val_000236,VizWiz,Is there any change to the monitor?,need to click restart for driver to be installed,no,0.761,,none,data/VizWiz/Images/val/VizWiz_val_00000236.jpg
vizwiz_val_000237,VizWiz,"Alright, I found the input button. Now I'm wondering if I have to select something onscreen to chang",unanswerable,yes,0.624,1.0,answerability,data/VizWiz/Images/val/VizWiz_val_00000237.jpg
vizwiz_val_000238,VizWiz,Is this?,socks,yes,0.766,0.9,none,data/VizWiz/Images/val/VizWiz_val_00000238.jpg
vizwiz_val_000239,VizWiz,is this?,computer,yes,0.808,0.9,none,data/VizWiz/Images/val/VizWiz_val_00000239.jpg
vizwiz_val_000240,VizWiz,Can you please tell me what's on screen? Thank you.,reboot disk check screen,unanswerable,0.684,1.0,none,data/VizWiz/Images/val/VizWiz_val_00000240.jpg
vizwiz_val_000241,VizWiz,Please tell me what the title of this book is? Thank you for your time.,clive cussler dirk cussler,priority,0.550,1.0,none,data/VizWiz/Images/val/VizWiz_val_00000241.jpg
vizwiz_val_000242,VizWiz,Computer screen showing?,yes,unanswerable,0.757,1.0,none,data/VizWiz/Images/val/VizWiz_val_00000242.jpg
vizwiz_val_000243,VizWiz,Please tell us what the screen says on the computer.,checking file system,unanswerable,0.657,1.0,none,data/VizWiz/Images/val/VizWiz_val_00000243.jpg
vizwiz_val_000246,VizWiz,What does this message say?,unanswerable,no 3g card installed,0.592,1.0,answerability,data/VizWiz/Images/val/VizWiz_val_00000246.jpg
vizwiz_val_000248,VizWiz,What does the label say on this electronic component?,seagate,unanswerable,0.728,0.9,none,data/VizWiz/Images/val/VizWiz_val_00000248.jpg
vizwiz_val_000249,VizWiz,Hi can you tell if this page has my boarding pass on it? Thanks.,unanswerable,no,0.732,1.0,answerability,data/VizWiz/Images/val/VizWiz_val_00000249.jpg
vizwiz_val_000252,VizWiz,What does this paper say?,pump,unanswerable,0.785,0.9,none,data/VizWiz/Images/val/VizWiz_val_00000252.jpg
vizwiz_val_000253,VizWiz,"I'm trying again, I moved the camera. Can you tell me who this piece of mail is from? Thank you.",unanswerable,clark p,0.577,1.0,answerability,data/VizWiz/Images/val/VizWiz_val_00000253.jpg
vizwiz_val_000255,VizWiz,what is in this bottle and what is it?,unanswerable,water,0.827,1.0,answerability,data/VizWiz/Images/val/VizWiz_val_00000255.jpg
vizwiz_val_000258,VizWiz,"OK, lets try this again and see if this works. Do you see any kind of an ID number here that would t",yes,unanswerable,0.699,1.0,none,data/VizWiz/Images/val/VizWiz_val_00000258.jpg
vizwiz_val_000259,VizWiz,What does this say?,if application doesnt respond for while select name click force quit,unanswerable,0.835,1.0,none,data/VizWiz/Images/val/VizWiz_val_00000259.jpg
vizwiz_val_000262,VizWiz,"Can you tell me the 1-800 number off this card, and are you able to hear this question?",1 877 328 9677,unanswerable,0.655,1.0,none,data/VizWiz/Images/val/VizWiz_val_00000262.jpg
vizwiz_val_000264,VizWiz,What does this say?,shower curtain,unanswerable,0.748,1.0,none,data/VizWiz/Images/val/VizWiz_val_00000264.jpg
vizwiz_val_000265,VizWiz,What color has the light?,red,white,0.643,0.0,none,data/VizWiz/Images/val/VizWiz_val_00000265.jpg
vizwiz_val_000269,VizWiz,What does this computer screen say?,unable to start,unanswerable,0.798,1.0,none,data/VizWiz/Images/val/VizWiz_val_00000269.jpg
vizwiz_val_000270,VizWiz,Please tell me the name of this book?,clive cussler dirk cussler,live and let die,0.587,1.0,none,data/VizWiz/Images/val/VizWiz_val_00000270.jpg
vizwiz_val_000271,VizWiz,Is this?,unanswerable,yes,0.710,1.0,answerability,data/VizWiz/Images/val/VizWiz_val_00000271.jpg
vizwiz_val_000272,VizWiz,"Can you please tell me what's on the screen? And if there's anything I need to interact with, which ",windows 7 homechoose country time currency keyboard layout,unanswerable,0.707,1.0,none,data/VizWiz/Images/val/VizWiz_val_00000272.jpg
vizwiz_val_000273,VizWiz,What is this?,tablet,manual,0.658,0.9,none,data/VizWiz/Images/val/VizWiz_val_00000273.jpg
vizwiz_val_000274,VizWiz,What kind of piano appears in the image I am sending?,baby grand,elephant,0.685,1.0,none,data/VizWiz/Images/val/VizWiz_val_00000274.jpg
vizwiz_val_000277,VizWiz,Can you tell me what the computer screen is saying? Windows is not booting.,starting repairs,unanswerable,0.762,1.0,none,data/VizWiz/Images/val/VizWiz_val_00000277.jpg
vizwiz_val_000284,VizWiz,"The computer is now on, is Windows coming up",no,yes,0.768,1.0,none,data/VizWiz/Images/val/VizWiz_val_00000284.jpg
vizwiz_val_000287,VizWiz,I think I pressed the okay button. Am I further along on this here? Thank you.,unanswerable,yes,0.739,0.9,answerability,data/VizWiz/Images/val/VizWiz_val_00000287.jpg
vizwiz_val_000291,VizWiz,"Looking for properties to rent in my area, what is the condition of the house shown in the image?",bad,unanswerable,0.864,,none,data/VizWiz/Images/val/VizWiz_val_00000291.jpg
vizwiz_val_000292,VizWiz,"Can you get up from your chair, walk across the room and slap Walter?",unanswerable,no,0.824,1.0,answerability,data/VizWiz/Images/val/VizWiz_val_00000292.jpg
vizwiz_val_000295,VizWiz,Don't know what the screen says.,web photos,unanswerable,0.855,1.0,none,data/VizWiz/Images/val/VizWiz_val_00000295.jpg
vizwiz_val_000296,VizWiz,What does this screen look like?,paper cup,unanswerable,0.798,0.0,none,data/VizWiz/Images/val/VizWiz_val_00000296.jpg
vizwiz_val_000300,VizWiz,"Please can you tell me what this writing says on the picture that I've taken a photo of, thank you?",beat burglar,unanswerable,0.740,1.0,none,data/VizWiz/Images/val/VizWiz_val_00000300.jpg
vizwiz_val_000306,VizWiz,Please tell what the title of this book is. Thank you for your time.,clive cussler,priority,0.545,0.9,none,data/VizWiz/Images/val/VizWiz_val_00000306.jpg
vizwiz_val_000309,VizWiz,Was I able to clear either of the mirrors of the OK button?,unanswerable,no,0.710,,answerability,data/VizWiz/Images/val/VizWiz_val_00000309.jpg
vizwiz_val_000310,VizWiz,Can you please tell me the ETA or progress that Scan Disk has completed so far? Thank you very much.,stage 4 5,unanswerable,0.730,1.0,none,data/VizWiz/Images/val/VizWiz_val_00000310.jpg
vizwiz_val_000317,VizWiz,I'm sorry I'm in the hospital and I'm trying to get this set up so that I can use it for accessibili,no items match your search,unanswerable,0.809,1.0,none,data/VizWiz/Images/val/VizWiz_val_00000317.jpg
vizwiz_val_000319,VizWiz,There should be a skin of a document on the screen. Can you please tell me if that's true or not? Th,yes,no,0.723,1.0,none,data/VizWiz/Images/val/VizWiz_val_00000319.jpg
vizwiz_val_000325,VizWiz,Can you tell me what this warning is?,changes,unanswerable,0.787,0.9,none,data/VizWiz/Images/val/VizWiz_val_00000325.jpg
vizwiz_val_000326,VizWiz,just curious to see whether you could read what was on the computer screen just testing this applica,no,unanswerable,0.747,1.0,none,data/VizWiz/Images/val/VizWiz_val_00000326.jpg
vizwiz_val_000327,VizWiz,is there text on this side of the car?,unanswerable,yes,0.819,1.0,answerability,data/VizWiz/Images/val/VizWiz_val_00000327.jpg
vizwiz_val_000328,VizWiz,What is written on the screen?,free memo state phantom,unanswerable,0.785,1.0,none,data/VizWiz/Images/val/VizWiz_val_00000328.jpg
vizwiz_val_000329,VizWiz,Can you tell us what this text says? Thank you.,set password for your account,unanswerable,0.642,1.0,none,data/VizWiz/Images/val/VizWiz_val_00000329.jpg
vizwiz_val_000332,VizWiz,I'm trying again.  I moved the camera.  Can you tell me where this piece of mail is from?  Thank you,unanswerable,"clark p.o. box 2880 vancouver, wa",0.637,1.0,answerability,data/VizWiz/Images/val/VizWiz_val_00000332.jpg
vizwiz_val_000333,VizWiz,Does my computer screen need cleaning?,yes,no,0.698,,none,data/VizWiz/Images/val/VizWiz_val_00000333.jpg
vizwiz_val_000335,VizWiz,What is the computer screen showing?,blank screen,blue screen,0.503,1.0,none,data/VizWiz/Images/val/VizWiz_val_00000335.jpg
vizwiz_val_000336,VizWiz,Can you please tell me what the computer screen says?,your computer will restart several times during,unanswerable,0.783,1.0,none,data/VizWiz/Images/val/VizWiz_val_00000336.jpg
vizwiz_val_000338,VizWiz,Can you read everything on my TV screen?,no,yes,0.733,0.9,none,data/VizWiz/Images/val/VizWiz_val_00000338.jpg
vizwiz_val_000339,VizWiz,Can you see which of this option is for booting into safe mode? Is it above or below the highlighted,unanswerable,above,0.653,0.9,answerability,data/VizWiz/Images/val/VizWiz_val_00000339.jpg
vizwiz_val_000340,VizWiz,"Tell me if there's text what it says on this computer screen, please?",startup repair,unanswerable,0.700,1.0,none,data/VizWiz/Images/val/VizWiz_val_00000340.jpg
vizwiz_val_000342,VizWiz,Can you please describe this picture to me? Thank you.,cartoon,unanswerable,0.709,1.0,none,data/VizWiz/Images/val/VizWiz_val_00000342.jpg
vizwiz_val_000343,VizWiz,What is on this page?,numbers,table,0.529,0.9,none,data/VizWiz/Images/val/VizWiz_val_00000343.jpg
vizwiz_val_000344,VizWiz,I want to know what my screen says.,unanswerable,"search dvd rw drive (e: (w: 75, p: 99)",0.614,1.0,answerability,data/VizWiz/Images/val/VizWiz_val_00000344.jpg
vizwiz_val_000346,VizWiz,What does that say?,unanswerable,coordinating,0.562,1.0,answerability,data/VizWiz/Images/val/VizWiz_val_00000346.jpg
vizwiz_val_000347,VizWiz,What does my computer screen show?,youtube,unanswerable,0.755,1.0,none,data/VizWiz/Images/val/VizWiz_val_00000347.jpg
vizwiz_val_000349,VizWiz,Can you read the screen? Thank you.,no,yes,0.723,1.0,none,data/VizWiz/Images/val/VizWiz_val_00000349.jpg
vizwiz_val_000350,VizWiz,"There are four sets of five numbers on this ticket, can you read them for me?",yes,26 25 26 25 26,0.579,1.0,none,data/VizWiz/Images/val/VizWiz_val_00000350.jpg
vizwiz_val_000351,VizWiz,ok as requested i've moved my camera to the left and can you please tell me what the screen says tha,installing windows,unanswerable,0.693,1.0,none,data/VizWiz/Images/val/VizWiz_val_00000351.jpg
vizwiz_val_000352,VizWiz,Hi there are 4 sets of 5 numbers on this ticket could you read them for me? Thanks.,yes,26 22 24 11 11,0.545,1.0,none,data/VizWiz/Images/val/VizWiz_val_00000352.jpg
vizwiz_val_000359,VizWiz,can you tell what restaurant this is?,no,unanswerable,0.738,0.9,none,data/VizWiz/Images/val/VizWiz_val_00000359.jpg
vizwiz_val_000360,VizWiz,Have I started the system restore? Thanks.,unanswerable,yes,0.873,0.9,answerability,data/VizWiz/Images/val/VizWiz_val_00000360.jpg
vizwiz_val_000361,VizWiz,What is the name of this book?  Thank you.,unanswerable,live and die,0.629,0.9,answerability,data/VizWiz/Images/val/VizWiz_val_00000361.jpg
vizwiz_val_000362,VizWiz,Can you please describe to me what this picture looks like? Thank you.,turned sideways comic strip about ufo,unanswerable,0.701,1.0,none,data/VizWiz/Images/val/VizWiz_val_00000362.jpg
vizwiz_val_000363,VizWiz,What is this item?,piggy bank,doll,0.893,,none,data/VizWiz/Images/val/VizWiz_val_00000363.jpg
vizwiz_val_000365,VizWiz,What does it say underneath windows cannot repair this system automatically? It says start something,unanswerable,start something,0.688,0.9,answerability,data/VizWiz/Images/val/VizWiz_val_00000365.jpg
vizwiz_val_000366,VizWiz,What CD is this?,iphone ipad programming,unanswerable,0.655,0.9,none,data/VizWiz/Images/val/VizWiz_val_00000366.jpg
vizwiz_val_000367,VizWiz,Does practice make perfect? We'll try this later again.,unanswerable,yes,0.830,1.0,answerability,data/VizWiz/Images/val/VizWiz_val_00000367.jpg
vizwiz_val_000369,VizWiz,What does this say?,unanswerable,sauce mix,0.800,1.0,answerability,data/VizWiz/Images/val/VizWiz_val_00000369.jpg
vizwiz_val_000370,VizWiz,Could you tell me if I need to hit enter or can you actually tell if I need to do something else?,yes accept terms,unanswerable,0.664,1.0,none,data/VizWiz/Images/val/VizWiz_val_00000370.jpg
vizwiz_val_000375,VizWiz,In this photo here is it showing me or the back facing camera? If its showing the back of the camera,back facing,unanswerable,0.770,1.0,none,data/VizWiz/Images/val/VizWiz_val_00000375.jpg
vizwiz_val_000377,VizWiz,What text is on the screen?,system ntfs something needs to be checked for consistency something recommended,unanswerable,0.794,1.0,none,data/VizWiz/Images/val/VizWiz_val_00000377.jpg
vizwiz_val_000380,VizWiz,What is this? What is this?,television,tv,0.650,1.0,none,data/VizWiz/Images/val/VizWiz_val_00000380.jpg
vizwiz_val_000381,VizWiz,What does the error message say?,invalid product key,unanswerable,0.780,1.0,none,data/VizWiz/Images/val/VizWiz_val_00000381.jpg
vizwiz_val_000382,VizWiz,My computer won't talk. Can you tell me what's on the screen?,restore your computer using system restore,unanswerable,0.814,1.0,none,data/VizWiz/Images/val/VizWiz_val_00000382.jpg
vizwiz_val_000384,VizWiz,What's on the screen?,reboot screen,unanswerable,0.731,1.0,none,data/VizWiz/Images/val/VizWiz_val_00000384.jpg
vizwiz_val_000385,VizWiz,Can you tell me whose name tag this it? Thank you.,no,unanswerable,0.785,1.0,none,data/VizWiz/Images/val/VizWiz_val_00000385.jpg
vizwiz_val_000386,VizWiz,What is the magnitude of the current through the capacitor?,unanswerable,30,0.746,0.33,answerability,data/VizWiz/Images/val/VizWiz_val_00000386.jpg
vizwiz_val_000388,VizWiz,What does this say?,unanswerable,what time zone are you in?,0.878,1.0,answerability,data/VizWiz/Images/val/VizWiz_val_00000388.jpg
vizwiz_val_000393,VizWiz,What gift card is this?,speedy rewards membership card,speed rewards,0.896,0.9,none,data/VizWiz/Images/val/VizWiz_val_00000393.jpg
vizwiz_val_000397,VizWiz,What's on the screen?,pop up window,startup repair,0.613,1.0,none,data/VizWiz/Images/val/VizWiz_val_00000397.jpg
vizwiz_val_000398,VizWiz,What's on the screen,please visit: wwwhpcom go techcenter,unanswerable,0.734,1.0,none,data/VizWiz/Images/val/VizWiz_val_00000398.jpg
vizwiz_val_000402,VizWiz,Is this valium?,unanswerable,yes,0.793,,answerability,data/VizWiz/Images/val/VizWiz_val_00000402.jpg
vizwiz_val_000403,VizWiz,"Please, I need to know what is this screen.  What is written in this screen?  Thank you.",repair message in spanish,unanswerable,0.659,1.0,none,data/VizWiz/Images/val/VizWiz_val_00000403.jpg
vizwiz_val_000404,VizWiz,What is the screen saying?,do you want to restore your computer,unanswerable,0.734,0.9,none,data/VizWiz/Images/val/VizWiz_val_00000404.jpg
vizwiz_val_000406,VizWiz,"Hi, please tell me what is showing in the message on my computer screen. Thank you.",unanswerable,update,0.583,1.0,answerability,data/VizWiz/Images/val/VizWiz_val_00000406.jpg
vizwiz_val_000407,VizWiz,Why is this computer not booting up?,jaws not responding,unanswerable,0.745,0.9,none,data/VizWiz/Images/val/VizWiz_val_00000407.jpg
vizwiz_val_000409,VizWiz,"Ok, I can't tell what screen this is on at all. And, it won't do anything.",jaws for windows,unanswerable,0.860,1.0,none,data/VizWiz/Images/val/VizWiz_val_00000409.jpg
vizwiz_val_000410,VizWiz,"I pushed the finish button, or at least pressed enter, but nothing seems to be happening.  What does",press enter again to close this pop up,unanswerable,0.687,0.9,none,data/VizWiz/Images/val/VizWiz_val_00000410.jpg
vizwiz_val_000411,VizWiz,Can you tell me what this message says on my computer screen?,no,unanswerable,0.791,1.0,none,data/VizWiz/Images/val/VizWiz_val_00000411.jpg
vizwiz_val_000412,VizWiz,I said what is the title of this paper? Tell me if I need to move it. Thanks.,coordinate plan graphing project,coordinating plan graphing project,0.883,1.0,none,data/VizWiz/Images/val/VizWiz_val_00000412.jpg
vizwiz_val_000416,VizWiz,Can you tell what this visual challenge is on the computer please?  Thank you.,no,unanswerable,0.833,1.0,none,data/VizWiz/Images/val/VizWiz_val_00000416.jpg
vizwiz_val_000417,VizWiz,What am I really seeing here?,television,tv,0.748,1.0,none,data/VizWiz/Images/val/VizWiz_val_00000417.jpg
vizwiz_val_000418,VizWiz,What is this magazine?,2012 eoc,evidence of coverage,0.818,0.9,none,data/VizWiz/Images/val/VizWiz_val_00000418.jpg
vizwiz_val_000419,VizWiz,What is displayed on the computer screen?,start up window,unanswerable,0.655,0.9,none,data/VizWiz/Images/val/VizWiz_val_00000419.jpg
vizwiz_val_000423,VizWiz,What is this a gift card for?,unanswerable,tim hortons,0.894,0.9,answerability,data/VizWiz/Images/val/VizWiz_val_00000423.jpg
vizwiz_val_000425,VizWiz,What's on the screen?,file folders,unanswerable,0.670,1.0,none,data/VizWiz/Images/val/VizWiz_val_00000425.jpg
vizwiz_val_000428,VizWiz,What does this say?,welcome to hp recovery manager,unanswerable,0.810,1.0,none,data/VizWiz/Images/val/VizWiz_val_00000428.jpg
vizwiz_val_000429,VizWiz,"What is, what is on the screen?",startup repair screen,unanswerable,0.610,0.9,none,data/VizWiz/Images/val/VizWiz_val_00000429.jpg
vizwiz_val_000433,VizWiz,What does the text at the top of this screen say?,checking file system on c:,unanswerable,0.768,,none,data/VizWiz/Images/val/VizWiz_val_00000433.jpg
vizwiz_val_000434,VizWiz,What is displayed on my screen?,text,unanswerable,0.676,1.0,none,data/VizWiz/Images/val/VizWiz_val_00000434.jpg
vizwiz_val_000435,VizWiz,Can you tell me what the screen is saying?,no,unanswerable,0.775,1.0,none,data/VizWiz/Images/val/VizWiz_val_00000435.jpg
vizwiz_val_000444,VizWiz,"Is this a receipt? If not, generally what is this piece of paper?",no,receipt,0.886,0.9,none,data/VizWiz/Images/val/VizWiz_val_00000444.jpg
vizwiz_val_000445,VizWiz,"Can you see if there's a year and date, and the team that Ricky Henderson is on, on the back of this",no,yes,0.517,1.0,none,data/VizWiz/Images/val/VizWiz_val_00000445.jpg
vizwiz_val_000447,VizWiz,"Hello there, could you give me an idea of what's on the screen?  Please be as specific as possible. ",error message,unanswerable,0.788,1.0,none,data/VizWiz/Images/val/VizWiz_val_00000447.jpg
vizwiz_val_000449,VizWiz,"Yes, I need a summary of the information that is on the screen as text of a website.  Thank you.",printing digital imaging bindery finishing data processing mailing lists mailing production,unanswerable,0.814,0.9,none,data/VizWiz/Images/val/VizWiz_val_00000449.jpg
vizwiz_val_000452,VizWiz,What are the words on the piece of paper?,ransom down dark hall stranger my face by lois duncan,"ransom, down dark hall, stranger with my face",0.798,0.9,none,data/VizWiz/Images/val/VizWiz_val_00000452.jpg
vizwiz_val_000453,VizWiz,What do you see on my computer screen?,other media restart,unanswerable,0.722,1.0,none,data/VizWiz/Images/val/VizWiz_val_00000453.jpg
vizwiz_val_000454,VizWiz,What is my computer screen showing?,unanswerable,safe mode,0.740,0.9,answerability,data/VizWiz/Images/val/VizWiz_val_00000454.jpg
vizwiz_val_000455,VizWiz,What is this thing?,computer screen,laptop,0.845,1.0,none,data/VizWiz/Images/val/VizWiz_val_00000455.jpg
vizwiz_val_000457,VizWiz,Can you tell me who this is from?,emi health,emith health,0.565,0.9,none,data/VizWiz/Images/val/VizWiz_val_00000457.jpg
vizwiz_val_000459,VizWiz,What does this screen say?,windows boot manager,unanswerable,0.796,1.0,none,data/VizWiz/Images/val/VizWiz_val_00000459.jpg
vizwiz_val_000463,VizWiz,Can you tell me what this message says on my computer screen?,startup repair,unanswerable,0.822,0.9,none,data/VizWiz/Images/val/VizWiz_val_00000463.jpg
vizwiz_val_000464,VizWiz,I am wondering what is happening with my computer?,exiting,unanswerable,0.734,,none,data/VizWiz/Images/val/VizWiz_val_00000464.jpg
vizwiz_val_000466,VizWiz,What does it say on the screen?,next cancel,unanswerable,0.872,1.0,none,data/VizWiz/Images/val/VizWiz_val_00000466.jpg
vizwiz_val_000468,VizWiz,What is on my computer screen?,words,unanswerable,0.687,0.9,none,data/VizWiz/Images/val/VizWiz_val_00000468.jpg
vizwiz_val_000472,VizWiz,What is that a picture of?,computer,laptop,0.733,0.9,none,data/VizWiz/Images/val/VizWiz_val_00000472.jpg
vizwiz_val_000473,VizWiz,What does the computer screen say?,desktop,unanswerable,0.813,1.0,none,data/VizWiz/Images/val/VizWiz_val_00000473.jpg
vizwiz_val_000476,VizWiz,Can you tell what this dialogue box says?,no,unanswerable,0.748,1.0,none,data/VizWiz/Images/val/VizWiz_val_00000476.jpg
vizwiz_val_000478,VizWiz,What's on this card?,05 18,unanswerable,0.672,0.0,none,data/VizWiz/Images/val/VizWiz_val_00000478.jpg
vizwiz_val_000479,VizWiz,What answers do I type in to win the prize,xqb,unanswerable,0.708,1.0,none,data/VizWiz/Images/val/VizWiz_val_00000479.jpg
vizwiz_val_000487,VizWiz,What's on this screen?,blank screen,unanswerable,0.745,1.0,none,data/VizWiz/Images/val/VizWiz_val_00000487.jpg
vizwiz_val_000488,VizWiz,What is this and does it have a name on it?,dell charger,usb,0.507,0.9,none,data/VizWiz/Images/val/VizWiz_val_00000488.jpg
vizwiz_val_000489,VizWiz,Is there some sort of error message on the screen? Thanks!,yes,no,0.741,0.9,none,data/VizWiz/Images/val/VizWiz_val_00000489.jpg
vizwiz_val_000492,VizWiz,What is this computer doing?,checking system,unanswerable,0.714,1.0,none,data/VizWiz/Images/val/VizWiz_val_00000492.jpg
vizwiz_val_000496,VizWiz,What's this?,computer screen,laptop,0.632,1.0,none,data/VizWiz/Images/val/VizWiz_val_00000496.jpg
vizwiz_val_000498,VizWiz,What does this screen say on the laptop?,unanswerable,startup repair,0.696,1.0,answerability,data/VizWiz/Images/val/VizWiz_val_00000498.jpg
vizwiz_val_000499,VizWiz,"Hi, can you tell me what this captcha says on the screen? I just tried one and I think it timed out,",aktir,unanswerable,0.675,1.0,none,data/VizWiz/Images/val/VizWiz_val_00000499.jpg
vizwiz_val_000504,VizWiz,What does this dialogue box say and what's highlighted?,windows cannot repair computer automatically,"dialogue box says ""starting windows start repair"" and ""this computer cannot repair itself automatically""",0.507,0.9,none,data/VizWiz/Images/val/VizWiz_val_00000504.jpg
vizwiz_val_000506,VizWiz,What is this item?,box spray,spray paint,0.722,0.9,none,data/VizWiz/Images/val/VizWiz_val_00000506.jpg
vizwiz_val_000511,VizWiz,What's on the screen?,do you want to restore your computer using system restore,unanswerable,0.611,1.0,none,data/VizWiz/Images/val/VizWiz_val_00000511.jpg
vizwiz_val_000512,VizWiz,"Is there any text on the screen? If so, what does it say?",mac os x,yes,0.557,0.9,none,data/VizWiz/Images/val/VizWiz_val_00000512.jpg
vizwiz_val_000516,VizWiz,What is on the screen?,time zone selection,unanswerable,0.610,0.9,none,data/VizWiz/Images/val/VizWiz_val_00000516.jpg
vizwiz_val_000520,VizWiz,What does this sign say?,unanswerable,please use microwave oven,0.560,1.0,answerability,data/VizWiz/Images/val/VizWiz_val_00000520.jpg
vizwiz_val_000526,VizWiz,Is there a visible model number on the front here?,unanswerable,no,0.835,1.0,answerability,data/VizWiz/Images/val/VizWiz_val_00000526.jpg
vizwiz_val_000530,VizWiz,What does the text in that white box say?,random confirmation code 94f,unanswerable,0.741,1.0,none,data/VizWiz/Images/val/VizWiz_val_00000530.jpg
vizwiz_val_000532,VizWiz,What is the percentage of this download?,98%,unanswerable,0.822,1.0,none,data/VizWiz/Images/val/VizWiz_val_00000532.jpg
vizwiz_val_000534,VizWiz,Is this the front side of the paper?,no,yes,0.779,,none,data/VizWiz/Images/val/VizWiz_val_00000534.jpg
vizwiz_val_000535,VizWiz,Is that the Chrysler building?,no,yes,0.781,,none,data/VizWiz/Images/val/VizWiz_val_00000535.jpg
vizwiz_val_000543,VizWiz,"Okay this label, say either bedtime or calming.",unanswerable,bedtime,0.728,0.9,answerability,data/VizWiz/Images/val/VizWiz_val_00000543.jpg
vizwiz_val_000544,VizWiz,Is this?,computer screen,yes,0.772,1.0,none,data/VizWiz/Images/val/VizWiz_val_00000544.jpg
vizwiz_val_000545,VizWiz,Could you tell me what this screen is saying approximately?,drive options,unanswerable,0.719,0.9,none,data/VizWiz/Images/val/VizWiz_val_00000545.jpg
vizwiz_val_000548,VizWiz,"What's, what's on the screen this time?",pop up,unanswerable,0.678,1.0,none,data/VizWiz/Images/val/VizWiz_val_00000548.jpg
vizwiz_val_000549,VizWiz,Can you describe what this page looks like? Thank you.,white 2 lines text,unanswerable,0.744,1.0,none,data/VizWiz/Images/val/VizWiz_val_00000549.jpg
vizwiz_val_000551,VizWiz,Do you know if I move the cursor with the tab key or the arrow key and either way how many taps do I,unanswerable,tab key,0.599,0.9,answerability,data/VizWiz/Images/val/VizWiz_val_00000551.jpg
vizwiz_val_000552,VizWiz,Could you tell me exactly what's on this computer screen please and the options?,command screen,unanswerable,0.738,1.0,none,data/VizWiz/Images/val/VizWiz_val_00000552.jpg
vizwiz_val_000554,VizWiz,Is the restore processing or waiting for input from me?,processing,waiting,0.897,0.9,none,data/VizWiz/Images/val/VizWiz_val_00000554.jpg
vizwiz_val_000555,VizWiz,Can you tell me what the screen says? The screen capture security code please.,nikeno,unanswerable,0.658,1.0,none,data/VizWiz/Images/val/VizWiz_val_00000555.jpg
vizwiz_val_000556,VizWiz,Yes this is a Google Street View and I need as detailed a description as possible of the image. Than,has house at far end field trees on,unanswerable,0.783,1.0,none,data/VizWiz/Images/val/VizWiz_val_00000556.jpg
vizwiz_val_000557,VizWiz,"Okay, I just wanted to know who the return address is on the, or what the return address is on this ",unanswerable,cwa local 1101,0.793,0.9,answerability,data/VizWiz/Images/val/VizWiz_val_00000557.jpg
vizwiz_val_000558,VizWiz,"Yes, I just need to know what the captcha, or the words are in the captcha image? Thank you.",sonorth 1863,unanswerable,0.761,1.0,none,data/VizWiz/Images/val/VizWiz_val_00000558.jpg
vizwiz_val_000561,VizWiz,What does the screen say?,software license terms,unanswerable,0.770,1.0,none,data/VizWiz/Images/val/VizWiz_val_00000561.jpg
vizwiz_val_000562,VizWiz,"Hi, in the upper left corner of this page is a captcha. I hope you can read it. Thank you.",unanswerable,van,0.776,1.0,answerability,data/VizWiz/Images/val/VizWiz_val_00000562.jpg
vizwiz_val_000563,VizWiz,"Please, I need to know what is the telephone number at this picture?  Thank you.",3233 4347,unanswerable,0.890,1.0,none,data/VizWiz/Images/val/VizWiz_val_00000563.jpg
vizwiz_val_000565,VizWiz,What is the hours on this download,1 hour 25 minutes,15,0.545,1.0,none,data/VizWiz/Images/val/VizWiz_val_00000565.jpg
vizwiz_val_000566,VizWiz,What is my computer screen showing?,do you want to restore your computer using system restore,unanswerable,0.730,1.0,none,data/VizWiz/Images/val/VizWiz_val_00000566.jpg
vizwiz_val_000567,VizWiz,What does it say on the screen?,restore,startup repair,0.638,1.0,none,data/VizWiz/Images/val/VizWiz_val_00000567.jpg
vizwiz_val_000568,VizWiz,What is the picture?,laptop,unanswerable,0.805,0.9,none,data/VizWiz/Images/val/VizWiz_val_00000568.jpg
vizwiz_val_000569,VizWiz,What animal is on this computer screen?,0,unanswerable,0.758,,none,data/VizWiz/Images/val/VizWiz_val_00000569.jpg
vizwiz_val_000570,VizWiz,What was on the table?,notebook,pen,0.581,0.9,none,data/VizWiz/Images/val/VizWiz_val_00000570.jpg
vizwiz_val_000571,VizWiz,What is this screen telling me or asking me to do?,unanswerable,attempting repair,0.639,1.0,answerability,data/VizWiz/Images/val/VizWiz_val_00000571.jpg
vizwiz_val_000572,VizWiz,Can you see the Captcha?,no,yes,0.711,1.0,none,data/VizWiz/Images/val/VizWiz_val_00000572.jpg
vizwiz_val_000574,VizWiz,Yes I just need to know as specifically as possible a description of the image that is in this in th,place in town,unanswerable,0.730,1.0,none,data/VizWiz/Images/val/VizWiz_val_00000574.jpg
vizwiz_val_000575,VizWiz,What's being displayed on the screen?,web page,installing windows,0.593,1.0,none,data/VizWiz/Images/val/VizWiz_val_00000575.jpg
vizwiz_val_000578,VizWiz,What is this?,unanswerable,envelope,0.573,1.0,answerability,data/VizWiz/Images/val/VizWiz_val_00000578.jpg
vizwiz_val_000579,VizWiz,What's on my computer screen?,restart,unanswerable,0.699,1.0,none,data/VizWiz/Images/val/VizWiz_val_00000579.jpg
vizwiz_val_000582,VizWiz,Could I get all the characters in this one?,unanswerable,yes,0.686,1.0,answerability,data/VizWiz/Images/val/VizWiz_val_00000582.jpg
vizwiz_val_000585,VizWiz,What picture is this?,laptop,unanswerable,0.888,0.9,none,data/VizWiz/Images/val/VizWiz_val_00000585.jpg
vizwiz_val_000588,VizWiz,"Is this the google satellite image and I would just like a description of the image, what is seen? T",overlooking neighborhood park in,unanswerable,0.757,1.0,none,data/VizWiz/Images/val/VizWiz_val_00000588.jpg
vizwiz_val_000594,VizWiz,is my dick big?,unanswerable,no,0.665,0.0,answerability,data/VizWiz/Images/val/VizWiz_val_00000594.jpg
vizwiz_val_000595,VizWiz,What is this?,plug,charger,0.572,0.9,none,data/VizWiz/Images/val/VizWiz_val_00000595.jpg
vizwiz_val_000597,VizWiz,What is this?,braille,letter,0.891,1.0,none,data/VizWiz/Images/val/VizWiz_val_00000597.jpg
vizwiz_val_000598,VizWiz,Describe this picture please.,flyer,unanswerable,0.811,1.0,none,data/VizWiz/Images/val/VizWiz_val_00000598.jpg
vizwiz_val_000600,VizWiz,What's on my computer screen?,some letters,unanswerable,0.730,1.0,none,data/VizWiz/Images/val/VizWiz_val_00000600.jpg
vizwiz_val_000601,VizWiz,What does this say?,bar b que restaurant,bar - b - que restaurant,0.741,1.0,none,data/VizWiz/Images/val/VizWiz_val_00000601.jpg
vizwiz_val_000602,VizWiz,What name is this part of this video? Thank you.,more coloratura craziness,unanswerable,0.786,1.0,none,data/VizWiz/Images/val/VizWiz_val_00000602.jpg
vizwiz_val_000603,VizWiz,Can you tell me what's on this computer screen please?,clock,unanswerable,0.717,1.0,none,data/VizWiz/Images/val/VizWiz_val_00000603.jpg
vizwiz_val_000604,VizWiz,What is this?,computer,remote control,0.685,0.9,none,data/VizWiz/Images/val/VizWiz_val_00000604.jpg
vizwiz_val_000609,VizWiz,What's this say?,skype skype record seamonkey winamp etc,unanswerable,0.855,1.0,none,data/VizWiz/Images/val/VizWiz_val_00000609.jpg
vizwiz_val_000613,VizWiz,What is the number on this building that I just photographed? This is Yappapi College.,unanswerable,3,0.960,1.0,answerability,data/VizWiz/Images/val/VizWiz_val_00000613.jpg
vizwiz_val_000615,VizWiz,"How many, hey, hey listen. How many ounces is this container?",unanswerable,16,0.567,1.0,answerability,data/VizWiz/Images/val/VizWiz_val_00000615.jpg
vizwiz_val_000616,VizWiz,Please rate the counter.,02577039,unanswerable,0.812,,none,data/VizWiz/Images/val/VizWiz_val_00000616.jpg
vizwiz_val_000619,VizWiz,Can you please me?  Can you please tell me?  Can you please tell me what's on the screen of this com,not clear,unanswerable,0.736,1.0,none,data/VizWiz/Images/val/VizWiz_val_00000619.jpg
vizwiz_val_000620,VizWiz,Have the check disk command completed and were there any messages or errors shown?,unanswerable,yes,0.703,0.9,answerability,data/VizWiz/Images/val/VizWiz_val_00000620.jpg
vizwiz_val_000622,VizWiz,What is written here?,nothing,unanswerable,0.826,1.0,none,data/VizWiz/Images/val/VizWiz_val_00000622.jpg
vizwiz_val_000625,VizWiz,Can you tell me what sort of card this is?,harveys hometown rewards,credit card,0.735,0.9,none,data/VizWiz/Images/val/VizWiz_val_00000625.jpg
vizwiz_val_000631,VizWiz,What is this?,medicine,unanswerable,0.540,,none,data/VizWiz/Images/val/VizWiz_val_00000631.jpg
vizwiz_val_000641,VizWiz,What this that picture?,table,unanswerable,0.600,1.0,none,data/VizWiz/Images/val/VizWiz_val_00000641.jpg
vizwiz_val_000643,VizWiz,What kind of a bite is this?,mosquito,unanswerable,0.747,1.0,none,data/VizWiz/Images/val/VizWiz_val_00000643.jpg
vizwiz_val_000649,VizWiz,Is the answer,unanswerable,,0.549,1.0,answerability,data/VizWiz/Images/val/VizWiz_val_00000649.jpg
vizwiz_val_000650,VizWiz,what can i hear on the screen.,nothing,unanswerable,0.790,1.0,none,data/VizWiz/Images/val/VizWiz_val_00000650.jpg
vizwiz_val_000653,VizWiz,"Is there anything on the screen, something about start up?",no,yes,0.675,0.9,none,data/VizWiz/Images/val/VizWiz_val_00000653.jpg
vizwiz_val_000661,VizWiz,Is this a snakebite?,unanswerable,no,0.798,,answerability,data/VizWiz/Images/val/VizWiz_val_00000661.jpg
vizwiz_val_000676,VizWiz,Okay I've taken a picture of the back of my laptop and I need the serial number which is in the batt,unanswerable,visible,0.719,1.0,answerability,data/VizWiz/Images/val/VizWiz_val_00000676.jpg
vizwiz_val_000677,VizWiz,What's on the screen?,web page,unanswerable,0.665,1.0,none,data/VizWiz/Images/val/VizWiz_val_00000677.jpg
vizwiz_val_000678,VizWiz,What is this?,unanswerable,paper,0.624,1.0,answerability,data/VizWiz/Images/val/VizWiz_val_00000678.jpg
vizwiz_val_000681,VizWiz,What is this?,mail,unanswerable,0.626,1.0,none,data/VizWiz/Images/val/VizWiz_val_00000681.jpg
vizwiz_val_000692,VizWiz,What can you see?,person that barely in image head arm,unanswerable,0.665,0.0,none,data/VizWiz/Images/val/VizWiz_val_00000692.jpg
vizwiz_val_000693,VizWiz,"Can you please tell me if this laptop is coming up or if the screen is blank, thank you.",coming up,unanswerable,0.654,1.0,none,data/VizWiz/Images/val/VizWiz_val_00000693.jpg
vizwiz_val_000698,VizWiz,is this screen on the desktop or is there any word on here involving installing updates,no,desktop,0.721,0.9,none,data/VizWiz/Images/val/VizWiz_val_00000698.jpg
vizwiz_val_000700,VizWiz,Who can read this for me?,navigation app,unanswerable,0.833,0.9,none,data/VizWiz/Images/val/VizWiz_val_00000700.jpg
vizwiz_val_000703,VizWiz,Does this say anything?,unanswerable,no,0.766,0.0,answerability,data/VizWiz/Images/val/VizWiz_val_00000703.jpg
vizwiz_val_000704,VizWiz,What is this a picture of? From a new user.,laptop,keyboard,0.816,0.9,none,data/VizWiz/Images/val/VizWiz_val_00000704.jpg
vizwiz_val_000705,VizWiz,What is this?,crowdworking info,unanswerable,0.645,0.9,none,data/VizWiz/Images/val/VizWiz_val_00000705.jpg
vizwiz_val_000707,VizWiz,what is this?,unanswerable,credit card,0.676,1.0,answerability,data/VizWiz/Images/val/VizWiz_val_00000707.jpg
vizwiz_val_000708,VizWiz,What is this?,coupons,newspaper,0.725,0.9,none,data/VizWiz/Images/val/VizWiz_val_00000708.jpg
vizwiz_val_000713,VizWiz,What is this?,bulletin board,paper,0.521,1.0,none,data/VizWiz/Images/val/VizWiz_val_00000713.jpg
vizwiz_val_000715,VizWiz,What does it say on screen?,unanswerable,welcome to recovery manager,0.569,1.0,answerability,data/VizWiz/Images/val/VizWiz_val_00000715.jpg
vizwiz_val_000717,VizWiz,When does this task expire?,04 11 12,unanswerable,0.781,1.0,none,data/VizWiz/Images/val/VizWiz_val_00000717.jpg
vizwiz_val_000718,VizWiz,What did i just read on my pc?,vizwiz,unanswerable,0.775,1.0,none,data/VizWiz/Images/val/VizWiz_val_00000718.jpg
vizwiz_val_000720,VizWiz,What is in front of me?,cars,grass,0.651,0.0,none,data/VizWiz/Images/val/VizWiz_val_00000720.jpg
vizwiz_val_000721,VizWiz,And another try.  Did I get the model number this time?,unanswerable,yes,0.732,1.0,answerability,data/VizWiz/Images/val/VizWiz_val_00000721.jpg
vizwiz_val_000727,VizWiz,Can you tell what this is a gift card for?,unanswerable,no,0.810,0.0,answerability,data/VizWiz/Images/val/VizWiz_val_00000727.jpg
vizwiz_val_000729,VizWiz,"Is the sticker visible now? If it is, what does it say?",unanswerable,no,0.770,0.0,answerability,data/VizWiz/Images/val/VizWiz_val_00000729.jpg
vizwiz_val_000731,VizWiz,"ok I moved back a little further taking the photo again.  My speech has stopped, so I don't know whe",no,unanswerable,0.770,1.0,none,data/VizWiz/Images/val/VizWiz_val_00000731.jpg
vizwiz_val_000734,VizWiz,What color is this and what is it?,brown teddy bear,blue,0.545,0.9,none,data/VizWiz/Images/val/VizWiz_val_00000734.jpg
vizwiz_val_000740,VizWiz,What is the computer screen showing?,advanced boot options,computer screen,0.513,1.0,none,data/VizWiz/Images/val/VizWiz_val_00000740.jpg
vizwiz_val_000741,VizWiz,Can you please tell me the progress of the discount that's taking place?,29% complete,unanswerable,0.768,0.9,none,data/VizWiz/Images/val/VizWiz_val_00000741.jpg
vizwiz_val_000742,VizWiz,What is this? What was the answer that you got?,unanswerable,screencast o matic,0.726,1.0,answerability,data/VizWiz/Images/val/VizWiz_val_00000742.jpg
vizwiz_val_000744,VizWiz,What is this thing?,unanswerable,pill,0.770,0.9,answerability,data/VizWiz/Images/val/VizWiz_val_00000744.jpg
vizwiz_val_000750,VizWiz,What is this?,buildings,city,0.678,0.9,none,data/VizWiz/Images/val/VizWiz_val_00000750.jpg
vizwiz_val_000751,VizWiz,What does this CAPTCHA say?,ionsuo,unanswerable,0.768,1.0,none,data/VizWiz/Images/val/VizWiz_val_00000751.jpg
vizwiz_val_000753,VizWiz,What is this?,boy,unanswerable,0.673,1.0,none,data/VizWiz/Images/val/VizWiz_val_00000753.jpg
vizwiz_val_000754,VizWiz,Can you tell me what screen this is?,browser screen,ipod,0.503,0.9,none,data/VizWiz/Images/val/VizWiz_val_00000754.jpg
vizwiz_val_000760,VizWiz,Alright. I'm trying to get a number off of this card and I was wondering if you could be able to rea,799852896,unanswerable,0.675,1.0,none,data/VizWiz/Images/val/VizWiz_val_00000760.jpg
vizwiz_val_000766,VizWiz,"I need to know specifically what is written across the screen on this computer, please.",nothing,unanswerable,0.783,1.0,none,data/VizWiz/Images/val/VizWiz_val_00000766.jpg
vizwiz_val_000770,VizWiz,What is this?,menu,cookbook,0.558,1.0,none,data/VizWiz/Images/val/VizWiz_val_00000770.jpg
vizwiz_val_000771,VizWiz,What is on the screen?,desktop,windows,0.566,0.9,none,data/VizWiz/Images/val/VizWiz_val_00000771.jpg
vizwiz_val_000772,VizWiz,What title is this?,every now then,unanswerable,0.842,0.9,none,data/VizWiz/Images/val/VizWiz_val_00000772.jpg
vizwiz_val_000775,VizWiz,Where are you?,unidentified,bedroom,0.709,1.0,none,data/VizWiz/Images/val/VizWiz_val_00000775.jpg
vizwiz_val_000777,VizWiz,"Please tell me what's on the screen. It'll either be, well probably an error message. So, Please tel",install windows,error message,0.567,1.0,none,data/VizWiz/Images/val/VizWiz_val_00000777.jpg
vizwiz_val_000781,VizWiz,What is the price of the french fries?,1.29 1.99,1.29/1.99,0.848,0.9,none,data/VizWiz/Images/val/VizWiz_val_00000781.jpg
vizwiz_val_000784,VizWiz,Yes this is a google street view and I just want a description of the image please be as detailed as,view multistory building in suburbs,unanswerable,0.751,1.0,none,data/VizWiz/Images/val/VizWiz_val_00000784.jpg
vizwiz_val_000786,VizWiz,what's this?,computer screen,iphone,0.585,1.0,none,data/VizWiz/Images/val/VizWiz_val_00000786.jpg
vizwiz_val_000787,VizWiz,What's on the screen?,search results,unanswerable,0.633,0.9,none,data/VizWiz/Images/val/VizWiz_val_00000787.jpg
vizwiz_val_000793,VizWiz,What is this?,winners for life 2005,trophy,0.743,1.0,none,data/VizWiz/Images/val/VizWiz_val_00000793.jpg
vizwiz_val_000796,VizWiz,Am I still at the login screen and if I am how do I get to the user name BBM99756 using keyboard com,unanswerable,yes,0.768,0.9,answerability,data/VizWiz/Images/val/VizWiz_val_00000796.jpg
vizwiz_val_000799,VizWiz,What is this screen?,windows update install,laptop,0.549,0.9,none,data/VizWiz/Images/val/VizWiz_val_00000799.jpg
vizwiz_val_000801,VizWiz,What is it?,itunes,tablet,0.596,1.0,none,data/VizWiz/Images/val/VizWiz_val_00000801.jpg
vizwiz_val_000803,VizWiz,What colors are in this shirt?,red white,red and white,0.929,1.0,none,data/VizWiz/Images/val/VizWiz_val_00000803.jpg
vizwiz_val_000809,VizWiz,"Do you guys see the word mac ID? And if you do, what's the Mac ID number?",unanswerable,no,0.723,1.0,answerability,data/VizWiz/Images/val/VizWiz_val_00000809.jpg
vizwiz_val_000811,VizWiz,"Can you read this paper, please?",unanswerable,yes,0.620,1.0,answerability,data/VizWiz/Images/val/VizWiz_val_00000811.jpg
vizwiz_val_000817,VizWiz,How fast is my up and download?,31.45 34.52,34.5 mb/s,0.656,0.9,none,data/VizWiz/Images/val/VizWiz_val_00000817.jpg
vizwiz_val_000819,VizWiz,I was actually talking to somebody. My other phone died. Can you actually tell me if you can see the,no,unanswerable,0.744,1.0,none,data/VizWiz/Images/val/VizWiz_val_00000819.jpg
vizwiz_val_000820,VizWiz,What color is my Mac?,silver,white,0.834,0.9,none,data/VizWiz/Images/val/VizWiz_val_00000820.jpg
vizwiz_val_000822,VizWiz,is there anything on the screen that has to do with windows 8 install?,yes,no,0.776,,none,data/VizWiz/Images/val/VizWiz_val_00000822.jpg
vizwiz_val_000826,VizWiz,Do you tell me what kind of car this is?,lincoln,police car,0.517,0.9,none,data/VizWiz/Images/val/VizWiz_val_00000826.jpg
vizwiz_val_000831,VizWiz,The code on this iTunes gift card.,unanswerable,25,0.855,0.9,answerability,data/VizWiz/Images/val/VizWiz_val_00000831.jpg
vizwiz_val_000833,VizWiz,What kind of card is this?,itunes,scratch off,0.732,0.9,none,data/VizWiz/Images/val/VizWiz_val_00000833.jpg
vizwiz_val_000837,VizWiz,"What does it show on the screen of the computer?  Note it is an..it is an asus 56e computer, what do",dialog boxes over desktop,unanswerable,0.650,0.9,none,data/VizWiz/Images/val/VizWiz_val_00000837.jpg
vizwiz_val_000838,VizWiz,What is this?,unanswerable,phone,0.523,1.0,answerability,data/VizWiz/Images/val/VizWiz_val_00000838.jpg
vizwiz_val_000839,VizWiz,What letters do I type in to win?,wfi,wifi,0.531,1.0,none,data/VizWiz/Images/val/VizWiz_val_00000839.jpg
vizwiz_val_000841,VizWiz,Can you tell what size this shirt is?,xx large,no,0.778,1.0,none,data/VizWiz/Images/val/VizWiz_val_00000841.jpg
vizwiz_val_000842,VizWiz,What is in this picture?,computer,laptop,0.824,1.0,none,data/VizWiz/Images/val/VizWiz_val_00000842.jpg
vizwiz_val_000845,VizWiz,"Yes, this is a Google Street View. I need a description,, as detailed as possible, of the image, and",no bus stop,unanswerable,0.740,1.0,none,data/VizWiz/Images/val/VizWiz_val_00000845.jpg
vizwiz_val_000847,VizWiz,What does this say?,icons,unanswerable,0.816,1.0,none,data/VizWiz/Images/val/VizWiz_val_00000847.jpg
vizwiz_val_000849,VizWiz,Which laptop is this?,unanswerable,hp,0.905,1.0,answerability,data/VizWiz/Images/val/VizWiz_val_00000849.jpg
vizwiz_val_000850,VizWiz,what do you see?,computer screen,laptop,0.677,1.0,none,data/VizWiz/Images/val/VizWiz_val_00000850.jpg
vizwiz_val_000854,VizWiz,What is that?,parking lot,car,0.800,1.0,none,data/VizWiz/Images/val/VizWiz_val_00000854.jpg
vizwiz_val_000855,VizWiz,Can you tell me what this screen says? Thank you.,unanswerable,chromium - kobli til,0.654,1.0,answerability,data/VizWiz/Images/val/VizWiz_val_00000855.jpg
vizwiz_val_000858,VizWiz,What does it say?,free computers for visually impaired persons,unanswerable,0.839,1.0,none,data/VizWiz/Images/val/VizWiz_val_00000858.jpg
vizwiz_val_000859,VizWiz,What does this say?,estados unidos mexicanos,unanswerable,0.700,1.0,none,data/VizWiz/Images/val/VizWiz_val_00000859.jpg
vizwiz_val_000861,VizWiz,"I need to know the captcha code if anyone could, please. Thanks.",2rm5,unanswerable,0.738,1.0,none,data/VizWiz/Images/val/VizWiz_val_00000861.jpg
vizwiz_val_000864,VizWiz,What is this?,bottle something facing wrong way,hand sanitizer,0.616,0.9,none,data/VizWiz/Images/val/VizWiz_val_00000864.jpg
vizwiz_val_000866,VizWiz,yes I need a description of this Google street view image. Thank you.,grass trees,unanswerable,0.710,1.0,none,data/VizWiz/Images/val/VizWiz_val_00000866.jpg
vizwiz_val_000874,VizWiz,What do you see on the screen?,pop up message,unanswerable,0.582,1.0,none,data/VizWiz/Images/val/VizWiz_val_00000874.jpg
vizwiz_val_000875,VizWiz,What is this?,monitor,computer,0.542,1.0,none,data/VizWiz/Images/val/VizWiz_val_00000875.jpg
vizwiz_val_000877,VizWiz,What is the password shown in this captcha?,38i9rg48,unanswerable,0.866,1.0,none,data/VizWiz/Images/val/VizWiz_val_00000877.jpg
vizwiz_val_000879,VizWiz,what is the number on the building that is yupacai college in prescott arizona,unanswerable,3,0.976,1.0,answerability,data/VizWiz/Images/val/VizWiz_val_00000879.jpg
vizwiz_val_000880,VizWiz,What is on the screen?,changes to your computer,unanswerable,0.594,1.0,none,data/VizWiz/Images/val/VizWiz_val_00000880.jpg
vizwiz_val_000881,VizWiz,Which sieve is healthy choice?,right,chicken noodle,0.828,1.0,none,data/VizWiz/Images/val/VizWiz_val_00000881.jpg
vizwiz_val_000882,VizWiz,What does it say on the screen?,800 643 2112 siriusxmcom,unanswerable,0.720,0.9,none,data/VizWiz/Images/val/VizWiz_val_00000882.jpg
vizwiz_val_000886,VizWiz,What did I just read on my PC?,vizwiz,unanswerable,0.738,1.0,none,data/VizWiz/Images/val/VizWiz_val_00000886.jpg
vizwiz_val_000887,VizWiz,ISD confirmed February 8th and 9th. Does that work for you guys?,unanswerable,yes,0.784,1.0,answerability,data/VizWiz/Images/val/VizWiz_val_00000887.jpg
vizwiz_val_000892,VizWiz,Can you tell me what is on this screen? Is it the desktop or something else?,error message,desktop,0.860,0.9,none,data/VizWiz/Images/val/VizWiz_val_00000892.jpg
vizwiz_val_000894,VizWiz,What does this caption say?,97zh,unanswerable,0.855,1.0,none,data/VizWiz/Images/val/VizWiz_val_00000894.jpg
vizwiz_val_000896,VizWiz,Yes this is an image from google maps. I need a detailed description of the image. Thank you.,looking down small road between 2 brick buildings,unanswerable,0.788,1.0,none,data/VizWiz/Images/val/VizWiz_val_00000896.jpg
vizwiz_val_000902,VizWiz,"Yes, I would just like a description of the visual image which is a Google Street View of a given lo",park,unanswerable,0.719,1.0,none,data/VizWiz/Images/val/VizWiz_val_00000902.jpg
vizwiz_val_000903,VizWiz,Can you tell me the price of this computer please?,12999.01,"$12,999.01",0.909,0.9,none,data/VizWiz/Images/val/VizWiz_val_00000903.jpg
vizwiz_val_000904,VizWiz,What does the caption say?,paypal,unanswerable,0.833,0.7,none,data/VizWiz/Images/val/VizWiz_val_00000904.jpg
vizwiz_val_000908,VizWiz,Can you tell me what the thing in the box says?,delightful grandchildren,unanswerable,0.793,1.0,none,data/VizWiz/Images/val/VizWiz_val_00000908.jpg
vizwiz_val_000911,VizWiz,has this candle been burnt or is it new,burnt,new,0.881,0.9,none,data/VizWiz/Images/val/VizWiz_val_00000911.jpg
vizwiz_val_000912,VizWiz,What is this?,unanswerable,card,0.665,1.0,answerability,data/VizWiz/Images/val/VizWiz_val_00000912.jpg
vizwiz_val_000919,VizWiz,It is a box.,no,unanswerable,0.806,1.0,none,data/VizWiz/Images/val/VizWiz_val_00000919.jpg
vizwiz_val_000920,VizWiz,Please tell which screen I'm on? I'm trying to access the boot menu and I'm trying to boot from a US,please select boot device,boot menu,0.671,0.9,none,data/VizWiz/Images/val/VizWiz_val_00000920.jpg
vizwiz_val_000925,VizWiz,What does this computer screen say?,nib,unanswerable,0.786,1.0,none,data/VizWiz/Images/val/VizWiz_val_00000925.jpg
vizwiz_val_000927,VizWiz,What text is on the screen please?,waiting for jaws,unanswerable,0.719,1.0,none,data/VizWiz/Images/val/VizWiz_val_00000927.jpg
vizwiz_val_000928,VizWiz,Yes I need to determine the word that is in this captcha image. Thank you.,wgtpv,wgpwpwpwpwpwpwpwpwpwpwpwpwpwpwpwpwpwpwpwpwpwpwpwpwpwpwpwpwpwpwpwpwpwpwpwpwpwpwpwpwpwpwpwpwpwpwpwpwpwpwpwpwpwpwpwpwpwpwpwpwpwpwpwpwpwpwpwpwpwpwpwpwpwpwpwpwpwpwpwpwpwpwpwpwpwpwpwpwpwpwpwpwpwpwpwpwpwpwpwpwpwpwpwpwpwpwpwpwpwpwpwpwpwpwpwpwpwpwpwpwpwpwpwpwpwp,0.939,1.0,none,data/VizWiz/Images/val/VizWiz_val_00000928.jpg
vizwiz_val_000930,VizWiz,"This is the display of a treadmill, can you tell me the distance in miles off the top display please",unanswerable,3.93,0.845,0.9,answerability,data/VizWiz/Images/val/VizWiz_val_00000930.jpg
vizwiz_val_000931,VizWiz,What's being displayed on my screen?,windows needs to restart to continue,unanswerable,0.696,1.0,none,data/VizWiz/Images/val/VizWiz_val_00000931.jpg
vizwiz_val_000933,VizWiz,Number of counter.,unanswerable,1,0.504,0.9,answerability,data/VizWiz/Images/val/VizWiz_val_00000933.jpg
vizwiz_val_000935,VizWiz,Type of ticket is this. Is this a pick four or Carolina pick five?,carolina cash 5,pick five,0.712,1.0,none,data/VizWiz/Images/val/VizWiz_val_00000935.jpg
vizwiz_val_000936,VizWiz,What is this picture of?,instructions,paper,0.634,1.0,none,data/VizWiz/Images/val/VizWiz_val_00000936.jpg
vizwiz_val_000939,VizWiz,What is this item?,cd,glasses,0.746,0.9,none,data/VizWiz/Images/val/VizWiz_val_00000939.jpg
vizwiz_val_000940,VizWiz,Can you tell me the color of the screen or if there's any writing on it?,blue green,unanswerable,0.576,1.0,none,data/VizWiz/Images/val/VizWiz_val_00000940.jpg
vizwiz_val_000947,VizWiz,"In this picture, is the singer's mouth wider from top to bottom, or from side to side? Thank you.",unanswerable,side to side,0.778,0.9,answerability,data/VizWiz/Images/val/VizWiz_val_00000947.jpg
vizwiz_val_000949,VizWiz,Does this outfit match?,yes,no,0.741,,none,data/VizWiz/Images/val/VizWiz_val_00000949.jpg
vizwiz_val_000950,VizWiz,Can you read some of the text on the green?,computer organization design,unanswerable,0.661,1.0,none,data/VizWiz/Images/val/VizWiz_val_00000950.jpg
vizwiz_val_000954,VizWiz,What does this say?,repair log,unanswerable,0.697,1.0,none,data/VizWiz/Images/val/VizWiz_val_00000954.jpg
vizwiz_val_000957,VizWiz,"If you can see my computer screen, what does it look like and what does it say?",black screen,unanswerable,0.713,1.0,none,data/VizWiz/Images/val/VizWiz_val_00000957.jpg
vizwiz_val_000958,VizWiz,"Is there any numbers on this paper? And if so, please tell me what they are.",unanswerable,no,0.532,1.0,answerability,data/VizWiz/Images/val/VizWiz_val_00000958.jpg
vizwiz_val_000959,VizWiz,I'm trying to figure out if you could tell me what button to push.,lower right more on demand button maybe exit button,unanswerable,0.647,1.0,none,data/VizWiz/Images/val/VizWiz_val_00000959.jpg
vizwiz_val_000962,VizWiz,Where am I?,dunkin donuts baskin robbins,unanswerable,0.690,0.9,none,data/VizWiz/Images/val/VizWiz_val_00000962.jpg
vizwiz_val_000964,VizWiz,What is this capture?,was uctoft,unanswerable,0.769,1.0,none,data/VizWiz/Images/val/VizWiz_val_00000964.jpg
vizwiz_val_000965,VizWiz,What's in this box.,microsoft office enterprise,office enterprise 2007,0.827,1.0,none,data/VizWiz/Images/val/VizWiz_val_00000965.jpg
vizwiz_val_000966,VizWiz,Please read me the error message on the screen.,invalid product key,unanswerable,0.719,1.0,none,data/VizWiz/Images/val/VizWiz_val_00000966.jpg
vizwiz_val_000969,VizWiz,Is there a name of this card?,unanswerable,hp,0.763,1.0,answerability,data/VizWiz/Images/val/VizWiz_val_00000969.jpg
vizwiz_val_000972,VizWiz,Can you tell what type of Dell computer this is from this sticker? Is it a Dell 1012?,unanswerable,no,0.727,0.9,answerability,data/VizWiz/Images/val/VizWiz_val_00000972.jpg
vizwiz_val_000975,VizWiz,What are key resources are managers for assisting with loss prevention?,unanswerable,army center for sexual assault prevention and response program,0.693,1.0,answerability,data/VizWiz/Images/val/VizWiz_val_00000975.jpg
vizwiz_val_000976,VizWiz,What is this?,computer screen,laptop,0.574,0.9,none,data/VizWiz/Images/val/VizWiz_val_00000976.jpg
vizwiz_val_000977,VizWiz,what's this,computer screen,unanswerable,0.672,1.0,none,data/VizWiz/Images/val/VizWiz_val_00000977.jpg
vizwiz_val_000982,VizWiz,What is this?,essay,paper,0.750,0.9,none,data/VizWiz/Images/val/VizWiz_val_00000982.jpg
vizwiz_val_000985,VizWiz,What is?,chex mix,chip bag,0.654,0.9,none,data/VizWiz/Images/val/VizWiz_val_00000985.jpg
vizwiz_val_000989,VizWiz,Which button is selected?,no,yes,0.755,1.0,none,data/VizWiz/Images/val/VizWiz_val_00000989.jpg
vizwiz_val_000991,VizWiz,Alright trying to see as much information about this sticker as possible.  It's on a piece of furnit,sears $249.99,unanswerable,0.878,1.0,none,data/VizWiz/Images/val/VizWiz_val_00000991.jpg
vizwiz_val_000994,VizWiz,In this video is the singer's mouth wider from top to bottom or side-to-side? Thank you.,unanswerable,side-to-side,0.898,0.9,answerability,data/VizWiz/Images/val/VizWiz_val_00000994.jpg
vizwiz_val_001001,VizWiz,Is there a shortcut key combination I can get to start the install?,unanswerable,yes,0.685,1.0,answerability,data/VizWiz/Images/val/VizWiz_val_00001001.jpg
vizwiz_val_001004,VizWiz,What is this,card,letter,0.688,1.0,none,data/VizWiz/Images/val/VizWiz_val_00001004.jpg
vizwiz_val_001005,VizWiz,"What text is on my computer screen in this image, if any?",checking file system,unanswerable,0.792,1.0,none,data/VizWiz/Images/val/VizWiz_val_00001005.jpg
vizwiz_val_001009,VizWiz,describe the monitor,startup issue on hp computer,unanswerable,0.842,0.0,none,data/VizWiz/Images/val/VizWiz_val_00001009.jpg
vizwiz_val_001011,VizWiz,What does this say?,total was 15$ paid by visa,unanswerable,0.791,0.9,none,data/VizWiz/Images/val/VizWiz_val_00001011.jpg
vizwiz_val_001014,VizWiz,What this is say,close program,unanswerable,0.826,1.0,none,data/VizWiz/Images/val/VizWiz_val_00001014.jpg
vizwiz_val_001015,VizWiz,what is this?,computer screen,computer monitor,0.588,,none,data/VizWiz/Images/val/VizWiz_val_00001015.jpg
vizwiz_val_001016,VizWiz,How much is this bill?,35.05,unanswerable,0.842,1.0,none,data/VizWiz/Images/val/VizWiz_val_00001016.jpg
vizwiz_val_001018,VizWiz,What is this?,office,unanswerable,0.572,0.9,none,data/VizWiz/Images/val/VizWiz_val_00001018.jpg
vizwiz_val_001021,VizWiz,Describe the picture,computer screen,unanswerable,0.868,0.9,none,data/VizWiz/Images/val/VizWiz_val_00001021.jpg
vizwiz_val_001023,VizWiz,Can you please identify what's on the computer screen for me please?,windows shut down error screen,unanswerable,0.698,1.0,none,data/VizWiz/Images/val/VizWiz_val_00001023.jpg
vizwiz_val_001024,VizWiz,Can you tell me who this is and what team they are playing for?,unanswerable,david,0.553,1.0,answerability,data/VizWiz/Images/val/VizWiz_val_00001024.jpg
vizwiz_val_001026,VizWiz,what is this?,unanswerable,paper,0.809,1.0,answerability,data/VizWiz/Images/val/VizWiz_val_00001026.jpg
vizwiz_val_001029,VizWiz,What kind of card is this?,unanswerable,credit card,0.774,1.0,answerability,data/VizWiz/Images/val/VizWiz_val_00001029.jpg
vizwiz_val_001036,VizWiz,Describe the picture.,left upper side computer image,unanswerable,0.838,1.0,none,data/VizWiz/Images/val/VizWiz_val_00001036.jpg
vizwiz_val_001037,VizWiz,What is the number of this building that I've just photographed?,unanswerable,3,0.973,1.0,answerability,data/VizWiz/Images/val/VizWiz_val_00001037.jpg
vizwiz_val_001038,VizWiz,Can you please tell me what the progress is on the screen?,almost done,unanswerable,0.800,1.0,none,data/VizWiz/Images/val/VizWiz_val_00001038.jpg
vizwiz_val_001043,VizWiz,What does the screen say?,do you want following program to make changes to this computer,unanswerable,0.686,1.0,none,data/VizWiz/Images/val/VizWiz_val_00001043.jpg
vizwiz_val_001044,VizWiz,What is this?,unanswerable,paper,0.817,,answerability,data/VizWiz/Images/val/VizWiz_val_00001044.jpg
vizwiz_val_001045,VizWiz,What make is this laptop?,unanswerable,dell,0.726,1.0,answerability,data/VizWiz/Images/val/VizWiz_val_00001045.jpg
vizwiz_val_001046,VizWiz,What are any of the words on this? What does any of this say?,notice pendency class action,unanswerable,0.700,1.0,none,data/VizWiz/Images/val/VizWiz_val_00001046.jpg
vizwiz_val_001047,VizWiz,This is a computer.,yes,unanswerable,0.716,1.0,none,data/VizWiz/Images/val/VizWiz_val_00001047.jpg
vizwiz_val_001050,VizWiz,What letters do I type in to win?,unanswerable,cp,0.680,1.0,answerability,data/VizWiz/Images/val/VizWiz_val_00001050.jpg
vizwiz_val_001051,VizWiz,What is it?,computer,laptop,0.823,,none,data/VizWiz/Images/val/VizWiz_val_00001051.jpg
vizwiz_val_001055,VizWiz,Do you think I just need to press Enter or does the cursor need moved first?,move cursor,press enter,0.710,0.9,none,data/VizWiz/Images/val/VizWiz_val_00001055.jpg
vizwiz_val_001057,VizWiz,What is the picture?,app updates,unanswerable,0.682,1.0,none,data/VizWiz/Images/val/VizWiz_val_00001057.jpg
vizwiz_val_001058,VizWiz,How much are the french fries?,small $1.29 large $1.99,$1.29/1.99,0.843,0.9,none,data/VizWiz/Images/val/VizWiz_val_00001058.jpg
vizwiz_val_001060,VizWiz,Is it a fax? Is it a box?,no,unanswerable,0.775,0.0,none,data/VizWiz/Images/val/VizWiz_val_00001060.jpg
vizwiz_val_001065,VizWiz,What does the screen say?,kings castle xx5c4 home 5662,unanswerable,0.727,1.0,none,data/VizWiz/Images/val/VizWiz_val_00001065.jpg
vizwiz_val_001069,VizWiz,Hi can you tell me how far along the scan disk is now? Thanks.,unanswerable,100%,0.519,1.0,answerability,data/VizWiz/Images/val/VizWiz_val_00001069.jpg
vizwiz_val_001071,VizWiz,Is there an ID on this cot?,unanswerable,yes,0.749,1.0,answerability,data/VizWiz/Images/val/VizWiz_val_00001071.jpg
vizwiz_val_001075,VizWiz,What does my screen say?,attempting repairs,unanswerable,0.809,1.0,none,data/VizWiz/Images/val/VizWiz_val_00001075.jpg
vizwiz_val_001078,VizWiz,I need to know what the image says so I can get this password reset.,pkrsf,unanswerable,0.821,1.0,none,data/VizWiz/Images/val/VizWiz_val_00001078.jpg
vizwiz_val_001079,VizWiz,What does this say on my screen?,windows memory diagnostics,unanswerable,0.729,1.0,none,data/VizWiz/Images/val/VizWiz_val_00001079.jpg
vizwiz_val_001080,VizWiz,are you able to see the security on this for me?,essauryst,unanswerable,0.684,1.0,none,data/VizWiz/Images/val/VizWiz_val_00001080.jpg
vizwiz_val_001085,VizWiz,"What does it show on the screen?  If you can't tell me what it shows on the screen, then please tell",take closer less blurry picture,unanswerable,0.774,0.0,none,data/VizWiz/Images/val/VizWiz_val_00001085.jpg
vizwiz_val_001087,VizWiz,What is the computer screen showing?,restore,unanswerable,0.585,1.0,none,data/VizWiz/Images/val/VizWiz_val_00001087.jpg
vizwiz_val_001089,VizWiz,What is written on the paper?,australia post,unanswerable,0.674,1.0,none,data/VizWiz/Images/val/VizWiz_val_00001089.jpg
vizwiz_val_001092,VizWiz,What is this?,keyboard,laptop,0.846,,none,data/VizWiz/Images/val/VizWiz_val_00001092.jpg
vizwiz_val_001093,VizWiz,What make is this laptop?,unanswerable,dell,0.757,1.0,answerability,data/VizWiz/Images/val/VizWiz_val_00001093.jpg
vizwiz_val_001094,VizWiz,What is this,unanswerable,health warning,0.622,1.0,answerability,data/VizWiz/Images/val/VizWiz_val_00001094.jpg
vizwiz_val_001095,VizWiz,What does the text at the top of the screen say?,file system,unanswerable,0.686,1.0,none,data/VizWiz/Images/val/VizWiz_val_00001095.jpg
vizwiz_val_001096,VizWiz,What does the screen say?,your computer ran into problem,unanswerable,0.782,1.0,none,data/VizWiz/Images/val/VizWiz_val_00001096.jpg
vizwiz_val_001097,VizWiz,What are the chemical elements that form most of living biological matter?,unanswerable,carbon,0.658,1.0,answerability,data/VizWiz/Images/val/VizWiz_val_00001097.jpg
vizwiz_val_001101,VizWiz,Can you tell what the screen says?,installing windows 8 consumer preview,yes,0.633,1.0,none,data/VizWiz/Images/val/VizWiz_val_00001101.jpg
vizwiz_val_001102,VizWiz,Do I have to hit anything? Any key combination to make it work?,unanswerable,no,0.568,0.9,answerability,data/VizWiz/Images/val/VizWiz_val_00001102.jpg
vizwiz_val_001104,VizWiz,What is the computer screen showing?,system restore,unanswerable,0.661,1.0,none,data/VizWiz/Images/val/VizWiz_val_00001104.jpg
vizwiz_val_001106,VizWiz,What is displayed on the screen?,edit boot options,unanswerable,0.634,1.0,none,data/VizWiz/Images/val/VizWiz_val_00001106.jpg
vizwiz_val_001107,VizWiz,"Okay, what does the error message say?",unanswerable,no drive,0.781,0.9,answerability,data/VizWiz/Images/val/VizWiz_val_00001107.jpg
vizwiz_val_001109,VizWiz,What does my screen say please.,nothing,unanswerable,0.817,1.0,none,data/VizWiz/Images/val/VizWiz_val_00001109.jpg
vizwiz_val_001114,VizWiz,This screen doesn't talk. What does it say?,power adapter does not supply enough power to run,unanswerable,0.856,1.0,none,data/VizWiz/Images/val/VizWiz_val_00001114.jpg
vizwiz_val_001115,VizWiz,"Can you tell me what it shows on the screen now, if it gives any instructions on what I need to do? ",press tab to select tool,unanswerable,0.747,1.0,none,data/VizWiz/Images/val/VizWiz_val_00001115.jpg
vizwiz_val_001118,VizWiz,What text is on my screen? Please,computer system information,unanswerable,0.757,1.0,none,data/VizWiz/Images/val/VizWiz_val_00001118.jpg
vizwiz_val_001123,VizWiz,What is written on the screen?,computer start up error page instructions,unanswerable,0.734,1.0,none,data/VizWiz/Images/val/VizWiz_val_00001123.jpg
vizwiz_val_001124,VizWiz,Who is this picture?,no 1,unanswerable,0.865,0.0,none,data/VizWiz/Images/val/VizWiz_val_00001124.jpg
vizwiz_val_001130,VizWiz,What's on the screen?,restore computer button,startup repair,0.603,1.0,none,data/VizWiz/Images/val/VizWiz_val_00001130.jpg
vizwiz_val_001131,VizWiz,Can you tell me where I am?,city,unanswerable,0.734,1.0,none,data/VizWiz/Images/val/VizWiz_val_00001131.jpg
vizwiz_val_001132,VizWiz,I'd like to know if the start up wizard set up wizard is moving or progressing or if I need to do so,progressing,unanswerable,0.830,0.9,none,data/VizWiz/Images/val/VizWiz_val_00001132.jpg
vizwiz_val_001136,VizWiz,"Hi I'm trying to solve this captcha, can you tell me what it says on the screen in the captcha thank",voczt,unanswerable,0.734,1.0,none,data/VizWiz/Images/val/VizWiz_val_00001136.jpg
vizwiz_val_001139,VizWiz,What is this?,browser window on computer,laptop,0.772,1.0,none,data/VizWiz/Images/val/VizWiz_val_00001139.jpg
vizwiz_val_001142,VizWiz,Is this Windows installing or is it waiting for me to select something or answer a question?,unanswerable,waiting,0.696,0.9,answerability,data/VizWiz/Images/val/VizWiz_val_00001142.jpg
vizwiz_val_001149,VizWiz,"If there is any text on the screen, what does it say? Thanks.",os x utilities,unanswerable,0.641,0.9,none,data/VizWiz/Images/val/VizWiz_val_00001149.jpg
vizwiz_val_001150,VizWiz,"please tell me what's on the screen, thank you.",files to search on external drive,unanswerable,0.728,1.0,none,data/VizWiz/Images/val/VizWiz_val_00001150.jpg
vizwiz_val_001154,VizWiz,"What is the captcha, please?",pabw24nd,unanswerable,0.683,1.0,none,data/VizWiz/Images/val/VizWiz_val_00001154.jpg
vizwiz_val_001162,VizWiz,Can you please state what's in the photo?,announcements,unanswerable,0.691,0.9,none,data/VizWiz/Images/val/VizWiz_val_00001162.jpg
vizwiz_val_001164,VizWiz,What is this?,unanswerable,table,0.685,1.0,answerability,data/VizWiz/Images/val/VizWiz_val_00001164.jpg
vizwiz_val_001165,VizWiz,What is this?,person,shirt,0.712,1.0,none,data/VizWiz/Images/val/VizWiz_val_00001165.jpg
vizwiz_val_001170,VizWiz,What kind of pastries are these?,cookies,croissants,0.725,0.9,none,data/VizWiz/Images/val/VizWiz_val_00001170.jpg
vizwiz_val_001172,VizWiz,What is this?,stouffer fettuccini alfredo,pasta,0.650,0.9,none,data/VizWiz/Images/val/VizWiz_val_00001172.jpg
vizwiz_val_001173,VizWiz,Please tell me the color of the jeans and the shirt and whether they match with each other.  Thank y,blue jeans shirt green white black stripes go together,blue and green,0.542,0.9,none,data/VizWiz/Images/val/VizWiz_val_00001173.jpg
vizwiz_val_001175,VizWiz,What's this picture?,television,unanswerable,0.664,1.0,none,data/VizWiz/Images/val/VizWiz_val_00001175.jpg
vizwiz_val_001177,VizWiz,What color is this shirt?,grey pink,gray,0.573,1.0,none,data/VizWiz/Images/val/VizWiz_val_00001177.jpg
vizwiz_val_001184,VizWiz,What is this?,artichoke capsules,vitamin,0.551,0.9,none,data/VizWiz/Images/val/VizWiz_val_00001184.jpg
vizwiz_val_001185,VizWiz,Can you please read to me what is shown on this display?,use washer dryer swipe card,use washer/dryer swipe card,0.824,1.0,none,data/VizWiz/Images/val/VizWiz_val_00001185.jpg
vizwiz_val_001186,VizWiz,What's in this can?,soup,cream,0.710,1.0,none,data/VizWiz/Images/val/VizWiz_val_00001186.jpg
vizwiz_val_001188,VizWiz,What color is the castle?,unanswerable,white,0.797,0.0,answerability,data/VizWiz/Images/val/VizWiz_val_00001188.jpg
vizwiz_val_001189,VizWiz,What is this a picture of?What is this a picture of? A guy with a cane in his hand.,mans shirt pants,unanswerable,0.669,1.0,none,data/VizWiz/Images/val/VizWiz_val_00001189.jpg
vizwiz_val_001190,VizWiz,What soup is this?,tomato,unanswerable,0.587,1.0,none,data/VizWiz/Images/val/VizWiz_val_00001190.jpg
vizwiz_val_001191,VizWiz,What is the flavor of this chobani yogurt? Chobani is the brand not the flavor.,blood orange,greek yogurt,0.710,0.9,none,data/VizWiz/Images/val/VizWiz_val_00001191.jpg
vizwiz_val_001194,VizWiz,what is in this box?,frozen dinner,food,0.506,1.0,none,data/VizWiz/Images/val/VizWiz_val_00001194.jpg
vizwiz_val_001196,VizWiz,What is this?,dresser television on top,tv,0.770,,none,data/VizWiz/Images/val/VizWiz_val_00001196.jpg
vizwiz_val_001204,VizWiz,What is this?,socks,leg,0.672,0.9,none,data/VizWiz/Images/val/VizWiz_val_00001204.jpg
vizwiz_val_001205,VizWiz,Is this an Ipad one or an Ipad two?,unanswerable,ipad two,0.631,1.0,answerability,data/VizWiz/Images/val/VizWiz_val_00001205.jpg
vizwiz_val_001208,VizWiz,What video game is this?,football,espn,0.659,0.9,none,data/VizWiz/Images/val/VizWiz_val_00001208.jpg
vizwiz_val_001209,VizWiz,What is this?,turkey dinner,food,0.535,0.9,none,data/VizWiz/Images/val/VizWiz_val_00001209.jpg
vizwiz_val_001213,VizWiz,What is this?,notebook,planner,0.791,0.9,none,data/VizWiz/Images/val/VizWiz_val_00001213.jpg
vizwiz_val_001214,VizWiz,What are these two packages please?,scrambled egg patties,cheese,0.521,0.9,none,data/VizWiz/Images/val/VizWiz_val_00001214.jpg
vizwiz_val_001215,VizWiz,What is this?,barbecue sauce,kc masterpiece,0.705,0.9,none,data/VizWiz/Images/val/VizWiz_val_00001215.jpg
vizwiz_val_001218,VizWiz,What's this picture of?,macbook pro,laptop,0.737,1.0,none,data/VizWiz/Images/val/VizWiz_val_00001218.jpg
vizwiz_val_001220,VizWiz,Could you please tell me what this fragrance is?  Thank you.,perfect strength,unanswerable,0.756,0.9,none,data/VizWiz/Images/val/VizWiz_val_00001220.jpg
vizwiz_val_001221,VizWiz,What is on this box?,unanswerable,red,0.517,1.0,answerability,data/VizWiz/Images/val/VizWiz_val_00001221.jpg
vizwiz_val_001224,VizWiz,Can you tell me what's in this jar please?,salad dressing,mayonnaise,0.743,1.0,none,data/VizWiz/Images/val/VizWiz_val_00001224.jpg
vizwiz_val_001228,VizWiz,can you tell where the blackberry bushes in relation to the front door?,to left,no,0.667,1.0,none,data/VizWiz/Images/val/VizWiz_val_00001228.jpg
vizwiz_val_001229,VizWiz,What do you see?,ground,leaves,0.782,1.0,none,data/VizWiz/Images/val/VizWiz_val_00001229.jpg
vizwiz_val_001232,VizWiz,What is this?,medicine bottle,pill bottle,0.767,0.9,none,data/VizWiz/Images/val/VizWiz_val_00001232.jpg
vizwiz_val_001233,VizWiz,Speaker:  Can you please tell me the title of this book?  Thank you.,unanswerable,electronic materials in nonal music part 1,0.642,0.9,answerability,data/VizWiz/Images/val/VizWiz_val_00001233.jpg
vizwiz_val_001236,VizWiz,What is this?,soap,unanswerable,0.527,0.9,none,data/VizWiz/Images/val/VizWiz_val_00001236.jpg
vizwiz_val_001237,VizWiz,What kind of fish is this?,angel fish,unanswerable,0.576,0.9,none,data/VizWiz/Images/val/VizWiz_val_00001237.jpg
vizwiz_val_001238,VizWiz,Please describe this picture.,man leaning,unanswerable,0.825,0.0,none,data/VizWiz/Images/val/VizWiz_val_00001238.jpg
vizwiz_val_001239,VizWiz,What is currently being displayed on my screen?,delete partition f3,unanswerable,0.703,1.0,none,data/VizWiz/Images/val/VizWiz_val_00001239.jpg
vizwiz_val_001241,VizWiz,Is this an application for first time students or returning graduates?,first time students,unanswerable,0.824,1.0,none,data/VizWiz/Images/val/VizWiz_val_00001241.jpg
vizwiz_val_001242,VizWiz,What is in this box?,lasagne,lasagna,0.881,0.9,none,data/VizWiz/Images/val/VizWiz_val_00001242.jpg
vizwiz_val_001245,VizWiz,What is this?,meat,steak,0.781,0.9,none,data/VizWiz/Images/val/VizWiz_val_00001245.jpg
vizwiz_val_001246,VizWiz,What color is this shirt?,grey white,gray,0.803,0.9,none,data/VizWiz/Images/val/VizWiz_val_00001246.jpg
vizwiz_val_001249,VizWiz,Please identify.,pill bottle,unanswerable,0.681,0.9,none,data/VizWiz/Images/val/VizWiz_val_00001249.jpg
vizwiz_val_001250,VizWiz,What is this please?,unanswerable,toilet paper,0.800,1.0,answerability,data/VizWiz/Images/val/VizWiz_val_00001250.jpg
vizwiz_val_001251,VizWiz,"This is a new thermostat, and no one's around to tell me what the positions of the switch mean. If w",unanswerable,heat,0.773,1.0,answerability,data/VizWiz/Images/val/VizWiz_val_00001251.jpg
vizwiz_val_001253,VizWiz,What is the picture?,group people,cartoon,0.667,0.9,none,data/VizWiz/Images/val/VizWiz_val_00001253.jpg
vizwiz_val_001260,VizWiz,I forgot to ask whether I have to punch holes in the top or I have to tear the top on this frozen di,tear,unanswerable,0.709,0.9,none,data/VizWiz/Images/val/VizWiz_val_00001260.jpg
vizwiz_val_001263,VizWiz,What is this?,gadget,vacuum,0.699,1.0,none,data/VizWiz/Images/val/VizWiz_val_00001263.jpg
vizwiz_val_001264,VizWiz,what is the shape of this cookie cutter?,unanswerable,heart,0.965,,answerability,data/VizWiz/Images/val/VizWiz_val_00001264.jpg
vizwiz_val_001271,VizWiz,what is this?,battery,pen,0.708,,none,data/VizWiz/Images/val/VizWiz_val_00001271.jpg
vizwiz_val_001274,VizWiz,What kind of dog is this?,tan,chihuahua,0.938,0.9,none,data/VizWiz/Images/val/VizWiz_val_00001274.jpg
vizwiz_val_001280,VizWiz,"Please help me, I need to know where the arrow is so that I can get to heavy load.",on heavy load,unanswerable,0.642,0.9,none,data/VizWiz/Images/val/VizWiz_val_00001280.jpg
vizwiz_val_001283,VizWiz,Can you tell me what the picture is on the front of this shirt?,christmas tree,yes,0.610,1.0,none,data/VizWiz/Images/val/VizWiz_val_00001283.jpg
vizwiz_val_001285,VizWiz,so how long do I cook this in the microwave?,unanswerable,10 minutes,0.623,0.9,answerability,data/VizWiz/Images/val/VizWiz_val_00001285.jpg
vizwiz_val_001292,VizWiz,"I know this is Marie Callendar's and I know it's frozen, could you please tell me what kind of dinne",beef green beans carrots potatoes,beef and vegetables,0.559,1.0,none,data/VizWiz/Images/val/VizWiz_val_00001292.jpg
vizwiz_val_001296,VizWiz,Who is it?,i dont know,unanswerable,0.875,0.9,none,data/VizWiz/Images/val/VizWiz_val_00001296.jpg
vizwiz_val_001300,VizWiz,What does this say?,nothing,unanswerable,0.921,1.0,none,data/VizWiz/Images/val/VizWiz_val_00001300.jpg
vizwiz_val_001301,VizWiz,What is this?,jacobs,book,0.782,1.0,none,data/VizWiz/Images/val/VizWiz_val_00001301.jpg
vizwiz_val_001303,VizWiz,This is a Tony Pacco's chili sauce.  I would like to know if it's the hot or the mild?,unanswerable,hot,0.695,1.0,answerability,data/VizWiz/Images/val/VizWiz_val_00001303.jpg
vizwiz_val_001305,VizWiz,Who's going to win the game?,number 8,australia,0.531,0.0,none,data/VizWiz/Images/val/VizWiz_val_00001305.jpg
vizwiz_val_001306,VizWiz,What color is this?,grey,gray,0.905,1.0,none,data/VizWiz/Images/val/VizWiz_val_00001306.jpg
vizwiz_val_001307,VizWiz,What kind of soda is this? It didn't work.,cola,coke,0.637,0.0,none,data/VizWiz/Images/val/VizWiz_val_00001307.jpg
vizwiz_val_001309,VizWiz,Will you please tell me the expiration date on this carton of milk if you can see it?,unanswerable,12/28/2018,0.640,0.9,answerability,data/VizWiz/Images/val/VizWiz_val_00001309.jpg
vizwiz_val_001310,VizWiz,What voltage and wattage are on this power supply?,100 127v 200 240v,120v 60hz,0.651,0.9,none,data/VizWiz/Images/val/VizWiz_val_00001310.jpg
vizwiz_val_001315,VizWiz,What kind of cough drops are these?,honey lemon,premium,0.544,0.9,none,data/VizWiz/Images/val/VizWiz_val_00001315.jpg
vizwiz_val_001319,VizWiz,Can you tell what this item is?,garden retreat,yes,0.576,1.0,none,data/VizWiz/Images/val/VizWiz_val_00001319.jpg
vizwiz_val_001320,VizWiz,What is this?,small container,coin,0.679,,none,data/VizWiz/Images/val/VizWiz_val_00001320.jpg
vizwiz_val_001321,VizWiz,What this? What's this marker?,blue,unanswerable,0.659,1.0,none,data/VizWiz/Images/val/VizWiz_val_00001321.jpg
vizwiz_val_001324,VizWiz,What does this look like?,flower patterned fabric,blanket,0.781,0.9,none,data/VizWiz/Images/val/VizWiz_val_00001324.jpg
vizwiz_val_001325,VizWiz,what is this?,cookies,savory biscuits,0.543,,none,data/VizWiz/Images/val/VizWiz_val_00001325.jpg
vizwiz_val_001326,VizWiz,Who is answering my question?,human,unanswerable,0.896,1.0,none,data/VizWiz/Images/val/VizWiz_val_00001326.jpg
vizwiz_val_001329,VizWiz,Tell me what it is.,desk,unanswerable,0.601,0.9,none,data/VizWiz/Images/val/VizWiz_val_00001329.jpg
vizwiz_val_001331,VizWiz,"Is there anything on this tin that could help me identify the name of it, the brand or anything?",no,unanswerable,0.797,1.0,none,data/VizWiz/Images/val/VizWiz_val_00001331.jpg
vizwiz_val_001337,VizWiz,What does this say? What does this say?,total,please,0.591,1.0,none,data/VizWiz/Images/val/VizWiz_val_00001337.jpg
vizwiz_val_001338,VizWiz,what flavor is this?,mango,unanswerable,0.870,1.0,none,data/VizWiz/Images/val/VizWiz_val_00001338.jpg
vizwiz_val_001340,VizWiz,Hope my finger wasn't in the way but did it get the message this time?,unanswerable,yes,0.858,1.0,answerability,data/VizWiz/Images/val/VizWiz_val_00001340.jpg
vizwiz_val_001342,VizWiz,What button is Mountain Dew?,5,unanswerable,0.601,1.0,none,data/VizWiz/Images/val/VizWiz_val_00001342.jpg
vizwiz_val_001343,VizWiz,What is this?,1 dollar bill,money,0.784,1.0,none,data/VizWiz/Images/val/VizWiz_val_00001343.jpg
vizwiz_val_001344,VizWiz,Is the opened?,unanswerable,yes,0.686,0.0,answerability,data/VizWiz/Images/val/VizWiz_val_00001344.jpg
vizwiz_val_001350,VizWiz,Is this regular or decaffeinated coffee?,regular,decaffeinated,0.873,1.0,none,data/VizWiz/Images/val/VizWiz_val_00001350.jpg
vizwiz_val_001352,VizWiz,What kind of soup is this?,yogurt,tomato,0.568,1.0,none,data/VizWiz/Images/val/VizWiz_val_00001352.jpg
vizwiz_val_001353,VizWiz,What color is this?,grey,gray,0.909,1.0,none,data/VizWiz/Images/val/VizWiz_val_00001353.jpg
vizwiz_val_001355,VizWiz,checked what color is it? alright got it on.,black,brown,0.580,1.0,none,data/VizWiz/Images/val/VizWiz_val_00001355.jpg
vizwiz_val_001360,VizWiz,What is this?,unanswerable,can,0.505,0.9,answerability,data/VizWiz/Images/val/VizWiz_val_00001360.jpg
vizwiz_val_001362,VizWiz,How much fat does it contain?,g,1.2%,0.719,0.9,none,data/VizWiz/Images/val/VizWiz_val_00001362.jpg
vizwiz_val_001371,VizWiz,Is mine fan on?,yes,no,0.770,0.9,none,data/VizWiz/Images/val/VizWiz_val_00001371.jpg
vizwiz_val_001372,VizWiz,What is this?,unanswerable,table,0.620,,answerability,data/VizWiz/Images/val/VizWiz_val_00001372.jpg
vizwiz_val_001376,VizWiz,What is this book called?,everythings amazing,everything's amazing (sort of),0.794,0.9,none,data/VizWiz/Images/val/VizWiz_val_00001376.jpg
vizwiz_val_001379,VizWiz,What flavor of Spark is this?,pink lemonade,unanswerable,0.723,1.0,none,data/VizWiz/Images/val/VizWiz_val_00001379.jpg
vizwiz_val_001382,VizWiz,Is this shampoo?,unanswerable,yes,0.824,0.9,answerability,data/VizWiz/Images/val/VizWiz_val_00001382.jpg
vizwiz_val_001383,VizWiz,Can you tell me which of these cans is salmon and which is the tuna?,yes,"salmon is on left, tuna is on right",0.690,1.0,none,data/VizWiz/Images/val/VizWiz_val_00001383.jpg
vizwiz_val_001388,VizWiz,"Let's give this a try, can you tell me what this is?",beans,bush's,0.678,0.9,none,data/VizWiz/Images/val/VizWiz_val_00001388.jpg
vizwiz_val_001391,VizWiz,What is this?,printer,vacuum,0.558,1.0,none,data/VizWiz/Images/val/VizWiz_val_00001391.jpg
vizwiz_val_001393,VizWiz,What does the screen say?,unanswerable,acers,0.529,1.0,answerability,data/VizWiz/Images/val/VizWiz_val_00001393.jpg
vizwiz_val_001397,VizWiz,What is this object?,tv remote,remote control,0.840,,none,data/VizWiz/Images/val/VizWiz_val_00001397.jpg
vizwiz_val_001398,VizWiz,What is this package?,boca,burger,0.570,0.9,none,data/VizWiz/Images/val/VizWiz_val_00001398.jpg
vizwiz_val_001402,VizWiz,What color is this shirt?,grey,gray,0.972,1.0,none,data/VizWiz/Images/val/VizWiz_val_00001402.jpg
vizwiz_val_001404,VizWiz,What's in this can?,unanswerable,beans,0.927,1.0,answerability,data/VizWiz/Images/val/VizWiz_val_00001404.jpg
vizwiz_val_001405,VizWiz,How do you cook this?,unanswerable,oven,0.616,1.0,answerability,data/VizWiz/Images/val/VizWiz_val_00001405.jpg
vizwiz_val_001407,VizWiz,What does this say?,macbook pro,unanswerable,0.718,1.0,none,data/VizWiz/Images/val/VizWiz_val_00001407.jpg
vizwiz_val_001409,VizWiz,Hi. what type of drink is in the bottle in my right hand? Thank you.,diet pepsi,unanswerable,0.677,1.0,none,data/VizWiz/Images/val/VizWiz_val_00001409.jpg
vizwiz_val_001410,VizWiz,"Hi do the sheets that are directly behind the, do the top sheets directly behind each respective fit",no,yes,0.867,,none,data/VizWiz/Images/val/VizWiz_val_00001410.jpg
vizwiz_val_001412,VizWiz,What is that?,robe,shirt,0.650,,none,data/VizWiz/Images/val/VizWiz_val_00001412.jpg
vizwiz_val_001415,VizWiz,Is this a can of beans?,yes,no,0.765,0.9,none,data/VizWiz/Images/val/VizWiz_val_00001415.jpg
vizwiz_val_001416,VizWiz,Describe this item.,bath shower gel,unanswerable,0.723,0.9,none,data/VizWiz/Images/val/VizWiz_val_00001416.jpg
vizwiz_val_001417,VizWiz,What is this?,fragrance,perfume,0.702,0.9,none,data/VizWiz/Images/val/VizWiz_val_00001417.jpg
vizwiz_val_001418,VizWiz,What is on this Captcha please?,d8kk,d&k,0.560,0.9,none,data/VizWiz/Images/val/VizWiz_val_00001418.jpg
vizwiz_val_001424,VizWiz,Please describe this gift card,bath body works,unanswerable,0.692,1.0,none,data/VizWiz/Images/val/VizWiz_val_00001424.jpg
vizwiz_val_001428,VizWiz,What flavor is this?,dark chocolate peanut almond,sweet & salty nut,0.750,0.9,none,data/VizWiz/Images/val/VizWiz_val_00001428.jpg
vizwiz_val_001429,VizWiz,What kind is this?,vanilla,ice cream,0.728,0.9,none,data/VizWiz/Images/val/VizWiz_val_00001429.jpg
vizwiz_val_001432,VizWiz,"Is it sunny outside, and what time does the sun set in Dallas, TX?",pm,yes,0.706,1.0,none,data/VizWiz/Images/val/VizWiz_val_00001432.jpg
vizwiz_val_001434,VizWiz,Can you see the model of this tablet device?,cyberpad,no,0.611,1.0,none,data/VizWiz/Images/val/VizWiz_val_00001434.jpg
vizwiz_val_001437,VizWiz,What is this?,football,hat,0.777,0.9,none,data/VizWiz/Images/val/VizWiz_val_00001437.jpg
vizwiz_val_001439,VizWiz,Has the formatting finished?,no,yes,0.769,1.0,none,data/VizWiz/Images/val/VizWiz_val_00001439.jpg
vizwiz_val_001440,VizWiz,What color are the three wires from left to right?,red black white,"red, black, white",0.691,0.9,none,data/VizWiz/Images/val/VizWiz_val_00001440.jpg
vizwiz_val_001441,VizWiz,"What type of, brand of fish is this?",unanswerable,birds eye,0.687,1.0,answerability,data/VizWiz/Images/val/VizWiz_val_00001441.jpg
vizwiz_val_001442,VizWiz,When does this expire?,unanswerable,2018,0.505,1.0,answerability,data/VizWiz/Images/val/VizWiz_val_00001442.jpg
vizwiz_val_001445,VizWiz,what's the name,unanswerable,euphor,0.729,1.0,answerability,data/VizWiz/Images/val/VizWiz_val_00001445.jpg
vizwiz_val_001450,VizWiz,Does this temperature read 375 degrees? Thank you.,no,unanswerable,0.702,1.0,none,data/VizWiz/Images/val/VizWiz_val_00001450.jpg
vizwiz_val_001452,VizWiz,What is the answer?,unanswerable,24,0.656,1.0,answerability,data/VizWiz/Images/val/VizWiz_val_00001452.jpg
vizwiz_val_001454,VizWiz,Is this on air or dehumidifier?,unanswerable,dehumidifier,0.911,0.9,answerability,data/VizWiz/Images/val/VizWiz_val_00001454.jpg
vizwiz_val_001456,VizWiz,Can you see anything about these articles of clothing that does not match?,no,yes,0.575,1.0,none,data/VizWiz/Images/val/VizWiz_val_00001456.jpg
vizwiz_val_001457,VizWiz,What is this?,hook,unanswerable,0.547,0.9,none,data/VizWiz/Images/val/VizWiz_val_00001457.jpg
vizwiz_val_001459,VizWiz,What color jewelry should I wear with this outfit?,silver,red,0.520,1.0,none,data/VizWiz/Images/val/VizWiz_val_00001459.jpg
vizwiz_val_001460,VizWiz,What kind of coffee is this?,hazelnut,timothy's,0.732,0.9,none,data/VizWiz/Images/val/VizWiz_val_00001460.jpg
vizwiz_val_001468,VizWiz,What is this shirt look like,yellow logo on black,unanswerable,0.717,1.0,none,data/VizWiz/Images/val/VizWiz_val_00001468.jpg
vizwiz_val_001469,VizWiz,What is this?,mini chips ahoy,coffee,0.508,0.9,none,data/VizWiz/Images/val/VizWiz_val_00001469.jpg
vizwiz_val_001470,VizWiz,What is this?,smart water,water bottle,0.817,,none,data/VizWiz/Images/val/VizWiz_val_00001470.jpg
vizwiz_val_001471,VizWiz,What does this knob say?,white colors,unanswerable,0.762,0.9,none,data/VizWiz/Images/val/VizWiz_val_00001471.jpg
vizwiz_val_001473,VizWiz,what is in this picture?,refrigerator,unanswerable,0.691,0.0,none,data/VizWiz/Images/val/VizWiz_val_00001473.jpg
vizwiz_val_001477,VizWiz,Can you tell what's on this menu?,no,unanswerable,0.752,0.9,none,data/VizWiz/Images/val/VizWiz_val_00001477.jpg
vizwiz_val_001478,VizWiz,What is this?,shredder,heater,0.541,0.9,none,data/VizWiz/Images/val/VizWiz_val_00001478.jpg
vizwiz_val_001480,VizWiz,What is this?,hand,unanswerable,0.652,1.0,none,data/VizWiz/Images/val/VizWiz_val_00001480.jpg
vizwiz_val_001484,VizWiz,Can you please tell me what each brand is--left and right?,dove lady speed stick,left: dove right: lady speed stick,0.702,0.9,none,data/VizWiz/Images/val/VizWiz_val_00001484.jpg
vizwiz_val_001485,VizWiz,What is this?,mug,cup,0.683,,none,data/VizWiz/Images/val/VizWiz_val_00001485.jpg
vizwiz_val_001486,VizWiz,Can you tell me what kind of phone this is?,lg,unanswerable,0.662,0.9,none,data/VizWiz/Images/val/VizWiz_val_00001486.jpg
vizwiz_val_001490,VizWiz,What movie is this?,abba,unanswerable,0.769,1.0,none,data/VizWiz/Images/val/VizWiz_val_00001490.jpg
vizwiz_val_001496,VizWiz,What color is this?,grey,white,0.843,1.0,none,data/VizWiz/Images/val/VizWiz_val_00001496.jpg
vizwiz_val_001501,VizWiz,Can you see what it says on the screen?,no,unanswerable,0.672,1.0,none,data/VizWiz/Images/val/VizWiz_val_00001501.jpg
vizwiz_val_001502,VizWiz,What is this a can of?,unanswerable,detergent,0.593,1.0,answerability,data/VizWiz/Images/val/VizWiz_val_00001502.jpg
vizwiz_val_001506,VizWiz,What type of key?,ginger peach,president's choice,0.646,1.0,none,data/VizWiz/Images/val/VizWiz_val_00001506.jpg
vizwiz_val_001507,VizWiz,What color is this shirt please?,grey,gray,0.819,1.0,none,data/VizWiz/Images/val/VizWiz_val_00001507.jpg
vizwiz_val_001509,VizWiz,What's in this image?,applying user settings,laptop,0.793,0.9,none,data/VizWiz/Images/val/VizWiz_val_00001509.jpg
vizwiz_val_001510,VizWiz,In this box.,only see yellow,unanswerable,0.803,1.0,none,data/VizWiz/Images/val/VizWiz_val_00001510.jpg
vizwiz_val_001514,VizWiz,Mild or hot sauce?,hot,mild,0.806,0.9,none,data/VizWiz/Images/val/VizWiz_val_00001514.jpg
vizwiz_val_001515,VizWiz,What is this?,unanswerable,blurry,0.767,,answerability,data/VizWiz/Images/val/VizWiz_val_00001515.jpg
vizwiz_val_001516,VizWiz,What kind of soda is this?,lemon lime,lemonade,0.598,1.0,none,data/VizWiz/Images/val/VizWiz_val_00001516.jpg
vizwiz_val_001517,VizWiz,What is this?,hershey,candy,0.694,1.0,none,data/VizWiz/Images/val/VizWiz_val_00001517.jpg
vizwiz_val_001519,VizWiz,What kind of soup is this?,pot roast,chunky,0.855,1.0,none,data/VizWiz/Images/val/VizWiz_val_00001519.jpg
vizwiz_val_001526,VizWiz,What is this?,pears,nutritional information,0.671,0.9,none,data/VizWiz/Images/val/VizWiz_val_00001526.jpg
vizwiz_val_001528,VizWiz,"This is the display of the treadmill, can you tell me the distance of the top display please?",unanswerable,3.99,0.577,0.9,answerability,data/VizWiz/Images/val/VizWiz_val_00001528.jpg
vizwiz_val_001531,VizWiz,"Is this a box of sudafed, can you tell?",unanswerable,no,0.691,1.0,answerability,data/VizWiz/Images/val/VizWiz_val_00001531.jpg
vizwiz_val_001536,VizWiz,What is in this can?,pineapple chunks,apple juice,0.733,1.0,none,data/VizWiz/Images/val/VizWiz_val_00001536.jpg
vizwiz_val_001537,VizWiz,What is on my screen?,greek alphabet,unanswerable,0.610,1.0,none,data/VizWiz/Images/val/VizWiz_val_00001537.jpg
vizwiz_val_001538,VizWiz,What is this item?,unanswerable,box,0.852,0.9,answerability,data/VizWiz/Images/val/VizWiz_val_00001538.jpg
vizwiz_val_001541,VizWiz,what color is this?,grey,gray,0.713,1.0,none,data/VizWiz/Images/val/VizWiz_val_00001541.jpg
vizwiz_val_001543,VizWiz,What is that building?,unanswerable,store,0.537,0.9,answerability,data/VizWiz/Images/val/VizWiz_val_00001543.jpg
vizwiz_val_001544,VizWiz,"Hi, can you please tell me what flavor this is?",no,unanswerable,0.656,1.0,none,data/VizWiz/Images/val/VizWiz_val_00001544.jpg
vizwiz_val_001545,VizWiz,What does this say?,rainforest music,unanswerable,0.895,0.9,none,data/VizWiz/Images/val/VizWiz_val_00001545.jpg
vizwiz_val_001546,VizWiz,What is this photo?,concrete,crack,0.661,,none,data/VizWiz/Images/val/VizWiz_val_00001546.jpg
vizwiz_val_001547,VizWiz,What is this picture about?,2 animals hugging each other in front pink heart very blurry,love,0.547,1.0,none,data/VizWiz/Images/val/VizWiz_val_00001547.jpg
vizwiz_val_001550,VizWiz,Can you please read the title of this book to me?,ear training,unanswerable,0.741,0.9,none,data/VizWiz/Images/val/VizWiz_val_00001550.jpg
vizwiz_val_001551,VizWiz,"What is the name of this product, and what weight is it please?",nivea creme,unanswerable,0.657,1.0,none,data/VizWiz/Images/val/VizWiz_val_00001551.jpg
vizwiz_val_001553,VizWiz,Can you tell me what kind of chips these are?,cheetos,doritos,0.630,1.0,none,data/VizWiz/Images/val/VizWiz_val_00001553.jpg
vizwiz_val_001556,VizWiz,What color is this shirt?,tan,brown,0.939,,none,data/VizWiz/Images/val/VizWiz_val_00001556.jpg
vizwiz_val_001557,VizWiz,What's this picture about?,shelves,books,0.595,1.0,none,data/VizWiz/Images/val/VizWiz_val_00001557.jpg
vizwiz_val_001558,VizWiz,What color is my cap?,brown,white,0.520,0.9,none,data/VizWiz/Images/val/VizWiz_val_00001558.jpg
vizwiz_val_001559,VizWiz,What is this can?,unanswerable,nutrition facts,0.845,1.0,answerability,data/VizWiz/Images/val/VizWiz_val_00001559.jpg
vizwiz_val_001561,VizWiz,How many Mils is this can of Pepsi? Come on. Try something again. Got it.,unanswerable,12,0.525,1.0,answerability,data/VizWiz/Images/val/VizWiz_val_00001561.jpg
vizwiz_val_001564,VizWiz,what kinda soda is this?,mtn dew,mountain dew,0.965,0.9,none,data/VizWiz/Images/val/VizWiz_val_00001564.jpg
vizwiz_val_001569,VizWiz,What is this?,unanswerable,book,0.929,,answerability,data/VizWiz/Images/val/VizWiz_val_00001569.jpg
vizwiz_val_001571,VizWiz,What color is it?,grey,gray,0.822,1.0,none,data/VizWiz/Images/val/VizWiz_val_00001571.jpg
vizwiz_val_001573,VizWiz,What is this?,cup milk,coffee,0.709,0.9,none,data/VizWiz/Images/val/VizWiz_val_00001573.jpg
vizwiz_val_001574,VizWiz,What brand is this?,unanswerable,panasonic,0.769,1.0,answerability,data/VizWiz/Images/val/VizWiz_val_00001574.jpg
vizwiz_val_001575,VizWiz,"Whats this shirt look like, thanks?",tie dye,pink and green,0.526,0.9,none,data/VizWiz/Images/val/VizWiz_val_00001575.jpg
vizwiz_val_001579,VizWiz,Can you tell me what this is?,book,unanswerable,0.591,1.0,none,data/VizWiz/Images/val/VizWiz_val_00001579.jpg
vizwiz_val_001580,VizWiz,What is this?,massage bar,soothing bar,0.806,0.9,none,data/VizWiz/Images/val/VizWiz_val_00001580.jpg
vizwiz_val_001582,VizWiz,What are these?,fritos,chips,0.627,0.9,none,data/VizWiz/Images/val/VizWiz_val_00001582.jpg
vizwiz_val_001586,VizWiz,Which packet contains plain flower?,red white 1,left,0.523,1.0,none,data/VizWiz/Images/val/VizWiz_val_00001586.jpg
vizwiz_val_001587,VizWiz,For how long do I cook this in the microwave?,9 minutes,10 minutes,0.603,0.9,none,data/VizWiz/Images/val/VizWiz_val_00001587.jpg
vizwiz_val_001588,VizWiz,See an expiration date on this milk carton,unanswerable,yes,0.652,1.0,answerability,data/VizWiz/Images/val/VizWiz_val_00001588.jpg
vizwiz_val_001589,VizWiz,Can you tell me if there are any photos on the CD cover and if so can you give me a description of t,photo billy joel on stage piano,yes,0.889,1.0,none,data/VizWiz/Images/val/VizWiz_val_00001589.jpg
vizwiz_val_001590,VizWiz,What is this title?,3 degrees,unanswerable,0.700,0.9,none,data/VizWiz/Images/val/VizWiz_val_00001590.jpg
vizwiz_val_001595,VizWiz,What is on this page?,factory direct sales ad,advertisement,0.667,0.9,none,data/VizWiz/Images/val/VizWiz_val_00001595.jpg
vizwiz_val_001596,VizWiz,what color is this haircut?,orange,unanswerable,0.755,1.0,none,data/VizWiz/Images/val/VizWiz_val_00001596.jpg
vizwiz_val_001598,VizWiz,what is the name of the product in the can in the picture?,lysol,new scent,0.710,1.0,none,data/VizWiz/Images/val/VizWiz_val_00001598.jpg
vizwiz_val_001600,VizWiz,What sent?,sage sweet grass,unanswerable,0.753,0.9,none,data/VizWiz/Images/val/VizWiz_val_00001600.jpg
vizwiz_val_001602,VizWiz,What is this?,bologna,unanswerable,0.565,1.0,none,data/VizWiz/Images/val/VizWiz_val_00001602.jpg
vizwiz_val_001603,VizWiz,what kind of pee is this?,sleepytime herbal tea,unanswerable,0.728,1.0,none,data/VizWiz/Images/val/VizWiz_val_00001603.jpg
vizwiz_val_001607,VizWiz,Can you tell me if this looks like hamburger?,yes,no,0.860,,none,data/VizWiz/Images/val/VizWiz_val_00001607.jpg
vizwiz_val_001608,VizWiz,What is it?,cork,spoon,0.656,1.0,none,data/VizWiz/Images/val/VizWiz_val_00001608.jpg
vizwiz_val_001612,VizWiz,What color is this?,unanswerable,gray,0.622,1.0,answerability,data/VizWiz/Images/val/VizWiz_val_00001612.jpg
vizwiz_val_001614,VizWiz,What does the thermostat say?,75 degrees,76,0.688,1.0,none,data/VizWiz/Images/val/VizWiz_val_00001614.jpg
vizwiz_val_001615,VizWiz,What's going on on the screen?,windows logo,rainbow,0.681,1.0,none,data/VizWiz/Images/val/VizWiz_val_00001615.jpg
vizwiz_val_001618,VizWiz,What color is this?,grey,blue,0.702,1.0,none,data/VizWiz/Images/val/VizWiz_val_00001618.jpg
vizwiz_val_001619,VizWiz,"I rotated the can so it's showing just right of the seam. Can you, is this a better location to see ",unanswerable,yes,0.822,0.9,answerability,data/VizWiz/Images/val/VizWiz_val_00001619.jpg
vizwiz_val_001620,VizWiz,Can you please tell me what that packet is?,lean steak mince,unanswerable,0.639,1.0,none,data/VizWiz/Images/val/VizWiz_val_00001620.jpg
vizwiz_val_001623,VizWiz,What do you say?,yuck,unanswerable,0.763,1.0,none,data/VizWiz/Images/val/VizWiz_val_00001623.jpg
vizwiz_val_001625,VizWiz,What's this?,unanswerable,sun,0.546,,answerability,data/VizWiz/Images/val/VizWiz_val_00001625.jpg
vizwiz_val_001629,VizWiz,This is a headphone. Can you tell me if it says...if you see the left or the right side of the headp,unanswerable,left,0.824,1.0,answerability,data/VizWiz/Images/val/VizWiz_val_00001629.jpg
vizwiz_val_001632,VizWiz,What's in the box?,kellogg,cereal,0.825,1.0,none,data/VizWiz/Images/val/VizWiz_val_00001632.jpg
vizwiz_val_001635,VizWiz,"Okay, I think I have got the instructions right side up. There was actually a telephone call right w",unanswerable,350,0.616,1.0,answerability,data/VizWiz/Images/val/VizWiz_val_00001635.jpg
vizwiz_val_001638,VizWiz,What is this can?,tomatoes,unanswerable,0.624,0.9,none,data/VizWiz/Images/val/VizWiz_val_00001638.jpg
vizwiz_val_001640,VizWiz,What is my computer screen showing?,system error,unanswerable,0.697,1.0,none,data/VizWiz/Images/val/VizWiz_val_00001640.jpg
vizwiz_val_001641,VizWiz,"Can you see the phone number that is on the paper? It is a toll free number. What is that number, pl",unanswerable,no,0.635,1.0,answerability,data/VizWiz/Images/val/VizWiz_val_00001641.jpg
vizwiz_val_001652,VizWiz,What is this bottle?,shampoo,beer,0.618,0.9,none,data/VizWiz/Images/val/VizWiz_val_00001652.jpg
vizwiz_val_001655,VizWiz,What does this screen say?,nothing,unanswerable,0.738,1.0,none,data/VizWiz/Images/val/VizWiz_val_00001655.jpg
vizwiz_val_001656,VizWiz,What is this and what's its color?,unanswerable,sweater,0.700,1.0,answerability,data/VizWiz/Images/val/VizWiz_val_00001656.jpg
vizwiz_val_001657,VizWiz,What is this?,jello,jelly,0.663,0.9,none,data/VizWiz/Images/val/VizWiz_val_00001657.jpg
vizwiz_val_001659,VizWiz,What color is that please?,white,gray,0.631,1.0,none,data/VizWiz/Images/val/VizWiz_val_00001659.jpg
vizwiz_val_001660,VizWiz,"Does anyone know what this is and what its use is?  A student of mine had it, it looks like a perfec",dog toy,fidget,0.580,0.9,none,data/VizWiz/Images/val/VizWiz_val_00001660.jpg
vizwiz_val_001662,VizWiz,What is that?,phone app,tablet,0.868,0.9,none,data/VizWiz/Images/val/VizWiz_val_00001662.jpg
vizwiz_val_001664,VizWiz,What's in the bag?,unanswerable,food,0.634,1.0,answerability,data/VizWiz/Images/val/VizWiz_val_00001664.jpg
vizwiz_val_001665,VizWiz,What color is this shirt?,unanswerable,orange,0.700,1.0,answerability,data/VizWiz/Images/val/VizWiz_val_00001665.jpg
vizwiz_val_001670,VizWiz,Please read the contents of the box.,acid controller,unanswerable,0.729,1.0,none,data/VizWiz/Images/val/VizWiz_val_00001670.jpg
vizwiz_val_001672,VizWiz,What flavors of jelly beans are in the package?,assorted,unanswerable,0.539,0.9,none,data/VizWiz/Images/val/VizWiz_val_00001672.jpg
vizwiz_val_001676,VizWiz,How do you take care of a bird?,leave alone,feed,0.714,1.0,none,data/VizWiz/Images/val/VizWiz_val_00001676.jpg
vizwiz_val_001679,VizWiz,What is this item?,confectioners sugar,cake mix,0.659,0.9,none,data/VizWiz/Images/val/VizWiz_val_00001679.jpg
vizwiz_val_001684,VizWiz,What does this look like?,old books,unanswerable,0.632,0.9,none,data/VizWiz/Images/val/VizWiz_val_00001684.jpg
vizwiz_val_001685,VizWiz,i dont know if this will work but will you read the washing directions for this t-shirt?,yes,unanswerable,0.706,1.0,none,data/VizWiz/Images/val/VizWiz_val_00001685.jpg
vizwiz_val_001686,VizWiz,What is this?,cassette player,radio,0.875,,none,data/VizWiz/Images/val/VizWiz_val_00001686.jpg
vizwiz_val_001687,VizWiz,What kind of Dr. Pepper is this?,unanswerable,diet,0.623,1.0,answerability,data/VizWiz/Images/val/VizWiz_val_00001687.jpg
vizwiz_val_001689,VizWiz,What is this?,unanswerable,purple,0.609,,answerability,data/VizWiz/Images/val/VizWiz_val_00001689.jpg
vizwiz_val_001690,VizWiz,What is this?,blistex,bistix,0.511,0.9,none,data/VizWiz/Images/val/VizWiz_val_00001690.jpg
vizwiz_val_001691,VizWiz,What is this item?,hot pepper sauce,hot sauce,0.842,0.9,none,data/VizWiz/Images/val/VizWiz_val_00001691.jpg
vizwiz_val_001692,VizWiz,What is this?,unanswerable,wine bottle,0.617,0.0,answerability,data/VizWiz/Images/val/VizWiz_val_00001692.jpg
vizwiz_val_001693,VizWiz,What is this?,cholesterol medication,vitamin,0.605,0.9,none,data/VizWiz/Images/val/VizWiz_val_00001693.jpg
vizwiz_val_001695,VizWiz,What bill is this?,10 dollar,unanswerable,0.650,1.0,none,data/VizWiz/Images/val/VizWiz_val_00001695.jpg
vizwiz_val_001696,VizWiz,What kind of chocolate chips are these?,semi sweet,market pantry,0.660,1.0,none,data/VizWiz/Images/val/VizWiz_val_00001696.jpg
vizwiz_val_001697,VizWiz,What is this thing?,label maker,calculator,0.996,,none,data/VizWiz/Images/val/VizWiz_val_00001697.jpg
vizwiz_val_001700,VizWiz,What is this?,hand,unanswerable,0.692,1.0,none,data/VizWiz/Images/val/VizWiz_val_00001700.jpg
vizwiz_val_001702,VizWiz,Can you please describe this tie.,checkered,unanswerable,0.648,1.0,none,data/VizWiz/Images/val/VizWiz_val_00001702.jpg
vizwiz_val_001704,VizWiz,What kind of cookies are these?,halloween,pumpkin,0.795,0.9,none,data/VizWiz/Images/val/VizWiz_val_00001704.jpg
vizwiz_val_001706,VizWiz,What is this a can of?,unanswerable,soda,0.674,1.0,answerability,data/VizWiz/Images/val/VizWiz_val_00001706.jpg
vizwiz_val_001707,VizWiz,What is this?,trash receptacle,toilet paper dispenser,0.669,,none,data/VizWiz/Images/val/VizWiz_val_00001707.jpg
vizwiz_val_001714,VizWiz,What is the name of this book?,unanswerable,college,0.893,0.9,answerability,data/VizWiz/Images/val/VizWiz_val_00001714.jpg
vizwiz_val_001716,VizWiz,Which one am I using?,samsung,unanswerable,0.739,1.0,none,data/VizWiz/Images/val/VizWiz_val_00001716.jpg
vizwiz_val_001717,VizWiz,What does this shirt say?,ny,new york,0.832,1.0,none,data/VizWiz/Images/val/VizWiz_val_00001717.jpg
vizwiz_val_001718,VizWiz,What color are these socks?,white,red,0.683,1.0,none,data/VizWiz/Images/val/VizWiz_val_00001718.jpg
vizwiz_val_001720,VizWiz,Which coffee is this?,express perugia,espresso,0.787,1.0,none,data/VizWiz/Images/val/VizWiz_val_00001720.jpg
vizwiz_val_001724,VizWiz,What is this color please?,silver,black,0.678,0.9,none,data/VizWiz/Images/val/VizWiz_val_00001724.jpg
vizwiz_val_001732,VizWiz,What does the screen say?,apple tv update,unanswerable,0.771,1.0,none,data/VizWiz/Images/val/VizWiz_val_00001732.jpg
vizwiz_val_001733,VizWiz,Can you tell what flavor this is?,unanswerable,no,0.608,0.0,answerability,data/VizWiz/Images/val/VizWiz_val_00001733.jpg
vizwiz_val_001734,VizWiz,What is this?,sauted potato bacon,unanswerable,0.559,1.0,none,data/VizWiz/Images/val/VizWiz_val_00001734.jpg
vizwiz_val_001736,VizWiz,"I know this is suntan lotion, but I was wondering which factor it is, if you can see, please.",20,unanswerable,0.746,1.0,none,data/VizWiz/Images/val/VizWiz_val_00001736.jpg
vizwiz_val_001739,VizWiz,What kind of braille display is this?,keyboard,alva,0.645,0.9,none,data/VizWiz/Images/val/VizWiz_val_00001739.jpg
vizwiz_val_001740,VizWiz,What is in this bottle?,kyolic,vitamin,0.582,1.0,none,data/VizWiz/Images/val/VizWiz_val_00001740.jpg
vizwiz_val_001743,VizWiz,What kind of lighter is this?,world gun,zippo,0.741,0.9,none,data/VizWiz/Images/val/VizWiz_val_00001743.jpg
vizwiz_val_001745,VizWiz,What's this?,room,unanswerable,0.724,,none,data/VizWiz/Images/val/VizWiz_val_00001745.jpg
vizwiz_val_001746,VizWiz,What NASCAR driver is this?,mr goodwrench,dale earnhardt,0.700,1.0,none,data/VizWiz/Images/val/VizWiz_val_00001746.jpg
vizwiz_val_001747,VizWiz,What is this?,unanswerable,sun,0.689,,answerability,data/VizWiz/Images/val/VizWiz_val_00001747.jpg
vizwiz_val_001748,VizWiz,What about the scenery?,trees houses,unanswerable,0.757,1.0,none,data/VizWiz/Images/val/VizWiz_val_00001748.jpg
vizwiz_val_001751,VizWiz,What is this image?,dart board,dartboard,0.841,0.9,none,data/VizWiz/Images/val/VizWiz_val_00001751.jpg
vizwiz_val_001755,VizWiz,What color is the drink in my cup?,clear,blue,0.690,1.0,none,data/VizWiz/Images/val/VizWiz_val_00001755.jpg
vizwiz_val_001758,VizWiz,What is this product?,parmesan roasted garlic dressing,parmesan garlic,0.752,,none,data/VizWiz/Images/val/VizWiz_val_00001758.jpg
vizwiz_val_001761,VizWiz,What is this?,microwave,unanswerable,0.568,1.0,none,data/VizWiz/Images/val/VizWiz_val_00001761.jpg
vizwiz_val_001764,VizWiz,What is this package?,vegetable lasagna,pasta,0.844,0.9,none,data/VizWiz/Images/val/VizWiz_val_00001764.jpg
vizwiz_val_001767,VizWiz,in this box,cross,unanswerable,0.859,1.0,none,data/VizWiz/Images/val/VizWiz_val_00001767.jpg
vizwiz_val_001768,VizWiz,Can you please describe to me what's on the card and its orientation? Thank you.,tilted left titled star woman looks up at star,unanswerable,0.627,1.0,none,data/VizWiz/Images/val/VizWiz_val_00001768.jpg
vizwiz_val_001770,VizWiz,What does the screen say?,computer was unable to start,unanswerable,0.764,1.0,none,data/VizWiz/Images/val/VizWiz_val_00001770.jpg
vizwiz_val_001771,VizWiz,What type of Keurig is this?,unanswerable,keurig 2.0,0.791,0.9,answerability,data/VizWiz/Images/val/VizWiz_val_00001771.jpg
vizwiz_val_001772,VizWiz,What is in this box?,beer,unanswerable,0.597,0.9,none,data/VizWiz/Images/val/VizWiz_val_00001772.jpg
vizwiz_val_001773,VizWiz,Is this picture any closer to the box? What does it say? Thank you.,unanswerable,no,0.546,0.9,answerability,data/VizWiz/Images/val/VizWiz_val_00001773.jpg
vizwiz_val_001774,VizWiz,What flavor is this?,apple strudel,unanswerable,0.605,1.0,none,data/VizWiz/Images/val/VizWiz_val_00001774.jpg
vizwiz_val_001777,VizWiz,What color is my dog?,yellow,tan,0.532,0.9,none,data/VizWiz/Images/val/VizWiz_val_00001777.jpg
vizwiz_val_001778,VizWiz,What is it?,snow,path,0.727,0.9,none,data/VizWiz/Images/val/VizWiz_val_00001778.jpg
vizwiz_val_001779,VizWiz,Is this shampoo?,unanswerable,no,0.783,1.0,answerability,data/VizWiz/Images/val/VizWiz_val_00001779.jpg
vizwiz_val_001780,VizWiz,Is this peppermint tea?,unanswerable,no,0.811,,answerability,data/VizWiz/Images/val/VizWiz_val_00001780.jpg
vizwiz_val_001782,VizWiz,What is this object?,ashtray,statue,0.625,,none,data/VizWiz/Images/val/VizWiz_val_00001782.jpg
vizwiz_val_001784,VizWiz,What it is?,whistle,unanswerable,0.601,,none,data/VizWiz/Images/val/VizWiz_val_00001784.jpg
vizwiz_val_001787,VizWiz,what is this item?,deep fryer,pot,0.514,0.9,none,data/VizWiz/Images/val/VizWiz_val_00001787.jpg
vizwiz_val_001790,VizWiz,What kind of dinner is this?,sesame chicken,chinese,0.594,0.9,none,data/VizWiz/Images/val/VizWiz_val_00001790.jpg
vizwiz_val_001791,VizWiz,What is this?,unanswerable,finger,0.768,1.0,answerability,data/VizWiz/Images/val/VizWiz_val_00001791.jpg
vizwiz_val_001795,VizWiz,What is this bag?,unanswerable,shopping bag,0.791,0.9,answerability,data/VizWiz/Images/val/VizWiz_val_00001795.jpg
vizwiz_val_001796,VizWiz,What's this?,expo echo,sign,0.675,,none,data/VizWiz/Images/val/VizWiz_val_00001796.jpg
vizwiz_val_001800,VizWiz,"Sorry, I kind of stammer sometimes. What I was asking was, so basically, when you take a picture of ",no,unanswerable,0.713,0.9,none,data/VizWiz/Images/val/VizWiz_val_00001800.jpg
vizwiz_val_001801,VizWiz,Alright what is the expiration on this carton of milk?,march 21 2012,mar 21 2012,0.863,1.0,none,data/VizWiz/Images/val/VizWiz_val_00001801.jpg
vizwiz_val_001802,VizWiz,What is the product?,neoneosporin,spray,0.607,0.9,none,data/VizWiz/Images/val/VizWiz_val_00001802.jpg
vizwiz_val_001805,VizWiz,Is this item?,poultry seasoning,yes,0.807,0.9,none,data/VizWiz/Images/val/VizWiz_val_00001805.jpg
vizwiz_val_001813,VizWiz,What color is this shirt?,unanswerable,purple,0.779,1.0,answerability,data/VizWiz/Images/val/VizWiz_val_00001813.jpg
vizwiz_val_001815,VizWiz,What time does this say.,3:42,12:00,0.520,1.0,none,data/VizWiz/Images/val/VizWiz_val_00001815.jpg
vizwiz_val_001816,VizWiz,What is this?,coffee creamer,coffee mate,0.777,0.9,none,data/VizWiz/Images/val/VizWiz_val_00001816.jpg
vizwiz_val_001818,VizWiz,Coffee is this?,gevalia,yes,0.748,1.0,none,data/VizWiz/Images/val/VizWiz_val_00001818.jpg
vizwiz_val_001819,VizWiz,What is this bottle of?,eye drops,ointment,0.535,0.9,none,data/VizWiz/Images/val/VizWiz_val_00001819.jpg
vizwiz_val_001820,VizWiz,Who are the wrestlers in on this DVD?,woody piper terry funk,piper and funk,0.751,0.9,none,data/VizWiz/Images/val/VizWiz_val_00001820.jpg
vizwiz_val_001824,VizWiz,What catalogue is this?,bed bath beyond,bed bath & beyond,0.788,0.9,none,data/VizWiz/Images/val/VizWiz_val_00001824.jpg
vizwiz_val_001830,VizWiz,Does this oven seem ready?,unanswerable,yes,0.789,1.0,answerability,data/VizWiz/Images/val/VizWiz_val_00001830.jpg
vizwiz_val_001831,VizWiz,Which DVD is this?,fresh prince bel air,best of bel air,0.586,1.0,none,data/VizWiz/Images/val/VizWiz_val_00001831.jpg
vizwiz_val_001833,VizWiz,What does this say?,nothing,unanswerable,0.838,1.0,none,data/VizWiz/Images/val/VizWiz_val_00001833.jpg
vizwiz_val_001834,VizWiz,Is this keyboard a bluetooth item?,unanswerable,no,0.854,,answerability,data/VizWiz/Images/val/VizWiz_val_00001834.jpg
vizwiz_val_001835,VizWiz,What's the title of this CD?,quiet 1,quiet one,0.886,1.0,none,data/VizWiz/Images/val/VizWiz_val_00001835.jpg
vizwiz_val_001837,VizWiz,what's currently being displayed on the tv screen?,static,unanswerable,0.733,,none,data/VizWiz/Images/val/VizWiz_val_00001837.jpg
vizwiz_val_001843,VizWiz,What is on this label?,beef,heart,0.652,0.9,none,data/VizWiz/Images/val/VizWiz_val_00001843.jpg
vizwiz_val_001844,VizWiz,"I apologize for the rain, but can you please tell me what's in this bottle?",ketchup,unanswerable,0.699,1.0,none,data/VizWiz/Images/val/VizWiz_val_00001844.jpg
vizwiz_val_001845,VizWiz,What flavor is this?,unanswerable,newman's special blend,0.848,1.0,answerability,data/VizWiz/Images/val/VizWiz_val_00001845.jpg
vizwiz_val_001847,VizWiz,What flavor is this?,pink lemonade,grape,0.531,1.0,none,data/VizWiz/Images/val/VizWiz_val_00001847.jpg
vizwiz_val_001852,VizWiz,What is this?,unanswerable,can,0.684,1.0,answerability,data/VizWiz/Images/val/VizWiz_val_00001852.jpg
vizwiz_val_001853,VizWiz,What is this?,ranch dressing,milk,0.803,1.0,none,data/VizWiz/Images/val/VizWiz_val_00001853.jpg
vizwiz_val_001856,VizWiz,What does this label say?,vitamin c,protection,0.667,0.9,none,data/VizWiz/Images/val/VizWiz_val_00001856.jpg
vizwiz_val_001857,VizWiz,What is in this box?,rigatoni,pasta,0.779,0.9,none,data/VizWiz/Images/val/VizWiz_val_00001857.jpg
vizwiz_val_001858,VizWiz,What is the setting on this dryer?,off,regular,0.698,0.9,none,data/VizWiz/Images/val/VizWiz_val_00001858.jpg
vizwiz_val_001860,VizWiz,this can?,split pea soup,unanswerable,0.767,1.0,none,data/VizWiz/Images/val/VizWiz_val_00001860.jpg
vizwiz_val_001863,VizWiz,Yes i need to determine the letters in this captcha image,vjvdsz,unanswerable,0.872,1.0,none,data/VizWiz/Images/val/VizWiz_val_00001863.jpg
vizwiz_val_001865,VizWiz,What color is my dog?,unanswerable,blue,0.680,0.0,answerability,data/VizWiz/Images/val/VizWiz_val_00001865.jpg
vizwiz_val_001866,VizWiz,"Hey, what is this?",rug,carpet,0.814,1.0,none,data/VizWiz/Images/val/VizWiz_val_00001866.jpg
vizwiz_val_001868,VizWiz,What is this can?,beans,nutrition,0.828,1.0,none,data/VizWiz/Images/val/VizWiz_val_00001868.jpg
vizwiz_val_001869,VizWiz,Can you please identify this package? Thank you.,chicken thigh filets,unanswerable,0.635,0.9,none,data/VizWiz/Images/val/VizWiz_val_00001869.jpg
vizwiz_val_001870,VizWiz,What color is this marker?,purple,white,0.620,0.9,none,data/VizWiz/Images/val/VizWiz_val_00001870.jpg
vizwiz_val_001872,VizWiz,What is in this box?,hamburger helper,macaroni,0.684,0.9,none,data/VizWiz/Images/val/VizWiz_val_00001872.jpg
vizwiz_val_001873,VizWiz,What color is this?,grey,gray,0.873,1.0,none,data/VizWiz/Images/val/VizWiz_val_00001873.jpg
vizwiz_val_001874,VizWiz,Can you tell me the sodium content of this food?,no salt added,unanswerable,0.784,1.0,none,data/VizWiz/Images/val/VizWiz_val_00001874.jpg
vizwiz_val_001877,VizWiz,What is this stuffed animal?,snail,stuffed banana,0.799,0.9,none,data/VizWiz/Images/val/VizWiz_val_00001877.jpg
vizwiz_val_001878,VizWiz,what is this?,vending machine,pepsi,0.560,0.9,none,data/VizWiz/Images/val/VizWiz_val_00001878.jpg
vizwiz_val_001882,VizWiz,Is there an expiration date on this and if so when? Thank you.,01 07 12,yes,0.753,0.9,none,data/VizWiz/Images/val/VizWiz_val_00001882.jpg
vizwiz_val_001883,VizWiz,Please describe this tablecloth.,white,unanswerable,0.772,1.0,none,data/VizWiz/Images/val/VizWiz_val_00001883.jpg
vizwiz_val_001885,VizWiz,What is in this box,unanswerable,cake mix,0.565,0.9,answerability,data/VizWiz/Images/val/VizWiz_val_00001885.jpg
vizwiz_val_001886,VizWiz,What is this item please?,prescription pills,pill bottle,0.801,0.9,none,data/VizWiz/Images/val/VizWiz_val_00001886.jpg
vizwiz_val_001893,VizWiz,What color is my shirt?,grey,gray,0.908,1.0,none,data/VizWiz/Images/val/VizWiz_val_00001893.jpg
vizwiz_val_001895,VizWiz,what color,white,gray,0.925,1.0,none,data/VizWiz/Images/val/VizWiz_val_00001895.jpg
vizwiz_val_001896,VizWiz,What kind of coffee is this?,french vanilla,french roast,0.591,0.9,none,data/VizWiz/Images/val/VizWiz_val_00001896.jpg
vizwiz_val_001898,VizWiz,Can you tell what this says?,no,unanswerable,0.766,1.0,none,data/VizWiz/Images/val/VizWiz_val_00001898.jpg
vizwiz_val_001900,VizWiz,What is that?,camel cigarettes,unanswerable,0.610,1.0,none,data/VizWiz/Images/val/VizWiz_val_00001900.jpg
vizwiz_val_001901,VizWiz,Is this on FAN or AIR or DEHUMIDIFIER?,unanswerable,dehumidifier,0.847,1.0,answerability,data/VizWiz/Images/val/VizWiz_val_00001901.jpg
vizwiz_val_001902,VizWiz,What is the expiration date?,jan 27 2013,unanswerable,0.624,1.0,none,data/VizWiz/Images/val/VizWiz_val_00001902.jpg
vizwiz_val_001904,VizWiz,Yes I'd like to know if there is a RX number visible on this bottle and what the number is? Thank yo,unanswerable,no,0.580,1.0,answerability,data/VizWiz/Images/val/VizWiz_val_00001904.jpg
vizwiz_val_001905,VizWiz,What is this object?,granola bar,candy bar,0.730,0.9,none,data/VizWiz/Images/val/VizWiz_val_00001905.jpg
vizwiz_val_001909,VizWiz,Which flavor is this?,broccoli cheese potato,hungry,0.506,1.0,none,data/VizWiz/Images/val/VizWiz_val_00001909.jpg
vizwiz_val_001910,VizWiz,How long do I cook this for?,unanswerable,10 minutes,0.627,0.9,answerability,data/VizWiz/Images/val/VizWiz_val_00001910.jpg
vizwiz_val_001912,VizWiz,What kind of rice is this?,4 cheese,uncle bens,0.783,1.0,none,data/VizWiz/Images/val/VizWiz_val_00001912.jpg
vizwiz_val_001913,VizWiz,What is this frozen dinner and what is the instructions for conventional oven temperature and number,unanswerable,channa m,0.507,0.9,answerability,data/VizWiz/Images/val/VizWiz_val_00001913.jpg
vizwiz_val_001915,VizWiz,What kind of meds are these?,alaltoids,mints,0.768,1.0,none,data/VizWiz/Images/val/VizWiz_val_00001915.jpg
vizwiz_val_001917,VizWiz,What is in this cereal box?,special k fruit yogurt,cereal,0.772,0.9,none,data/VizWiz/Images/val/VizWiz_val_00001917.jpg
vizwiz_val_001921,VizWiz,What is this?,ottoman,stool,0.609,0.9,none,data/VizWiz/Images/val/VizWiz_val_00001921.jpg
vizwiz_val_001924,VizWiz,Where is the menu button?,directly under large volume button on left side,bottom,0.657,0.9,none,data/VizWiz/Images/val/VizWiz_val_00001924.jpg
vizwiz_val_001929,VizWiz,What kind of juice is this?,ocean spray,grape,0.616,1.0,none,data/VizWiz/Images/val/VizWiz_val_00001929.jpg
vizwiz_val_001930,VizWiz,What's in this bottle?,unanswerable,medicine,0.506,1.0,answerability,data/VizWiz/Images/val/VizWiz_val_00001930.jpg
vizwiz_val_001937,VizWiz,What is this?,unanswerable,collar,0.599,1.0,answerability,data/VizWiz/Images/val/VizWiz_val_00001937.jpg
vizwiz_val_001938,VizWiz,How many ounces in this container?,unanswerable,16,0.631,1.0,answerability,data/VizWiz/Images/val/VizWiz_val_00001938.jpg
vizwiz_val_001940,VizWiz,What is it?,ball,basket,0.704,0.9,none,data/VizWiz/Images/val/VizWiz_val_00001940.jpg
vizwiz_val_001941,VizWiz,What kind of potato chips are these?,unanswerable,natural,0.696,1.0,answerability,data/VizWiz/Images/val/VizWiz_val_00001941.jpg
vizwiz_val_001947,VizWiz,What is the title of the book?,auf die lange kommt es,auf lange komm es,0.642,0.9,none,data/VizWiz/Images/val/VizWiz_val_00001947.jpg
vizwiz_val_001950,VizWiz,What color is this?,grey,gray,0.837,0.9,none,data/VizWiz/Images/val/VizWiz_val_00001950.jpg
vizwiz_val_001953,VizWiz,What is this?,can,unanswerable,0.604,,none,data/VizWiz/Images/val/VizWiz_val_00001953.jpg
vizwiz_val_001955,VizWiz,What flavor and brand of k cup is this please?,green mountain coffee dark magic,green mountain extra bold mountain magic,0.566,0.9,none,data/VizWiz/Images/val/VizWiz_val_00001955.jpg
vizwiz_val_001956,VizWiz,WHat is this a picture of?,unanswerable,table,0.583,1.0,answerability,data/VizWiz/Images/val/VizWiz_val_00001956.jpg
vizwiz_val_001959,VizWiz,what color is this shirt?,pink,white,0.686,1.0,none,data/VizWiz/Images/val/VizWiz_val_00001959.jpg
vizwiz_val_001961,VizWiz,Anything on this label.,kitchen dry set 4 bar mop,unanswerable,0.655,1.0,none,data/VizWiz/Images/val/VizWiz_val_00001961.jpg
vizwiz_val_001964,VizWiz,What does it say on this shirt?,nothing,unanswerable,0.870,1.0,none,data/VizWiz/Images/val/VizWiz_val_00001964.jpg
vizwiz_val_001966,VizWiz,What time is it?,4:23,4:28,0.664,1.0,none,data/VizWiz/Images/val/VizWiz_val_00001966.jpg
vizwiz_val_001967,VizWiz,What does this say?,wrist wallet,sprigs,0.613,0.9,none,data/VizWiz/Images/val/VizWiz_val_00001967.jpg
vizwiz_val_001973,VizWiz,What is this?,lysol sanitizing wipes,cleaner,0.682,,none,data/VizWiz/Images/val/VizWiz_val_00001973.jpg
vizwiz_val_001974,VizWiz,For how long do I cook this in the microwave?,unanswerable,8 minutes,0.606,0.9,answerability,data/VizWiz/Images/val/VizWiz_val_00001974.jpg
vizwiz_val_001976,VizWiz,What color are the three wires from left to right?,red black white,"red, black, white",0.698,,none,data/VizWiz/Images/val/VizWiz_val_00001976.jpg
vizwiz_val_001980,VizWiz,What kind of yogurt is this?,blueberry,light & fit,0.772,1.0,none,data/VizWiz/Images/val/VizWiz_val_00001980.jpg
vizwiz_val_001982,VizWiz,Please describe this for me. Thank you.,black dog,unanswerable,0.731,1.0,none,data/VizWiz/Images/val/VizWiz_val_00001982.jpg
vizwiz_val_001984,VizWiz,What kind of can is this?,beer,stone,0.518,0.9,none,data/VizWiz/Images/val/VizWiz_val_00001984.jpg
vizwiz_val_001985,VizWiz,What's on the screen?,black,unanswerable,0.767,0.0,none,data/VizWiz/Images/val/VizWiz_val_00001985.jpg
vizwiz_val_001988,VizWiz,What is this?,unanswerable,milk,0.635,1.0,answerability,data/VizWiz/Images/val/VizWiz_val_00001988.jpg
vizwiz_val_001989,VizWiz,"What are the, what are the two words in the box that are the captcha?",ryathhe,unanswerable,0.565,1.0,none,data/VizWiz/Images/val/VizWiz_val_00001989.jpg
vizwiz_val_001994,VizWiz,Is this bag black and white?,yes,no,0.809,0.9,none,data/VizWiz/Images/val/VizWiz_val_00001994.jpg
vizwiz_val_001996,VizWiz,What is the flavor of this?,orange,unanswerable,0.694,1.0,none,data/VizWiz/Images/val/VizWiz_val_00001996.jpg
vizwiz_val_001997,VizWiz,what does it say?,77,honeywell,0.843,1.0,none,data/VizWiz/Images/val/VizWiz_val_00001997.jpg
vizwiz_val_001999,VizWiz,Can you tell which medallion this is from? Regiment.,47,unanswerable,0.697,1.0,none,data/VizWiz/Images/val/VizWiz_val_00001999.jpg
vizwiz_val_002000,VizWiz,"Hello there can you tell me what flavor this pasta sauce is, please? Thank you.",smoked bacon tomato,stir-in,0.607,0.9,none,data/VizWiz/Images/val/VizWiz_val_00002000.jpg
vizwiz_val_002001,VizWiz,What color is this?,pink,orange,0.629,0.9,none,data/VizWiz/Images/val/VizWiz_val_00002001.jpg
vizwiz_val_002003,VizWiz,What is this?,thumb,table,0.807,,none,data/VizWiz/Images/val/VizWiz_val_00002003.jpg
vizwiz_val_002005,VizWiz,What brand of cat food is this?,unanswerable,purina,0.577,0.9,answerability,data/VizWiz/Images/val/VizWiz_val_00002005.jpg
vizwiz_val_002006,VizWiz,What is this?,hand sanitizer,bottle,0.652,0.9,none,data/VizWiz/Images/val/VizWiz_val_00002006.jpg
vizwiz_val_002008,VizWiz,What is the tv showing?,car racing,unanswerable,0.664,0.0,none,data/VizWiz/Images/val/VizWiz_val_00002008.jpg
vizwiz_val_002009,VizWiz,What color is the embroidery in these jeans?,yellow,gold,0.775,0.9,none,data/VizWiz/Images/val/VizWiz_val_00002009.jpg
vizwiz_val_002010,VizWiz,Could you please describe this shirt to me?,black logo,dust string,0.715,1.0,none,data/VizWiz/Images/val/VizWiz_val_00002010.jpg
vizwiz_val_002011,VizWiz,Are these CDs or DVDs?,dvd,cds,0.854,1.0,none,data/VizWiz/Images/val/VizWiz_val_00002011.jpg
vizwiz_val_002013,VizWiz,What is this picture of?,unanswerable,finger,0.710,1.0,answerability,data/VizWiz/Images/val/VizWiz_val_00002013.jpg
vizwiz_val_002016,VizWiz,What are the instructions listed on the box?,cooking instructions,unanswerable,0.623,0.9,none,data/VizWiz/Images/val/VizWiz_val_00002016.jpg
vizwiz_val_002024,VizWiz,What does the sky look like?,grey,cloudy,0.752,1.0,none,data/VizWiz/Images/val/VizWiz_val_00002024.jpg
vizwiz_val_002025,VizWiz,Is the dog lying on his bed?,no,yes,0.740,1.0,none,data/VizWiz/Images/val/VizWiz_val_00002025.jpg
vizwiz_val_002026,VizWiz,What color is it?,grey,gray,0.907,1.0,none,data/VizWiz/Images/val/VizWiz_val_00002026.jpg
vizwiz_val_002027,VizWiz,Do you know what time it is?,unanswerable,no,0.642,1.0,answerability,data/VizWiz/Images/val/VizWiz_val_00002027.jpg
vizwiz_val_002028,VizWiz,Can that candy bar be identified?,unanswerable,yes,0.755,1.0,answerability,data/VizWiz/Images/val/VizWiz_val_00002028.jpg
vizwiz_val_002030,VizWiz,What color is this please.,red white,red and white,0.938,0.9,none,data/VizWiz/Images/val/VizWiz_val_00002030.jpg
vizwiz_val_002033,VizWiz,What kind of CD case is this?,clear,unanswerable,0.654,0.9,none,data/VizWiz/Images/val/VizWiz_val_00002033.jpg
vizwiz_val_002036,VizWiz,What is the product that's on the counter?,unanswerable,bottle,0.684,1.0,answerability,data/VizWiz/Images/val/VizWiz_val_00002036.jpg
vizwiz_val_002037,VizWiz,What is it?,tv screen,unanswerable,0.798,,none,data/VizWiz/Images/val/VizWiz_val_00002037.jpg
vizwiz_val_002040,VizWiz,What is this?,1 dollar bill,money,0.837,0.9,none,data/VizWiz/Images/val/VizWiz_val_00002040.jpg
vizwiz_val_002042,VizWiz,What is this product?,unanswerable,hair,0.781,1.0,answerability,data/VizWiz/Images/val/VizWiz_val_00002042.jpg
vizwiz_val_002044,VizWiz,What seasoning is this?,steak,seasoning,0.507,1.0,none,data/VizWiz/Images/val/VizWiz_val_00002044.jpg
vizwiz_val_002047,VizWiz,Can you tell me what the frozen dinner is here? If you can see oven instructions for preheating the ,channa masala,unanswerable,0.772,0.9,none,data/VizWiz/Images/val/VizWiz_val_00002047.jpg
vizwiz_val_002051,VizWiz,Can you please describe this label?,lotion,unanswerable,0.699,0.9,none,data/VizWiz/Images/val/VizWiz_val_00002051.jpg
vizwiz_val_002054,VizWiz,Can you describe the photo outside the text?,3 trophies,unanswerable,0.763,1.0,none,data/VizWiz/Images/val/VizWiz_val_00002054.jpg
vizwiz_val_002055,VizWiz,What kind of wine is this?,unanswerable,white,0.511,1.0,answerability,data/VizWiz/Images/val/VizWiz_val_00002055.jpg
vizwiz_val_002058,VizWiz,Is this yogurt fat free?,no,yes,0.799,0.9,none,data/VizWiz/Images/val/VizWiz_val_00002058.jpg
vizwiz_val_002060,VizWiz,What color is this t-shirt?,grey,black,0.786,1.0,none,data/VizWiz/Images/val/VizWiz_val_00002060.jpg
vizwiz_val_002064,VizWiz,What is this?,cough drops,lemon soothing action,0.644,,none,data/VizWiz/Images/val/VizWiz_val_00002064.jpg
vizwiz_val_002068,VizWiz,Can you tell me what the buttons or anything says on this screen?,lock filter,cubed,0.679,0.9,none,data/VizWiz/Images/val/VizWiz_val_00002068.jpg
vizwiz_val_002069,VizWiz,"What is this, and is it like a TV dinner to put into the microwave?",tv dinner yes,unanswerable,0.674,0.9,none,data/VizWiz/Images/val/VizWiz_val_00002069.jpg
vizwiz_val_002070,VizWiz,What is this?,unanswerable,can,0.505,0.9,answerability,data/VizWiz/Images/val/VizWiz_val_00002070.jpg
vizwiz_val_002071,VizWiz,What is this?,chocolate,box,0.725,0.9,none,data/VizWiz/Images/val/VizWiz_val_00002071.jpg
vizwiz_val_002072,VizWiz,What does this label say?,unanswerable,vegetable soup,0.788,0.9,answerability,data/VizWiz/Images/val/VizWiz_val_00002072.jpg
vizwiz_val_002074,VizWiz,What CD is this?,blank,unanswerable,0.794,1.0,none,data/VizWiz/Images/val/VizWiz_val_00002074.jpg
vizwiz_val_002075,VizWiz,For how long do I cook this in the microwave?,unanswerable,2 minutes,0.583,0.9,answerability,data/VizWiz/Images/val/VizWiz_val_00002075.jpg
vizwiz_val_002078,VizWiz,What is this?,body gel,skin food,0.768,0.9,none,data/VizWiz/Images/val/VizWiz_val_00002078.jpg
vizwiz_val_002083,VizWiz,What does this say?,rock cafe,unanswerable,0.683,0.9,none,data/VizWiz/Images/val/VizWiz_val_00002083.jpg
vizwiz_val_002086,VizWiz,What is this?,unanswerable,sun,0.604,,answerability,data/VizWiz/Images/val/VizWiz_val_00002086.jpg
vizwiz_val_002094,VizWiz,What wine is this?,nash,unanswerable,0.638,0.9,none,data/VizWiz/Images/val/VizWiz_val_00002094.jpg
vizwiz_val_002095,VizWiz,What spice is this?,garlic,unanswerable,0.678,1.0,none,data/VizWiz/Images/val/VizWiz_val_00002095.jpg
vizwiz_val_002096,VizWiz,What is this?,coupons,advertisement,0.755,1.0,none,data/VizWiz/Images/val/VizWiz_val_00002096.jpg
vizwiz_val_002103,VizWiz,What color is this?,grey,gray,0.778,1.0,none,data/VizWiz/Images/val/VizWiz_val_00002103.jpg
vizwiz_val_002106,VizWiz,Can you tell me what's in this box?,no,unanswerable,0.666,1.0,none,data/VizWiz/Images/val/VizWiz_val_00002106.jpg
vizwiz_val_002107,VizWiz,What is this?,thumb,finger,0.687,0.9,none,data/VizWiz/Images/val/VizWiz_val_00002107.jpg
vizwiz_val_002109,VizWiz,What is this?,ipad,tablet,0.880,0.9,none,data/VizWiz/Images/val/VizWiz_val_00002109.jpg
vizwiz_val_002110,VizWiz,Do you have any idea what kind of the plant the one in the middle is?,grass,unanswerable,0.747,0.9,none,data/VizWiz/Images/val/VizWiz_val_00002110.jpg
vizwiz_val_002112,VizWiz,What is in this box?,lasagne,lasagna,0.704,0.9,none,data/VizWiz/Images/val/VizWiz_val_00002112.jpg
vizwiz_val_002115,VizWiz,What does this say?,ckin2u,unanswerable,0.773,1.0,none,data/VizWiz/Images/val/VizWiz_val_00002115.jpg
vizwiz_val_002118,VizWiz,Can you tell what soda this is?,dr pepper 10,yes,0.596,1.0,none,data/VizWiz/Images/val/VizWiz_val_00002118.jpg
vizwiz_val_002121,VizWiz,What is this?,plaid,sweater,0.652,,none,data/VizWiz/Images/val/VizWiz_val_00002121.jpg
vizwiz_val_002123,VizWiz,"What color is this, please?",black,gray,0.867,0.9,none,data/VizWiz/Images/val/VizWiz_val_00002123.jpg
vizwiz_val_002127,VizWiz,What color is this?,white,purple,0.700,0.9,none,data/VizWiz/Images/val/VizWiz_val_00002127.jpg
vizwiz_val_002130,VizWiz,IS there shampoo or shower gel in this bottle please?,unanswerable,no,0.785,1.0,answerability,data/VizWiz/Images/val/VizWiz_val_00002130.jpg
vizwiz_val_002135,VizWiz,What's on the computer screen?,nothing,stripes,0.799,1.0,none,data/VizWiz/Images/val/VizWiz_val_00002135.jpg
vizwiz_val_002139,VizWiz,What type of fruit is this?,strawberry,orange,0.556,0.9,none,data/VizWiz/Images/val/VizWiz_val_00002139.jpg
vizwiz_val_002142,VizWiz,What is this?,lotion,soap,0.548,1.0,none,data/VizWiz/Images/val/VizWiz_val_00002142.jpg
vizwiz_val_002144,VizWiz,What is in this can?,unanswerable,microwave,0.687,0.9,answerability,data/VizWiz/Images/val/VizWiz_val_00002144.jpg
vizwiz_val_002146,VizWiz,What is this?,coca cola,can,0.546,0.9,none,data/VizWiz/Images/val/VizWiz_val_00002146.jpg
vizwiz_val_002147,VizWiz,What type of burger is in this box?,veggie,chicken,0.554,1.0,none,data/VizWiz/Images/val/VizWiz_val_00002147.jpg
vizwiz_val_002148,VizWiz,What is this?,pudding,snack pack,0.903,,none,data/VizWiz/Images/val/VizWiz_val_00002148.jpg
vizwiz_val_002149,VizWiz,What type of dinner is this?,chicken,unanswerable,0.773,0.0,none,data/VizWiz/Images/val/VizWiz_val_00002149.jpg
vizwiz_val_002153,VizWiz,Can you tell me what tablets these are please? Thank you.,omeprazole,unanswerable,0.672,1.0,none,data/VizWiz/Images/val/VizWiz_val_00002153.jpg
vizwiz_val_002155,VizWiz,What is this shirt?,heart,unanswerable,0.719,1.0,none,data/VizWiz/Images/val/VizWiz_val_00002155.jpg
vizwiz_val_002158,VizWiz,Who was on the watch?,ben 10,cartoon character,0.522,1.0,none,data/VizWiz/Images/val/VizWiz_val_00002158.jpg
vizwiz_val_002161,VizWiz,What is this bottle?,vodka,alcohol,0.795,0.9,none,data/VizWiz/Images/val/VizWiz_val_00002161.jpg
vizwiz_val_002169,VizWiz,"What is visible on this screen, please?",nothing,unanswerable,0.825,1.0,none,data/VizWiz/Images/val/VizWiz_val_00002169.jpg
vizwiz_val_002171,VizWiz,Can you tell me what this is?,can peas,sweet peas,0.568,1.0,none,data/VizWiz/Images/val/VizWiz_val_00002171.jpg
vizwiz_val_002172,VizWiz,Please tell me as much as you can about this top.,polka dots,unanswerable,0.723,0.9,none,data/VizWiz/Images/val/VizWiz_val_00002172.jpg
vizwiz_val_002173,VizWiz,What is this?,book,paper,0.679,1.0,none,data/VizWiz/Images/val/VizWiz_val_00002173.jpg
vizwiz_val_002174,VizWiz,How would i use this product?,sauce,unanswerable,0.646,0.9,none,data/VizWiz/Images/val/VizWiz_val_00002174.jpg
vizwiz_val_002177,VizWiz,"Yes, this is the front of an HP probook laptop. I just need to know if there's anything visible that",no,yes,0.742,0.9,none,data/VizWiz/Images/val/VizWiz_val_00002177.jpg
vizwiz_val_002179,VizWiz,The candle?,yes,unanswerable,0.743,0.9,none,data/VizWiz/Images/val/VizWiz_val_00002179.jpg
vizwiz_val_002180,VizWiz,What color is the sheet?,beige,green,0.604,0.9,none,data/VizWiz/Images/val/VizWiz_val_00002180.jpg
vizwiz_val_002183,VizWiz,What is this item that the camera is pointing at? If you can see the item them please tell me what i,wall,unanswerable,0.865,1.0,none,data/VizWiz/Images/val/VizWiz_val_00002183.jpg
vizwiz_val_002185,VizWiz,what kind of soda is this?,orange fanta,mountain dew,0.643,1.0,none,data/VizWiz/Images/val/VizWiz_val_00002185.jpg
vizwiz_val_002186,VizWiz,What is this?,soup,can,0.500,0.9,none,data/VizWiz/Images/val/VizWiz_val_00002186.jpg
vizwiz_val_002187,VizWiz,What are the directions?,stovetop,unanswerable,0.793,0.9,none,data/VizWiz/Images/val/VizWiz_val_00002187.jpg
vizwiz_val_002189,VizWiz,"Hello, could you please tell what caller this is?",red,unanswerable,0.864,1.0,none,data/VizWiz/Images/val/VizWiz_val_00002189.jpg
vizwiz_val_002192,VizWiz,What is this title?,unanswerable,minnie repertoire,0.676,1.0,answerability,data/VizWiz/Images/val/VizWiz_val_00002192.jpg
vizwiz_val_002194,VizWiz,What kind of flower is this?,daisy,unanswerable,0.618,1.0,none,data/VizWiz/Images/val/VizWiz_val_00002194.jpg
vizwiz_val_002199,VizWiz,What does this grill say?,hot surface,ge,0.632,0.9,none,data/VizWiz/Images/val/VizWiz_val_00002199.jpg
vizwiz_val_002203,VizWiz,What is this?,fudge covered oreos,cookie,0.595,0.9,none,data/VizWiz/Images/val/VizWiz_val_00002203.jpg
vizwiz_val_002206,VizWiz,Hi what is the name of the food that is in this package? Thank you.,unanswerable,nutrition facts,0.788,0.9,answerability,data/VizWiz/Images/val/VizWiz_val_00002206.jpg
vizwiz_val_002208,VizWiz,What is this?,unanswerable,chocolate,0.808,0.9,answerability,data/VizWiz/Images/val/VizWiz_val_00002208.jpg
vizwiz_val_002210,VizWiz,What color is this skirt?,white,gray,0.766,1.0,none,data/VizWiz/Images/val/VizWiz_val_00002210.jpg
vizwiz_val_002211,VizWiz,What is on this screen?,welcome to directv,direc tv,0.587,1.0,none,data/VizWiz/Images/val/VizWiz_val_00002211.jpg
vizwiz_val_002212,VizWiz,I know this is a charger for something. Does it say anything in the picture that I just took that sa,htc,unanswerable,0.683,0.9,none,data/VizWiz/Images/val/VizWiz_val_00002212.jpg
vizwiz_val_002215,VizWiz,"Can you tell me what's in this can, please? Thank you.",unanswerable,chicken quesadillas,0.750,1.0,answerability,data/VizWiz/Images/val/VizWiz_val_00002215.jpg
vizwiz_val_002220,VizWiz,What kind of granola bars are these?,chocolate fudge chocolate chip,chewy,0.662,1.0,none,data/VizWiz/Images/val/VizWiz_val_00002220.jpg
vizwiz_val_002225,VizWiz,Can you describe this shirt? Thanks.,grey t shirt,gray,0.536,1.0,none,data/VizWiz/Images/val/VizWiz_val_00002225.jpg
vizwiz_val_002227,VizWiz,What is this item?,hot spicy trail mix,spices,0.662,0.9,none,data/VizWiz/Images/val/VizWiz_val_00002227.jpg
vizwiz_val_002230,VizWiz,"Hello, well I hope you can read this picture, now see if it stops it.",birthday card,unanswerable,0.724,1.0,none,data/VizWiz/Images/val/VizWiz_val_00002230.jpg
vizwiz_val_002235,VizWiz,What is this?,blank,unanswerable,0.818,,none,data/VizWiz/Images/val/VizWiz_val_00002235.jpg
vizwiz_val_002236,VizWiz,Please explain this shirt.,red picture,motorcycle,0.782,1.0,none,data/VizWiz/Images/val/VizWiz_val_00002236.jpg
vizwiz_val_002240,VizWiz,What is this?,unanswerable,can,0.528,,answerability,data/VizWiz/Images/val/VizWiz_val_00002240.jpg
vizwiz_val_002244,VizWiz,What is this?,scrapbook,tray,0.517,0.9,none,data/VizWiz/Images/val/VizWiz_val_00002244.jpg
vizwiz_val_002246,VizWiz,What is this?,fall preview new york,book,0.637,1.0,none,data/VizWiz/Images/val/VizWiz_val_00002246.jpg
vizwiz_val_002247,VizWiz,What is this on the paper?,braillele,dots,0.685,1.0,none,data/VizWiz/Images/val/VizWiz_val_00002247.jpg
vizwiz_val_002253,VizWiz,What is this a bottle of?,suave shampoo,juice,0.648,1.0,none,data/VizWiz/Images/val/VizWiz_val_00002253.jpg
vizwiz_val_002255,VizWiz,Which way do I turn the button for high?,right,clockwise,0.800,1.0,none,data/VizWiz/Images/val/VizWiz_val_00002255.jpg
vizwiz_val_002259,VizWiz,Is this Kraft Classic or Kraft Free Catalina?,catalina,classic,0.724,1.0,none,data/VizWiz/Images/val/VizWiz_val_00002259.jpg
vizwiz_val_002260,VizWiz,this title.,minnie riperton,minnie ripperton,0.641,1.0,none,data/VizWiz/Images/val/VizWiz_val_00002260.jpg
vizwiz_val_002262,VizWiz,How does it look?,good,unanswerable,0.817,1.0,none,data/VizWiz/Images/val/VizWiz_val_00002262.jpg
vizwiz_val_002263,VizWiz,What is this?,cake mix,ready in 25 seconds,0.734,,none,data/VizWiz/Images/val/VizWiz_val_00002263.jpg
vizwiz_val_002264,VizWiz,How much is this?,5,unanswerable,0.819,1.0,none,data/VizWiz/Images/val/VizWiz_val_00002264.jpg
vizwiz_val_002265,VizWiz,WHAT IS THIS?,sink,dishwasher,0.777,0.9,none,data/VizWiz/Images/val/VizWiz_val_00002265.jpg
vizwiz_val_002266,VizWiz,What is this?,box tissues,tissue box,0.840,,none,data/VizWiz/Images/val/VizWiz_val_00002266.jpg
vizwiz_val_002277,VizWiz,What is this?,picture,card,0.610,1.0,none,data/VizWiz/Images/val/VizWiz_val_00002277.jpg
vizwiz_val_002279,VizWiz,What is in this bottle?,lotion,softening,0.788,0.9,none,data/VizWiz/Images/val/VizWiz_val_00002279.jpg
vizwiz_val_002280,VizWiz,It's also a possibility that it rolled onto my floor. Did it?,unanswerable,yes,0.723,1.0,answerability,data/VizWiz/Images/val/VizWiz_val_00002280.jpg
vizwiz_val_002281,VizWiz,What color is my dog?,white,tan,0.515,0.9,none,data/VizWiz/Images/val/VizWiz_val_00002281.jpg
vizwiz_val_002284,VizWiz,What can is this?,chili,plastic dip,0.573,0.9,none,data/VizWiz/Images/val/VizWiz_val_00002284.jpg
vizwiz_val_002290,VizWiz,Whats in this?,man walking,people,0.575,1.0,none,data/VizWiz/Images/val/VizWiz_val_00002290.jpg
vizwiz_val_002294,VizWiz,Can you see what's on this label please?,yes,unanswerable,0.649,0.9,none,data/VizWiz/Images/val/VizWiz_val_00002294.jpg
vizwiz_val_002297,VizWiz,What are the oven cooking instructions for this hot pie?,350 for 1 hr,unanswerable,0.832,1.0,none,data/VizWiz/Images/val/VizWiz_val_00002297.jpg
vizwiz_val_002298,VizWiz,What is it?,portable misting system,cool camper,0.720,,none,data/VizWiz/Images/val/VizWiz_val_00002298.jpg
vizwiz_val_002300,VizWiz,Can you please identify this tin?,bug spray,unanswerable,0.760,1.0,none,data/VizWiz/Images/val/VizWiz_val_00002300.jpg
vizwiz_val_002302,VizWiz,What color is this?,grey,gray,0.845,1.0,none,data/VizWiz/Images/val/VizWiz_val_00002302.jpg
vizwiz_val_002303,VizWiz,What kind of plant is this?,some beauty plant,houseplant,0.529,0.9,none,data/VizWiz/Images/val/VizWiz_val_00002303.jpg
vizwiz_val_002304,VizWiz,What kind of soda is this?,dr pepper,pepsi,0.770,1.0,none,data/VizWiz/Images/val/VizWiz_val_00002304.jpg
vizwiz_val_002306,VizWiz,Where is my black braille book?,on blanket,under bear,0.613,1.0,none,data/VizWiz/Images/val/VizWiz_val_00002306.jpg
vizwiz_val_002307,VizWiz,What does the dial indicate as the top facing number?,475,450,0.688,0.9,none,data/VizWiz/Images/val/VizWiz_val_00002307.jpg
vizwiz_val_002308,VizWiz,what is the scientific name of this leaf?,green leaf,unanswerable,0.854,1.0,none,data/VizWiz/Images/val/VizWiz_val_00002308.jpg
vizwiz_val_002310,VizWiz,What CD is this?,bluegrass,blue grass,0.695,0.9,none,data/VizWiz/Images/val/VizWiz_val_00002310.jpg
vizwiz_val_002314,VizWiz,Is this college ruled?,no,yes,0.836,,none,data/VizWiz/Images/val/VizWiz_val_00002314.jpg
vizwiz_val_002316,VizWiz,What kind of Tassimo coffee is this?,french vanilla,unanswerable,0.664,1.0,none,data/VizWiz/Images/val/VizWiz_val_00002316.jpg
vizwiz_val_002318,VizWiz,when does this expire?,dec 23 2013,2018,0.615,1.0,none,data/VizWiz/Images/val/VizWiz_val_00002318.jpg
vizwiz_val_002320,VizWiz,Is this orange or grapefruit oil?,unanswerable,orange,0.879,0.9,answerability,data/VizWiz/Images/val/VizWiz_val_00002320.jpg
vizwiz_val_002321,VizWiz,What is this product?,alcohol,liquor,0.831,0.9,none,data/VizWiz/Images/val/VizWiz_val_00002321.jpg
vizwiz_val_002322,VizWiz,What's this?,champagne,wine,0.613,1.0,none,data/VizWiz/Images/val/VizWiz_val_00002322.jpg
vizwiz_val_002324,VizWiz,What is in this can?,unanswerable,spaghetti,0.753,1.0,answerability,data/VizWiz/Images/val/VizWiz_val_00002324.jpg
vizwiz_val_002326,VizWiz,What is this?,unanswerable,sign,0.657,1.0,answerability,data/VizWiz/Images/val/VizWiz_val_00002326.jpg
vizwiz_val_002328,VizWiz,"Can you please tell me what the dryer's set to, and which way does it turn it to increase the temper",currently at normal turn left for jeans then heavy duty,38,0.764,0.9,none,data/VizWiz/Images/val/VizWiz_val_00002328.jpg
vizwiz_val_002339,VizWiz,What is that computer screen showing?,nothing,unanswerable,0.775,1.0,none,data/VizWiz/Images/val/VizWiz_val_00002339.jpg
vizwiz_val_002340,VizWiz,Can you tell me whats on this CD?,scott,unanswerable,0.807,1.0,none,data/VizWiz/Images/val/VizWiz_val_00002340.jpg
vizwiz_val_002341,VizWiz,What kind of meat is in this package?,turkey breast cutlets,unanswerable,0.659,1.0,none,data/VizWiz/Images/val/VizWiz_val_00002341.jpg
vizwiz_val_002346,VizWiz,Please tell me what color shirt this is. Thank you.,white,tan,0.658,1.0,none,data/VizWiz/Images/val/VizWiz_val_00002346.jpg
vizwiz_val_002347,VizWiz,I turned the box to the next side. Can you tell me what type of vitamin pill this is? Thank you.,womens 1 daily,unanswerable,0.681,1.0,none,data/VizWiz/Images/val/VizWiz_val_00002347.jpg
vizwiz_val_002353,VizWiz,What is this?  Is it barbecue or regular potato chips?,barbecue,regular,0.733,0.9,none,data/VizWiz/Images/val/VizWiz_val_00002353.jpg
vizwiz_val_002355,VizWiz,Which bill is this?,unanswerable,20,0.581,1.0,answerability,data/VizWiz/Images/val/VizWiz_val_00002355.jpg
vizwiz_val_002357,VizWiz,"Hi, thanks for help.  What is this bottle of whiskey?",ben nevi,ben newton,0.582,1.0,none,data/VizWiz/Images/val/VizWiz_val_00002357.jpg
vizwiz_val_002362,VizWiz,What type of food is this?,frozen meal,unanswerable,0.581,1.0,none,data/VizWiz/Images/val/VizWiz_val_00002362.jpg
vizwiz_val_002364,VizWiz,"what are these? They are magnetic, two beads",magnetic beads,magnets,0.777,0.9,none,data/VizWiz/Images/val/VizWiz_val_00002364.jpg
vizwiz_val_002365,VizWiz,What is the name of this seasoning?,mrs dash,pepper ginger blend,0.705,1.0,none,data/VizWiz/Images/val/VizWiz_val_00002365.jpg
vizwiz_val_002366,VizWiz,Do I need to go to the right or left to get to the heavy load end.  About how far do you think?,turn right half turn,yes,0.824,0.9,none,data/VizWiz/Images/val/VizWiz_val_00002366.jpg
vizwiz_val_002373,VizWiz,What is this?,cleaning product,soap,0.595,,none,data/VizWiz/Images/val/VizWiz_val_00002373.jpg
vizwiz_val_002381,VizWiz,How does this picture look?,blurry,unanswerable,0.854,1.0,none,data/VizWiz/Images/val/VizWiz_val_00002381.jpg
vizwiz_val_002383,VizWiz,What kind of chips are these?,flamin hot cheetos,doritos,0.720,0.9,none,data/VizWiz/Images/val/VizWiz_val_00002383.jpg
vizwiz_val_002384,VizWiz,What is in this little bottle?,nothing,unanswerable,0.592,1.0,none,data/VizWiz/Images/val/VizWiz_val_00002384.jpg
vizwiz_val_002386,VizWiz,Does this microwave say on it?,5:26,hamilton beach,0.847,0.9,none,data/VizWiz/Images/val/VizWiz_val_00002386.jpg
vizwiz_val_002391,VizWiz,What is it?,diced tomatoes,can,0.555,1.0,none,data/VizWiz/Images/val/VizWiz_val_00002391.jpg
vizwiz_val_002393,VizWiz,Can you please tell me if this thermostat is set to cool and what the readings are? Thank you.,fan on systems off 9:47pm,unanswerable,0.650,1.0,none,data/VizWiz/Images/val/VizWiz_val_00002393.jpg
vizwiz_val_002394,VizWiz,What does my hand look like?,ring on finger,unanswerable,0.814,0.0,none,data/VizWiz/Images/val/VizWiz_val_00002394.jpg
vizwiz_val_002397,VizWiz,What is currently displayed on the screen?,452940,unanswerable,0.673,0.9,none,data/VizWiz/Images/val/VizWiz_val_00002397.jpg
vizwiz_val_002398,VizWiz,What in the photo?,paper towels,toilet paper,0.903,0.9,none,data/VizWiz/Images/val/VizWiz_val_00002398.jpg
vizwiz_val_002399,VizWiz,What dinner is this?,beef peppers,beef and peppers,0.851,1.0,none,data/VizWiz/Images/val/VizWiz_val_00002399.jpg
vizwiz_val_002400,VizWiz,What's this?,wood floor,table,0.865,,none,data/VizWiz/Images/val/VizWiz_val_00002400.jpg
vizwiz_val_002404,VizWiz,What is this?,salad,noodles,0.661,0.9,none,data/VizWiz/Images/val/VizWiz_val_00002404.jpg
vizwiz_val_002405,VizWiz,What does the soap bottle say on it?,anti bacterial,anti-bacterial,0.808,0.9,none,data/VizWiz/Images/val/VizWiz_val_00002405.jpg
vizwiz_val_002406,VizWiz,"I know this is some kind of food. I just want to know what flavor is it, or what kind?",beef tips,unanswerable,0.643,0.9,none,data/VizWiz/Images/val/VizWiz_val_00002406.jpg
vizwiz_val_002409,VizWiz,What colors are in this jacket? Is it summer or winter?,yellow brown blue winter,yellow and blue,0.733,1.0,none,data/VizWiz/Images/val/VizWiz_val_00002409.jpg
vizwiz_val_002411,VizWiz,What color was it and what was the view please?,unanswerable,white,0.558,0.0,answerability,data/VizWiz/Images/val/VizWiz_val_00002411.jpg
vizwiz_val_002413,VizWiz,"Yes, hi, could you tell me what these templates are please?",unanswerable,pill,0.537,1.0,answerability,data/VizWiz/Images/val/VizWiz_val_00002413.jpg
vizwiz_val_002414,VizWiz,What's on the screen?,nothing,unanswerable,0.832,0.0,none,data/VizWiz/Images/val/VizWiz_val_00002414.jpg
vizwiz_val_002417,VizWiz,What is this picture?,black white men in courtroom,unanswerable,0.691,1.0,none,data/VizWiz/Images/val/VizWiz_val_00002417.jpg
vizwiz_val_002418,VizWiz,What flavor is this soup?,unanswerable,chicken,0.699,0.9,answerability,data/VizWiz/Images/val/VizWiz_val_00002418.jpg
vizwiz_val_002420,VizWiz,What does this package say?,chicken pot pie,unanswerable,0.644,0.9,none,data/VizWiz/Images/val/VizWiz_val_00002420.jpg
vizwiz_val_002421,VizWiz,what product is this please and thank you.,jam,vegetarian lasagna,0.613,0.9,none,data/VizWiz/Images/val/VizWiz_val_00002421.jpg
vizwiz_val_002422,VizWiz,What is this?,miracle whip,nutrition facts,0.830,0.9,none,data/VizWiz/Images/val/VizWiz_val_00002422.jpg
vizwiz_val_002424,VizWiz,Are you able to tell what kind this one is?,warm vanilla creme,no,0.685,1.0,none,data/VizWiz/Images/val/VizWiz_val_00002424.jpg
vizwiz_val_002425,VizWiz,What's in this container?,windex,dish soap,0.539,0.9,none,data/VizWiz/Images/val/VizWiz_val_00002425.jpg
vizwiz_val_002431,VizWiz,What is in this bottle and what does the label say?,adult tussin cough cold,adult cough & cold,0.681,0.9,none,data/VizWiz/Images/val/VizWiz_val_00002431.jpg
vizwiz_val_002432,VizWiz,What is this item?,seasoning,hot sauce,0.699,0.9,none,data/VizWiz/Images/val/VizWiz_val_00002432.jpg
vizwiz_val_002433,VizWiz,What is the color of,brown,gold,0.545,1.0,none,data/VizWiz/Images/val/VizWiz_val_00002433.jpg
vizwiz_val_002436,VizWiz,What does this microwave say?,8:43,unanswerable,0.814,1.0,none,data/VizWiz/Images/val/VizWiz_val_00002436.jpg
vizwiz_val_002442,VizWiz,Cookies are these?,unanswerable,no,0.916,,answerability,data/VizWiz/Images/val/VizWiz_val_00002442.jpg
vizwiz_val_002443,VizWiz,What is this?,deep conditioner,hair product,0.729,0.9,none,data/VizWiz/Images/val/VizWiz_val_00002443.jpg
vizwiz_val_002444,VizWiz,"I'm sorry ???, this is just a quick test. Seems to be an issue with my camera; could someone describ",chairs tables,unanswerable,0.726,1.0,none,data/VizWiz/Images/val/VizWiz_val_00002444.jpg
vizwiz_val_002445,VizWiz,I cannot see can you tell me if this is the left or the right headphone?,right,left,0.779,0.9,none,data/VizWiz/Images/val/VizWiz_val_00002445.jpg
vizwiz_val_002450,VizWiz,What kind of soup is this?,traditional,progresso,0.806,1.0,none,data/VizWiz/Images/val/VizWiz_val_00002450.jpg
vizwiz_val_002452,VizWiz,What color is my dog?,tan,brown,0.885,0.9,none,data/VizWiz/Images/val/VizWiz_val_00002452.jpg
vizwiz_val_002454,VizWiz,Is this better? Can you tell the flavor?,fruit punch,no,0.751,1.0,none,data/VizWiz/Images/val/VizWiz_val_00002454.jpg
vizwiz_val_002457,VizWiz,What's in this?,nuts,cereal,0.784,1.0,none,data/VizWiz/Images/val/VizWiz_val_00002457.jpg
vizwiz_val_002458,VizWiz,What picture is this?,night,unanswerable,0.928,0.0,none,data/VizWiz/Images/val/VizWiz_val_00002458.jpg
vizwiz_val_002460,VizWiz,What is this?,mountain dew,soda,0.746,0.9,none,data/VizWiz/Images/val/VizWiz_val_00002460.jpg
vizwiz_val_002461,VizWiz,What am I looking at?,television,tv,0.813,0.9,none,data/VizWiz/Images/val/VizWiz_val_00002461.jpg
vizwiz_val_002463,VizWiz,Could you please read this?,gods gift,unanswerable,0.752,1.0,none,data/VizWiz/Images/val/VizWiz_val_00002463.jpg
vizwiz_val_002465,VizWiz,What flavor is this?,citrus,orange,0.551,1.0,none,data/VizWiz/Images/val/VizWiz_val_00002465.jpg
vizwiz_val_002466,VizWiz,What is in this picture?,grass,car,0.574,1.0,none,data/VizWiz/Images/val/VizWiz_val_00002466.jpg
vizwiz_val_002467,VizWiz,What's in this bottle?,this bottle rutland,cleaner,0.728,1.0,none,data/VizWiz/Images/val/VizWiz_val_00002467.jpg
vizwiz_val_002472,VizWiz,Please confirm the oven setting.,broil,unanswerable,0.804,1.0,none,data/VizWiz/Images/val/VizWiz_val_00002472.jpg
vizwiz_val_002475,VizWiz,What kind of coffee is this?,house blend,van houtte,0.911,0.9,none,data/VizWiz/Images/val/VizWiz_val_00002475.jpg
vizwiz_val_002478,VizWiz,What's this?,computer,keyboard,0.763,,none,data/VizWiz/Images/val/VizWiz_val_00002478.jpg
vizwiz_val_002484,VizWiz,What color is this shirt?,pink,brown,0.636,1.0,none,data/VizWiz/Images/val/VizWiz_val_00002484.jpg
vizwiz_val_002487,VizWiz,"OK, how about this angle here? Curious if this is low-fat and what brand of yogurt this is. Thanks, ",organics regular,unanswerable,0.811,0.9,none,data/VizWiz/Images/val/VizWiz_val_00002487.jpg
vizwiz_val_002488,VizWiz,Can you tell me what the conventional oven preheat temperature is and for how many minutes?,375 for 20 to 25 minutes,350°f,0.735,0.9,none,data/VizWiz/Images/val/VizWiz_val_00002488.jpg
vizwiz_val_002492,VizWiz,What is in this can?,soda,unanswerable,0.584,1.0,none,data/VizWiz/Images/val/VizWiz_val_00002492.jpg
vizwiz_val_002498,VizWiz,What is this?,unanswerable,blanket,0.574,1.0,answerability,data/VizWiz/Images/val/VizWiz_val_00002498.jpg
vizwiz_val_002499,VizWiz,What is this?,leg,unanswerable,0.667,,none,data/VizWiz/Images/val/VizWiz_val_00002499.jpg
vizwiz_val_002501,VizWiz,What is the writing on this box.,smart ones,unanswerable,0.661,0.9,none,data/VizWiz/Images/val/VizWiz_val_00002501.jpg
vizwiz_val_002502,VizWiz,What tea is this?,unanswerable,cinnamon bark,0.802,0.9,answerability,data/VizWiz/Images/val/VizWiz_val_00002502.jpg
vizwiz_val_002504,VizWiz,what cereal is this?,alpha bits,red rover,0.679,1.0,none,data/VizWiz/Images/val/VizWiz_val_00002504.jpg
vizwiz_val_002505,VizWiz,What is the oven temperature setting?,unanswerable,350,0.729,1.0,answerability,data/VizWiz/Images/val/VizWiz_val_00002505.jpg
vizwiz_val_002508,VizWiz,Which country does this belong to?,iran,israel,0.659,1.0,none,data/VizWiz/Images/val/VizWiz_val_00002508.jpg
vizwiz_val_002512,VizWiz,What card is this and is it right side up or upside down thank you.,upside down,unanswerable,0.637,0.9,none,data/VizWiz/Images/val/VizWiz_val_00002512.jpg
vizwiz_val_002513,VizWiz,"What is in this tin, please?",vegetable,nutritional supplement,0.706,0.9,none,data/VizWiz/Images/val/VizWiz_val_00002513.jpg
vizwiz_val_002516,VizWiz,What is this a picture of?,box,celebration,0.782,1.0,none,data/VizWiz/Images/val/VizWiz_val_00002516.jpg
vizwiz_val_002518,VizWiz,Can you help me? What is this?,sheet,keyboard,0.872,,none,data/VizWiz/Images/val/VizWiz_val_00002518.jpg
vizwiz_val_002520,VizWiz,How much?,1 dollar,1.15,0.822,1.0,none,data/VizWiz/Images/val/VizWiz_val_00002520.jpg
vizwiz_val_002521,VizWiz,What is this?,fire pit,fireplace,0.816,,none,data/VizWiz/Images/val/VizWiz_val_00002521.jpg
vizwiz_val_002522,VizWiz,What kind of pop is this?,unanswerable,mountain dew,0.650,0.9,answerability,data/VizWiz/Images/val/VizWiz_val_00002522.jpg
vizwiz_val_002523,VizWiz,What does it say on the display?,nothing,unanswerable,0.891,0.9,none,data/VizWiz/Images/val/VizWiz_val_00002523.jpg
vizwiz_val_002525,VizWiz,What is this box?,computer software,product key card,0.897,0.9,none,data/VizWiz/Images/val/VizWiz_val_00002525.jpg
vizwiz_val_002527,VizWiz,What is this?,chips,snack,0.549,0.9,none,data/VizWiz/Images/val/VizWiz_val_00002527.jpg
vizwiz_val_002532,VizWiz,Can you tell what's in this tin?,cranberry sauce,yes,0.536,1.0,none,data/VizWiz/Images/val/VizWiz_val_00002532.jpg
vizwiz_val_002534,VizWiz,"I'm not sure if this is the purple one you were talking about, but it should be. I don't know what c",purple,unanswerable,0.755,1.0,none,data/VizWiz/Images/val/VizWiz_val_00002534.jpg
vizwiz_val_002535,VizWiz,i understand that but does the back of the white truck look dented,unanswerable,no,0.766,0.9,answerability,data/VizWiz/Images/val/VizWiz_val_00002535.jpg
vizwiz_val_002536,VizWiz,What kind of fish is this?,catfish,unanswerable,0.581,1.0,none,data/VizWiz/Images/val/VizWiz_val_00002536.jpg
vizwiz_val_002537,VizWiz,Can you do what the semi useless upc databases have failed to do and identify this?,michelina chicken teriyaki,unanswerable,0.646,0.9,none,data/VizWiz/Images/val/VizWiz_val_00002537.jpg
vizwiz_val_002542,VizWiz,What is color for this laptop?,black,blue,0.770,1.0,none,data/VizWiz/Images/val/VizWiz_val_00002542.jpg
vizwiz_val_002543,VizWiz,Is this juice?,yes,no,0.927,,none,data/VizWiz/Images/val/VizWiz_val_00002543.jpg
vizwiz_val_002544,VizWiz,What is in this box?,lasagne,lasagna,0.842,0.9,none,data/VizWiz/Images/val/VizWiz_val_00002544.jpg
vizwiz_val_002545,VizWiz,How much of the page in this photo cross is visible? Thank you.,90%,unanswerable,0.769,0.9,none,data/VizWiz/Images/val/VizWiz_val_00002545.jpg
vizwiz_val_002547,VizWiz,What is this a can of?,unanswerable,beer,0.807,1.0,answerability,data/VizWiz/Images/val/VizWiz_val_00002547.jpg
vizwiz_val_002548,VizWiz,What am I looking at?,book,envelope,0.853,1.0,none,data/VizWiz/Images/val/VizWiz_val_00002548.jpg
vizwiz_val_002551,VizWiz,what is the expiration date,unanswerable,90 seconds,0.702,0.9,answerability,data/VizWiz/Images/val/VizWiz_val_00002551.jpg
vizwiz_val_002553,VizWiz,What's on this shirt?,unanswerable,shadow,0.902,1.0,answerability,data/VizWiz/Images/val/VizWiz_val_00002553.jpg
vizwiz_val_002556,VizWiz,"Now can you see the order number for this necklace and bracelet, and this Avon booklet?",558 503,568-5053,0.762,0.9,none,data/VizWiz/Images/val/VizWiz_val_00002556.jpg
vizwiz_val_002557,VizWiz,What do you see?,door,cat,0.691,1.0,none,data/VizWiz/Images/val/VizWiz_val_00002557.jpg
vizwiz_val_002565,VizWiz,what is this item,unanswerable,deodorant,0.614,0.9,answerability,data/VizWiz/Images/val/VizWiz_val_00002565.jpg
vizwiz_val_002569,VizWiz,Can you tell me what this food item is?,manwich,unanswerable,0.685,1.0,none,data/VizWiz/Images/val/VizWiz_val_00002569.jpg
vizwiz_val_002570,VizWiz,"What color is this t-shirt, and what are the colors in it?",white blue,blue and white,0.663,1.0,none,data/VizWiz/Images/val/VizWiz_val_00002570.jpg
vizwiz_val_002573,VizWiz,What is the expiration date?,dec 03 2011,03/01/2011,0.513,0.9,none,data/VizWiz/Images/val/VizWiz_val_00002573.jpg
vizwiz_val_002574,VizWiz,What color is this t-shirt?,white,gray,0.826,1.0,none,data/VizWiz/Images/val/VizWiz_val_00002574.jpg
vizwiz_val_002576,VizWiz,Which color has it?,white,silver,0.769,1.0,none,data/VizWiz/Images/val/VizWiz_val_00002576.jpg
vizwiz_val_002577,VizWiz,What is in this package? What is it?,ready to bake bunny cookies,bunny shaped cookies,0.727,,none,data/VizWiz/Images/val/VizWiz_val_00002577.jpg
vizwiz_val_002578,VizWiz,which pot pie is this?,cheesy ham potato,banquet,0.696,1.0,none,data/VizWiz/Images/val/VizWiz_val_00002578.jpg
vizwiz_val_002582,VizWiz,How many cups of milk and how many cups of water do I need to make this stuffing?,unanswerable,1 cup milk and 1 cup water,0.643,1.0,answerability,data/VizWiz/Images/val/VizWiz_val_00002582.jpg
vizwiz_val_002584,VizWiz,Please can you tell me what item this is?,cereal,donut,0.594,1.0,none,data/VizWiz/Images/val/VizWiz_val_00002584.jpg
vizwiz_val_002585,VizWiz,Which meal is this?  It's waiting for time to run out?,spaghetti,dinner,0.887,1.0,none,data/VizWiz/Images/val/VizWiz_val_00002585.jpg
vizwiz_val_002586,VizWiz,Can you please describe this card and its orientation? Thank you.,this card palace,unanswerable,0.708,0.9,none,data/VizWiz/Images/val/VizWiz_val_00002586.jpg
vizwiz_val_002587,VizWiz,Does this stack look too big?,unanswerable,no,0.811,,answerability,data/VizWiz/Images/val/VizWiz_val_00002587.jpg
vizwiz_val_002590,VizWiz,What kind of TV dinner is this? I know it's Stoffer's but what flavor? Thanks.,meatloaf,chicken,0.640,0.9,none,data/VizWiz/Images/val/VizWiz_val_00002590.jpg
vizwiz_val_002592,VizWiz,What is this?,oreos,cookie,0.704,1.0,none,data/VizWiz/Images/val/VizWiz_val_00002592.jpg
vizwiz_val_002593,VizWiz,What temperature is the oven set at?,425,350,0.907,1.0,none,data/VizWiz/Images/val/VizWiz_val_00002593.jpg
vizwiz_val_002594,VizWiz,how many nachos over to the left and or right is the setting bulky?,1 notch to right,yes,0.772,0.9,none,data/VizWiz/Images/val/VizWiz_val_00002594.jpg
vizwiz_val_002597,VizWiz,What is this box?,breakfast sandwich,bacon cheese,0.559,0.9,none,data/VizWiz/Images/val/VizWiz_val_00002597.jpg
vizwiz_val_002598,VizWiz,What is in this box?,playing cards,bicycle,0.570,0.9,none,data/VizWiz/Images/val/VizWiz_val_00002598.jpg
vizwiz_val_002599,VizWiz,What is in this can?,tomato sauce,fruit,0.532,1.0,none,data/VizWiz/Images/val/VizWiz_val_00002599.jpg
vizwiz_val_002603,VizWiz,What are the ingredients listed on this box?,ground beef hot water milk sauce mix uncooked pasta,unanswerable,0.655,1.0,none,data/VizWiz/Images/val/VizWiz_val_00002603.jpg
vizwiz_val_002605,VizWiz,What is this shirt?,disney world,unanswerable,0.711,1.0,none,data/VizWiz/Images/val/VizWiz_val_00002605.jpg
vizwiz_val_002608,VizWiz,What color is this dress?,brown white,brown and white,0.858,0.9,none,data/VizWiz/Images/val/VizWiz_val_00002608.jpg
vizwiz_val_002609,VizWiz,What is this?,dvd,book,0.614,1.0,none,data/VizWiz/Images/val/VizWiz_val_00002609.jpg
vizwiz_val_002610,VizWiz,What color is that? Thank you.,grey,black,0.680,0.9,none,data/VizWiz/Images/val/VizWiz_val_00002610.jpg
vizwiz_val_002612,VizWiz,What do the big gray clouds look like in the sky?,clouds,stormy,0.552,0.9,none,data/VizWiz/Images/val/VizWiz_val_00002612.jpg
vizwiz_val_002613,VizWiz,Is it asking? What? Should be. I am.,peanut butter granola bars,unanswerable,0.704,0.9,none,data/VizWiz/Images/val/VizWiz_val_00002613.jpg
vizwiz_val_002615,VizWiz,What is the picture on that CD?,man woman,unanswerable,0.681,0.9,none,data/VizWiz/Images/val/VizWiz_val_00002615.jpg
vizwiz_val_002616,VizWiz,How about the weather?,25 degrees c,unanswerable,0.756,1.0,none,data/VizWiz/Images/val/VizWiz_val_00002616.jpg
vizwiz_val_002619,VizWiz,What flavor are these?,unanswerable,pringles,0.775,1.0,answerability,data/VizWiz/Images/val/VizWiz_val_00002619.jpg
vizwiz_val_002620,VizWiz,What does the screen say?,acer,unanswerable,0.833,1.0,none,data/VizWiz/Images/val/VizWiz_val_00002620.jpg
vizwiz_val_002621,VizWiz,Could you tell me what is in this can please?,sweet potatoes,candy,0.628,1.0,none,data/VizWiz/Images/val/VizWiz_val_00002621.jpg
vizwiz_val_002625,VizWiz,Do you know how to cook these?,unanswerable,yes,0.625,1.0,answerability,data/VizWiz/Images/val/VizWiz_val_00002625.jpg
vizwiz_val_002627,VizWiz,What is this?,sugar,flour,0.830,0.9,none,data/VizWiz/Images/val/VizWiz_val_00002627.jpg
vizwiz_val_002628,VizWiz,What does it say here?,use by,unanswerable,0.744,1.0,none,data/VizWiz/Images/val/VizWiz_val_00002628.jpg
vizwiz_val_002630,VizWiz,What is it?,unanswerable,light,0.631,1.0,answerability,data/VizWiz/Images/val/VizWiz_val_00002630.jpg
vizwiz_val_002632,VizWiz,What's in this box?,chicken bouillon,salt,0.517,1.0,none,data/VizWiz/Images/val/VizWiz_val_00002632.jpg
vizwiz_val_002633,VizWiz,What shirt is this?,niagara falls,unanswerable,0.801,1.0,none,data/VizWiz/Images/val/VizWiz_val_00002633.jpg
vizwiz_val_002635,VizWiz,What is this?,figurine,teddy bear,0.691,,none,data/VizWiz/Images/val/VizWiz_val_00002635.jpg
vizwiz_val_002644,VizWiz,What is this?,mcdonalds cup,mcdonald's cup,0.825,0.9,none,data/VizWiz/Images/val/VizWiz_val_00002644.jpg
vizwiz_val_002653,VizWiz,What's this?,table,food,0.577,1.0,none,data/VizWiz/Images/val/VizWiz_val_00002653.jpg
vizwiz_val_002657,VizWiz,what color is this?,blue,gray,0.695,1.0,none,data/VizWiz/Images/val/VizWiz_val_00002657.jpg
vizwiz_val_002662,VizWiz,"What is in this can, please?",fruit,unanswerable,0.582,0.9,none,data/VizWiz/Images/val/VizWiz_val_00002662.jpg
vizwiz_val_002664,VizWiz,What kind of design is this sweater?,unanswerable,solid,0.663,0.0,answerability,data/VizWiz/Images/val/VizWiz_val_00002664.jpg
vizwiz_val_002665,VizWiz,What are the title and author of the CD?,washingtons golden delicious music series,washington's golden delicious series,0.681,0.9,none,data/VizWiz/Images/val/VizWiz_val_00002665.jpg
vizwiz_val_002666,VizWiz,"Hi, are you able to describe this trainer to me, please.",white red blue,unanswerable,0.668,1.0,none,data/VizWiz/Images/val/VizWiz_val_00002666.jpg
vizwiz_val_002670,VizWiz,What kind of flour is this? All purpose or self rising?,unanswerable,all purpose,0.766,1.0,answerability,data/VizWiz/Images/val/VizWiz_val_00002670.jpg
vizwiz_val_002671,VizWiz,What is this?,cell phone,charger,0.656,,none,data/VizWiz/Images/val/VizWiz_val_00002671.jpg
vizwiz_val_002676,VizWiz,What is this item?,grilled chicken spanish rice,food,0.577,0.9,none,data/VizWiz/Images/val/VizWiz_val_00002676.jpg
vizwiz_val_002677,VizWiz,What do you see?,flowers,table,0.506,1.0,none,data/VizWiz/Images/val/VizWiz_val_00002677.jpg
vizwiz_val_002681,VizWiz,Which button is the second floor button?,top,2,0.766,1.0,none,data/VizWiz/Images/val/VizWiz_val_00002681.jpg
vizwiz_val_002683,VizWiz,What is this little package?,kool aid,unanswerable,0.572,1.0,none,data/VizWiz/Images/val/VizWiz_val_00002683.jpg
vizwiz_val_002684,VizWiz,What am I looking at?,lightbulb,light bulb,0.917,1.0,none,data/VizWiz/Images/val/VizWiz_val_00002684.jpg
vizwiz_val_002685,VizWiz,"can you give me the cooking directions for this product, thank you",place spoon bake,unanswerable,0.772,1.0,none,data/VizWiz/Images/val/VizWiz_val_00002685.jpg
vizwiz_val_002686,VizWiz,What is this?,lotion,soap,0.560,0.9,none,data/VizWiz/Images/val/VizWiz_val_00002686.jpg
vizwiz_val_002691,VizWiz,What flavor is this?,awake,black tea,0.629,1.0,none,data/VizWiz/Images/val/VizWiz_val_00002691.jpg
vizwiz_val_002692,VizWiz,What is it?,microwave,unanswerable,0.535,0.9,none,data/VizWiz/Images/val/VizWiz_val_00002692.jpg
vizwiz_val_002693,VizWiz,what am I looking at?,desk,office,0.604,1.0,none,data/VizWiz/Images/val/VizWiz_val_00002693.jpg
vizwiz_val_002704,VizWiz,What color is this?,grey,gray,0.816,1.0,none,data/VizWiz/Images/val/VizWiz_val_00002704.jpg
vizwiz_val_002706,VizWiz,What color is this?,grey,black,0.675,0.9,none,data/VizWiz/Images/val/VizWiz_val_00002706.jpg
vizwiz_val_002707,VizWiz,For how long do I cook this in the microwave?,unanswerable,10 minutes,0.620,1.0,answerability,data/VizWiz/Images/val/VizWiz_val_00002707.jpg
vizwiz_val_002709,VizWiz,what color are these shorts?,grey,gray,0.902,1.0,none,data/VizWiz/Images/val/VizWiz_val_00002709.jpg
vizwiz_val_002711,VizWiz,What spice is this?,sugar,unanswerable,0.793,1.0,none,data/VizWiz/Images/val/VizWiz_val_00002711.jpg
vizwiz_val_002713,VizWiz,Can you tell me what brand these are so I can Google search the directions?,unanswerable,buttermilk pancake mix,0.853,0.9,answerability,data/VizWiz/Images/val/VizWiz_val_00002713.jpg
vizwiz_val_002715,VizWiz,What kind of hand soap is this?,papaya mango,antibacterial,0.828,0.9,none,data/VizWiz/Images/val/VizWiz_val_00002715.jpg
vizwiz_val_002716,VizWiz,what is this,unanswerable,book,0.602,1.0,answerability,data/VizWiz/Images/val/VizWiz_val_00002716.jpg
vizwiz_val_002722,VizWiz,What does this list include?,bandages,medical supplies,0.621,0.9,none,data/VizWiz/Images/val/VizWiz_val_00002722.jpg
vizwiz_val_002729,VizWiz,is this,unanswerable,yes,0.719,0.9,answerability,data/VizWiz/Images/val/VizWiz_val_00002729.jpg
vizwiz_val_002733,VizWiz,"I think this is peach, but does it say if it is sweet or made with Splenda?",unanswerable,sweet,0.689,0.9,answerability,data/VizWiz/Images/val/VizWiz_val_00002733.jpg
vizwiz_val_002739,VizWiz,What's the temperature set at?,75,70,0.778,1.0,none,data/VizWiz/Images/val/VizWiz_val_00002739.jpg
vizwiz_val_002742,VizWiz,What is this item?,ipod nano case,ipod case,0.745,0.9,none,data/VizWiz/Images/val/VizWiz_val_00002742.jpg
vizwiz_val_002743,VizWiz,What color is this?,aqua,blue,0.605,0.9,none,data/VizWiz/Images/val/VizWiz_val_00002743.jpg
vizwiz_val_002747,VizWiz,what is on this page?,tarot card instructions,unanswerable,0.668,0.9,none,data/VizWiz/Images/val/VizWiz_val_00002747.jpg
vizwiz_val_002748,VizWiz,Can you see what label is on the can of coke?  I'm just wondering if it's something that got stuck t,no,unanswerable,0.705,0.9,none,data/VizWiz/Images/val/VizWiz_val_00002748.jpg
vizwiz_val_002749,VizWiz,Can you please tell me what the oven temperature is set to?,broil,350,0.742,1.0,none,data/VizWiz/Images/val/VizWiz_val_00002749.jpg
vizwiz_val_002751,VizWiz,What brand and variety are these chips?,unanswerable,quaker,0.754,0.9,answerability,data/VizWiz/Images/val/VizWiz_val_00002751.jpg
vizwiz_val_002754,VizWiz,"What time is it, and what is your favorite football team?",unanswerable,4:47,0.552,1.0,answerability,data/VizWiz/Images/val/VizWiz_val_00002754.jpg
vizwiz_val_002756,VizWiz,What is the title of this book?,english italian italian english dictionary,unanswerable,0.695,0.9,none,data/VizWiz/Images/val/VizWiz_val_00002756.jpg
vizwiz_val_002759,VizWiz,What is this?,1 dollar bill,money,0.868,1.0,none,data/VizWiz/Images/val/VizWiz_val_00002759.jpg
vizwiz_val_002761,VizWiz,What is this item?,cast iron skillet,pan,0.839,0.9,none,data/VizWiz/Images/val/VizWiz_val_00002761.jpg
vizwiz_val_002762,VizWiz,Cooking directions.,microwave 4 minutes,unanswerable,0.786,1.0,none,data/VizWiz/Images/val/VizWiz_val_00002762.jpg
vizwiz_val_002767,VizWiz,what wash cycle do i have this on?,heavy,normal,0.636,0.9,none,data/VizWiz/Images/val/VizWiz_val_00002767.jpg
vizwiz_val_002768,VizWiz,What make and flavor of coffee is this please?,tullys italian roast,tully's italian roast,0.726,0.9,none,data/VizWiz/Images/val/VizWiz_val_00002768.jpg
vizwiz_val_002769,VizWiz,"What is in this package? And if you can include a brand name, that would help. Thank you.",parmesan tilapia sea cuisine,parmesean,0.647,0.9,none,data/VizWiz/Images/val/VizWiz_val_00002769.jpg
vizwiz_val_002773,VizWiz,Is this Obama?,unanswerable,no,0.775,,answerability,data/VizWiz/Images/val/VizWiz_val_00002773.jpg
vizwiz_val_002775,VizWiz,What kind of bird is this?,parakeet,parrot,0.752,1.0,none,data/VizWiz/Images/val/VizWiz_val_00002775.jpg
vizwiz_val_002777,VizWiz,What can you see in this picture?  Thanks.,sky,power lines,0.617,1.0,none,data/VizWiz/Images/val/VizWiz_val_00002777.jpg
vizwiz_val_002779,VizWiz,Please describe the picture.,shrub grass,unanswerable,0.754,1.0,none,data/VizWiz/Images/val/VizWiz_val_00002779.jpg
vizwiz_val_002781,VizWiz,What is in this box?,sausages onion gravy,sausages and onion gravy,0.803,0.9,none,data/VizWiz/Images/val/VizWiz_val_00002781.jpg
vizwiz_val_002788,VizWiz,What is in this bag? Thank you.,frozen vegetables,steam n serve,0.685,0.9,none,data/VizWiz/Images/val/VizWiz_val_00002788.jpg
vizwiz_val_002790,VizWiz,"What color is the shirt that I'm wearing, black or turquoise? Thank you.",turquoise,black,0.685,1.0,none,data/VizWiz/Images/val/VizWiz_val_00002790.jpg
vizwiz_val_002794,VizWiz,What is this?,bedroom,unanswerable,0.709,1.0,none,data/VizWiz/Images/val/VizWiz_val_00002794.jpg
vizwiz_val_002799,VizWiz,What is this a picture of?,pens,leg,0.535,1.0,none,data/VizWiz/Images/val/VizWiz_val_00002799.jpg
vizwiz_val_002802,VizWiz,What color is this?,burgundy,brown,0.662,1.0,none,data/VizWiz/Images/val/VizWiz_val_00002802.jpg
vizwiz_val_002803,VizWiz,What is this?,chicken florentine alfredo,spaghetti sauce,0.791,0.9,none,data/VizWiz/Images/val/VizWiz_val_00002803.jpg
vizwiz_val_002805,VizWiz,Can you tell me the detail of the food in this thing?,herb crusted white fish pasta in tomato basil sauce green beans carrots,unanswerable,0.660,1.0,none,data/VizWiz/Images/val/VizWiz_val_00002805.jpg
vizwiz_val_002806,VizWiz,What type of lotion is this?,body lotion,unanswerable,0.695,1.0,none,data/VizWiz/Images/val/VizWiz_val_00002806.jpg
vizwiz_val_002809,VizWiz,Would you please tell me what the sky in this photograph looks like?,stormy,cloudy,0.721,0.9,none,data/VizWiz/Images/val/VizWiz_val_00002809.jpg
vizwiz_val_002811,VizWiz,Dinner bowl is this?,marie callenders,yes,0.599,1.0,none,data/VizWiz/Images/val/VizWiz_val_00002811.jpg
vizwiz_val_002815,VizWiz,What's in this container?,lysol,fly,0.563,1.0,none,data/VizWiz/Images/val/VizWiz_val_00002815.jpg
vizwiz_val_002817,VizWiz,What is this?,unanswerable,meat,0.906,,answerability,data/VizWiz/Images/val/VizWiz_val_00002817.jpg
vizwiz_val_002820,VizWiz,What are the colors of these three cable ties?,red red yellow,"red, yellow, and black",0.629,,none,data/VizWiz/Images/val/VizWiz_val_00002820.jpg
vizwiz_val_002823,VizWiz,What is the crock pot setting?,low,off,0.752,,none,data/VizWiz/Images/val/VizWiz_val_00002823.jpg
vizwiz_val_002824,VizWiz,"Does the screen say anything, show any text or color at all?",blue,no,0.949,,none,data/VizWiz/Images/val/VizWiz_val_00002824.jpg
vizwiz_val_002830,VizWiz,Can you tell me what this knob is on?,unanswerable,washer,0.753,1.0,answerability,data/VizWiz/Images/val/VizWiz_val_00002830.jpg
vizwiz_val_002831,VizWiz,What is this?,unanswerable,pill bottle,0.697,0.9,answerability,data/VizWiz/Images/val/VizWiz_val_00002831.jpg
vizwiz_val_002837,VizWiz,What are the directions?,heat drop bake,unanswerable,0.730,0.9,none,data/VizWiz/Images/val/VizWiz_val_00002837.jpg
vizwiz_val_002838,VizWiz,What is this?,rc cola,soda,0.582,0.9,none,data/VizWiz/Images/val/VizWiz_val_00002838.jpg
vizwiz_val_002839,VizWiz,Which ocean has the most hurricanes in the world?,unanswerable,atlantic,0.841,1.0,answerability,data/VizWiz/Images/val/VizWiz_val_00002839.jpg
vizwiz_val_002843,VizWiz,What is the temperature on this thermostat?,50,unanswerable,0.848,1.0,none,data/VizWiz/Images/val/VizWiz_val_00002843.jpg
vizwiz_val_002844,VizWiz,For how long do I cook this in the microwave?,unanswerable,2 minutes,0.620,1.0,answerability,data/VizWiz/Images/val/VizWiz_val_00002844.jpg
vizwiz_val_002845,VizWiz,What kind of coffee is this?,brazil santos,unanswerable,0.708,1.0,none,data/VizWiz/Images/val/VizWiz_val_00002845.jpg
vizwiz_val_002846,VizWiz,What is the name of the color?,unanswerable,pink,0.679,1.0,answerability,data/VizWiz/Images/val/VizWiz_val_00002846.jpg
vizwiz_val_002847,VizWiz,What color is the wall?,pink,purple,0.941,0.9,none,data/VizWiz/Images/val/VizWiz_val_00002847.jpg
vizwiz_val_002850,VizWiz,Can you please describe this card in this orientation? Thank You,cups,unanswerable,0.767,1.0,none,data/VizWiz/Images/val/VizWiz_val_00002850.jpg
vizwiz_val_002852,VizWiz,Is this on fan now?,no,yes,0.714,1.0,none,data/VizWiz/Images/val/VizWiz_val_00002852.jpg
vizwiz_val_002853,VizWiz,What is this a picture of?,sea sky,painting,0.660,0.9,none,data/VizWiz/Images/val/VizWiz_val_00002853.jpg
vizwiz_val_002854,VizWiz,What dinner is this?,healthy choice,unanswerable,0.697,1.0,none,data/VizWiz/Images/val/VizWiz_val_00002854.jpg
vizwiz_val_002856,VizWiz,What is this?,unanswerable,bottle,0.550,0.9,answerability,data/VizWiz/Images/val/VizWiz_val_00002856.jpg
vizwiz_val_002859,VizWiz,What is in this bag?,vegetables,garlic,0.643,1.0,none,data/VizWiz/Images/val/VizWiz_val_00002859.jpg
vizwiz_val_002862,VizWiz,What is this coin?,quarter,unanswerable,0.617,1.0,none,data/VizWiz/Images/val/VizWiz_val_00002862.jpg
vizwiz_val_002865,VizWiz,What do you see in this picture?,nothing,unanswerable,0.566,0.0,none,data/VizWiz/Images/val/VizWiz_val_00002865.jpg
vizwiz_val_002867,VizWiz,What kind of coffee is this?,dark,starbucks,0.839,1.0,none,data/VizWiz/Images/val/VizWiz_val_00002867.jpg
vizwiz_val_002869,VizWiz,Tell me the value of this card.,6,9,0.846,1.0,none,data/VizWiz/Images/val/VizWiz_val_00002869.jpg
vizwiz_val_002873,VizWiz,what is this can?,unanswerable,beans,0.577,1.0,answerability,data/VizWiz/Images/val/VizWiz_val_00002873.jpg
vizwiz_val_002874,VizWiz,What does this box say?,nothing,unanswerable,0.936,1.0,none,data/VizWiz/Images/val/VizWiz_val_00002874.jpg
vizwiz_val_002877,VizWiz,I moved closer.  See if we can identify this product.  Thank you.,baked potato cheddar bacon bits,chunky,0.748,0.9,none,data/VizWiz/Images/val/VizWiz_val_00002877.jpg
vizwiz_val_002881,VizWiz,What are the characters in this CAPTCHA image?,472 dahwit,unanswerable,0.558,0.9,none,data/VizWiz/Images/val/VizWiz_val_00002881.jpg
vizwiz_val_002882,VizWiz,What does this say?,harry potter deathly hallows,unanswerable,0.863,1.0,none,data/VizWiz/Images/val/VizWiz_val_00002882.jpg
vizwiz_val_002883,VizWiz,WHEN DOES THIS NOSE SPRAY EXPIRE?,unanswerable,09/30/2012,0.544,0.9,answerability,data/VizWiz/Images/val/VizWiz_val_00002883.jpg
vizwiz_val_002884,VizWiz,What color is it?,gold,brown,0.513,0.9,none,data/VizWiz/Images/val/VizWiz_val_00002884.jpg
vizwiz_val_002890,VizWiz,Can you tell how much this says I weigh?,200,unanswerable,0.761,1.0,none,data/VizWiz/Images/val/VizWiz_val_00002890.jpg
vizwiz_val_002891,VizWiz,What kind of dog is this?,dalmation,dalmatian,0.911,0.9,none,data/VizWiz/Images/val/VizWiz_val_00002891.jpg
vizwiz_val_002897,VizWiz,Last time I asked I got the answer design. I need color. What color is the design?,tan white,brown,0.670,1.0,none,data/VizWiz/Images/val/VizWiz_val_00002897.jpg
vizwiz_val_002899,VizWiz,What kind of spaghetti sauce jar is this? Thank you.,classico,unanswerable,0.649,0.9,none,data/VizWiz/Images/val/VizWiz_val_00002899.jpg
vizwiz_val_002902,VizWiz,Can you please describe the card and is it right side up?,xi strength no,yes,0.582,0.9,none,data/VizWiz/Images/val/VizWiz_val_00002902.jpg
vizwiz_val_002904,VizWiz,Could you read the writing that's on this tag please? Thank you.,yes i can read,unanswerable,0.566,0.9,none,data/VizWiz/Images/val/VizWiz_val_00002904.jpg
vizwiz_val_002907,VizWiz,What CD is this?,feed flock,unanswerable,0.748,1.0,none,data/VizWiz/Images/val/VizWiz_val_00002907.jpg
vizwiz_val_002909,VizWiz,What is this can?,beans,unanswerable,0.646,1.0,none,data/VizWiz/Images/val/VizWiz_val_00002909.jpg
vizwiz_val_002912,VizWiz,Is this product?,toy,yes,0.920,0.9,none,data/VizWiz/Images/val/VizWiz_val_00002912.jpg
vizwiz_val_002913,VizWiz,Please can you tell me the name of the CD? Thanks.,unanswerable,gold,0.513,1.0,answerability,data/VizWiz/Images/val/VizWiz_val_00002913.jpg
vizwiz_val_002914,VizWiz,What is in the picture?,dashboard,car,0.603,0.9,none,data/VizWiz/Images/val/VizWiz_val_00002914.jpg
vizwiz_val_002917,VizWiz,Thanks for all the help. Can you tell what this is now?,balm,unanswerable,0.674,1.0,none,data/VizWiz/Images/val/VizWiz_val_00002917.jpg
vizwiz_val_002919,VizWiz,What kind of coin is that?,unanswerable,penny,0.790,1.0,answerability,data/VizWiz/Images/val/VizWiz_val_00002919.jpg
vizwiz_val_002923,VizWiz,"What is this, please?",unanswerable,can,0.690,1.0,answerability,data/VizWiz/Images/val/VizWiz_val_00002923.jpg
vizwiz_val_002926,VizWiz,Can you please describe this flower to me? Thank you.,this rose,pink rose,0.581,0.9,none,data/VizWiz/Images/val/VizWiz_val_00002926.jpg
vizwiz_val_002930,VizWiz,What is currently on the TV screen?,nothing,unanswerable,0.769,,none,data/VizWiz/Images/val/VizWiz_val_00002930.jpg
vizwiz_val_002931,VizWiz,What does my TV screen say?,this cable box not authorized for service please call your cable division,unanswerable,0.745,1.0,none,data/VizWiz/Images/val/VizWiz_val_00002931.jpg
vizwiz_val_002933,VizWiz,What is this bottle?,unanswerable,vitamin,0.539,0.9,answerability,data/VizWiz/Images/val/VizWiz_val_00002933.jpg
vizwiz_val_002935,VizWiz,"Tell me what this bottle say, please. I don't know what it say. Please help me, please.",lawry marinade,minute maid,0.793,1.0,none,data/VizWiz/Images/val/VizWiz_val_00002935.jpg
vizwiz_val_002939,VizWiz,"All right they are closed now. I don't think there are any labels on there though, but if there are ",label on left 1,unanswerable,0.824,1.0,none,data/VizWiz/Images/val/VizWiz_val_00002939.jpg
vizwiz_val_002940,VizWiz,So is this button speed?  Is that a down or up arrow?,no,down arrow,0.602,0.9,none,data/VizWiz/Images/val/VizWiz_val_00002940.jpg
vizwiz_val_002941,VizWiz,"OK, I have the flap open. Let's see if this actually works.",empty,unanswerable,0.868,1.0,none,data/VizWiz/Images/val/VizWiz_val_00002941.jpg
vizwiz_val_002948,VizWiz,What is on the screen?,painting,ship,0.564,1.0,none,data/VizWiz/Images/val/VizWiz_val_00002948.jpg
vizwiz_val_002949,VizWiz,Could you tell me color this is? What color is this please?,black,blue,0.818,1.0,none,data/VizWiz/Images/val/VizWiz_val_00002949.jpg
vizwiz_val_002950,VizWiz,"Hi, I'm trying again. Can you tell me what how many numbers of degrees is on this gauge?",59,56,0.629,1.0,none,data/VizWiz/Images/val/VizWiz_val_00002950.jpg
vizwiz_val_002951,VizWiz,What is this?,unanswerable,book,0.751,1.0,answerability,data/VizWiz/Images/val/VizWiz_val_00002951.jpg
vizwiz_val_002955,VizWiz,What color are the ropes from top to bottom?,blue green red yellow,"red, green, yellow, blue, and orange",0.541,0.9,none,data/VizWiz/Images/val/VizWiz_val_00002955.jpg
vizwiz_val_002956,VizWiz,What is this?,bottle water,water bottle,0.921,,none,data/VizWiz/Images/val/VizWiz_val_00002956.jpg
vizwiz_val_002961,VizWiz,What color is this cartridge?,black,yellow,0.735,1.0,none,data/VizWiz/Images/val/VizWiz_val_00002961.jpg
vizwiz_val_002962,VizWiz,Is there a test piece here?,unanswerable,yes,0.774,,answerability,data/VizWiz/Images/val/VizWiz_val_00002962.jpg
vizwiz_val_002965,VizWiz,How many fingers are there on the pages?,unanswerable,0,0.723,1.0,answerability,data/VizWiz/Images/val/VizWiz_val_00002965.jpg
vizwiz_val_002966,VizWiz,What do you see?,windows xp logo,laptop,0.680,1.0,none,data/VizWiz/Images/val/VizWiz_val_00002966.jpg
vizwiz_val_002968,VizWiz,What color shirt am I wearing?,grey,gray,0.970,1.0,none,data/VizWiz/Images/val/VizWiz_val_00002968.jpg
vizwiz_val_002969,VizWiz,What is this item?,paper,hot sauce,0.665,0.9,none,data/VizWiz/Images/val/VizWiz_val_00002969.jpg
vizwiz_val_002970,VizWiz,what is this?,unanswerable,shadow,0.654,1.0,answerability,data/VizWiz/Images/val/VizWiz_val_00002970.jpg
vizwiz_val_002973,VizWiz,What color is my jeans?,blue,black,0.621,0.0,none,data/VizWiz/Images/val/VizWiz_val_00002973.jpg
vizwiz_val_002976,VizWiz,What kind of beverage is this?,soda,orange juice,0.690,0.9,none,data/VizWiz/Images/val/VizWiz_val_00002976.jpg
vizwiz_val_002977,VizWiz,What is this?,dollar bill,money,0.872,1.0,none,data/VizWiz/Images/val/VizWiz_val_00002977.jpg
vizwiz_val_002978,VizWiz,What is this?,giraffe,poster,0.753,0.9,none,data/VizWiz/Images/val/VizWiz_val_00002978.jpg
vizwiz_val_002979,VizWiz,"There are two bottles, what are they?",unanswerable,vitamins,0.618,1.0,answerability,data/VizWiz/Images/val/VizWiz_val_00002979.jpg
vizwiz_val_002985,VizWiz,How many servings are in this candy bar?,2,4,0.766,1.0,none,data/VizWiz/Images/val/VizWiz_val_00002985.jpg
vizwiz_val_002992,VizWiz,What color is my shirt?,blue,unanswerable,0.766,1.0,none,data/VizWiz/Images/val/VizWiz_val_00002992.jpg
vizwiz_val_002995,VizWiz,Lights in the room turned on or off?,on,off,0.951,1.0,none,data/VizWiz/Images/val/VizWiz_val_00002995.jpg
vizwiz_val_002996,VizWiz,It's not recording. What is this perfume? You don't double tap or anything? No.,carried away,unanswerable,0.786,1.0,none,data/VizWiz/Images/val/VizWiz_val_00002996.jpg
vizwiz_val_002997,VizWiz,What is that please?,plastic drink bottle,unanswerable,0.583,1.0,none,data/VizWiz/Images/val/VizWiz_val_00002997.jpg
vizwiz_val_003001,VizWiz,What movie is this?,abbott costello,unanswerable,0.733,1.0,none,data/VizWiz/Images/val/VizWiz_val_00003001.jpg
vizwiz_val_003003,VizWiz,What kind of coffee is this?,espresso,timothy's,0.785,0.9,none,data/VizWiz/Images/val/VizWiz_val_00003003.jpg
vizwiz_val_003007,VizWiz,what type of canned food is this?,unanswerable,lime,0.660,1.0,answerability,data/VizWiz/Images/val/VizWiz_val_00003007.jpg
vizwiz_val_003012,VizWiz,Can you tell me what this is?,medicine,unanswerable,0.614,1.0,none,data/VizWiz/Images/val/VizWiz_val_00003012.jpg
vizwiz_val_003013,VizWiz,What color is this?,grey,gray,0.795,1.0,none,data/VizWiz/Images/val/VizWiz_val_00003013.jpg
vizwiz_val_003014,VizWiz,What color is this?,grey,gray,0.752,0.9,none,data/VizWiz/Images/val/VizWiz_val_00003014.jpg
vizwiz_val_003015,VizWiz,What is that badge?,porsche,volvo,0.614,1.0,none,data/VizWiz/Images/val/VizWiz_val_00003015.jpg
vizwiz_val_003018,VizWiz,What does it say on this shirt?,mommys big guy,mommy's big guy,0.984,1.0,none,data/VizWiz/Images/val/VizWiz_val_00003018.jpg
vizwiz_val_003021,VizWiz,What is the expiration date on this bus pass?,dec 17 11,12-11,0.694,0.9,none,data/VizWiz/Images/val/VizWiz_val_00003021.jpg
vizwiz_val_003022,VizWiz,"Excuse me, tell me what you can see exactly in this picture.",fridge,refrigerator,0.901,1.0,none,data/VizWiz/Images/val/VizWiz_val_00003022.jpg
vizwiz_val_003026,VizWiz,Which temperature?,unanswerable,20.7,0.770,1.0,answerability,data/VizWiz/Images/val/VizWiz_val_00003026.jpg
vizwiz_val_003027,VizWiz,What is this can?,pork beans,van camp,0.653,0.9,none,data/VizWiz/Images/val/VizWiz_val_00003027.jpg
vizwiz_val_003029,VizWiz,What is this can?,turnip greens,tuna,0.540,0.9,none,data/VizWiz/Images/val/VizWiz_val_00003029.jpg
vizwiz_val_003031,VizWiz,What's this?,cigarettes,book,0.589,1.0,none,data/VizWiz/Images/val/VizWiz_val_00003031.jpg
vizwiz_val_003033,VizWiz,"Can contents, please.",hominy,unanswerable,0.660,1.0,none,data/VizWiz/Images/val/VizWiz_val_00003033.jpg
vizwiz_val_003035,VizWiz,What is the name of this item?,trivia,unanswerable,0.697,1.0,none,data/VizWiz/Images/val/VizWiz_val_00003035.jpg
vizwiz_val_003038,VizWiz,In this bottle.,soda,unanswerable,0.756,1.0,none,data/VizWiz/Images/val/VizWiz_val_00003038.jpg
vizwiz_val_003040,VizWiz,Hey there can you please tell me what flavor this pasta sauce is. Thank you.,creamy carbonara,unanswerable,0.661,0.9,none,data/VizWiz/Images/val/VizWiz_val_00003040.jpg
vizwiz_val_003042,VizWiz,What product is this?,mac n cheese,macaroni,0.760,1.0,none,data/VizWiz/Images/val/VizWiz_val_00003042.jpg
vizwiz_val_003043,VizWiz,Is this pepper mill red or black? Thank you.,unanswerable,black,0.714,0.9,answerability,data/VizWiz/Images/val/VizWiz_val_00003043.jpg
vizwiz_val_003044,VizWiz,Could you tell me what kind of bill this is? Because I'm looking for a twenty and I think this is a ,10,unanswerable,0.744,1.0,none,data/VizWiz/Images/val/VizWiz_val_00003044.jpg
vizwiz_val_003045,VizWiz,What is this? Can i drink this?,soap no,unanswerable,0.633,1.0,none,data/VizWiz/Images/val/VizWiz_val_00003045.jpg
vizwiz_val_003046,VizWiz,what is in this bottle,unanswerable,water,0.629,0.9,answerability,data/VizWiz/Images/val/VizWiz_val_00003046.jpg
vizwiz_val_003049,VizWiz,What kind of food is this?,unanswerable,vegetables,0.575,1.0,answerability,data/VizWiz/Images/val/VizWiz_val_00003049.jpg
vizwiz_val_003051,VizWiz,this garment.,shirt,unanswerable,0.806,1.0,none,data/VizWiz/Images/val/VizWiz_val_00003051.jpg
vizwiz_val_003052,VizWiz,What is this?,beer,bottle,0.788,1.0,none,data/VizWiz/Images/val/VizWiz_val_00003052.jpg
vizwiz_val_003056,VizWiz,What kind of TV dinner is this?,tuna noodle casserole,signature,0.584,1.0,none,data/VizWiz/Images/val/VizWiz_val_00003056.jpg
vizwiz_val_003057,VizWiz,WHAT IS THIS?,popcorn,candy,0.501,1.0,none,data/VizWiz/Images/val/VizWiz_val_00003057.jpg
vizwiz_val_003060,VizWiz,What color is this shirt and does it have striped? Thank you.,plain mauve,gray,0.698,1.0,none,data/VizWiz/Images/val/VizWiz_val_00003060.jpg
vizwiz_val_003065,VizWiz,What's in this tin?,fish,sauce,0.750,1.0,none,data/VizWiz/Images/val/VizWiz_val_00003065.jpg
vizwiz_val_003066,VizWiz,What is this item?,robo sweeper,vacuum,0.779,,none,data/VizWiz/Images/val/VizWiz_val_00003066.jpg
vizwiz_val_003069,VizWiz,What is this?,fruit delight,candy,0.783,0.9,none,data/VizWiz/Images/val/VizWiz_val_00003069.jpg
vizwiz_val_003071,VizWiz,What is this?,shampoo,hair product,0.663,0.9,none,data/VizWiz/Images/val/VizWiz_val_00003071.jpg
vizwiz_val_003072,VizWiz,"Can you tell me what color this shirt is and what the design is on the front, please?",yellow 2011 vision walk,"yellow, blue and white design",0.532,1.0,none,data/VizWiz/Images/val/VizWiz_val_00003072.jpg
vizwiz_val_003073,VizWiz,What color is this shirt?,unanswerable,gray,0.658,1.0,answerability,data/VizWiz/Images/val/VizWiz_val_00003073.jpg
vizwiz_val_003075,VizWiz,Can you please tell me what this letter says?  Thank you.,feb 29 to march 2nd 2012 they will be testing fire alarms,unanswerable,0.723,1.0,none,data/VizWiz/Images/val/VizWiz_val_00003075.jpg
vizwiz_val_003077,VizWiz,What is this?,timer,thermometer,0.716,0.9,none,data/VizWiz/Images/val/VizWiz_val_00003077.jpg
vizwiz_val_003078,VizWiz,what is this,dr pepper,can,0.555,0.9,none,data/VizWiz/Images/val/VizWiz_val_00003078.jpg
vizwiz_val_003080,VizWiz,which flavors are these?,shrimp,mi goreng,0.889,0.9,none,data/VizWiz/Images/val/VizWiz_val_00003080.jpg
vizwiz_val_003081,VizWiz,What is in this can?,beans,nutrition facts,0.794,0.9,none,data/VizWiz/Images/val/VizWiz_val_00003081.jpg
vizwiz_val_003082,VizWiz,What is this?,frozen dinner,box,0.500,0.0,none,data/VizWiz/Images/val/VizWiz_val_00003082.jpg
vizwiz_val_003084,VizWiz,Qu es esto?,keyboard,yes,0.528,0.9,none,data/VizWiz/Images/val/VizWiz_val_00003084.jpg
vizwiz_val_003085,VizWiz,What flavor and brand of cake is this please? Thank you.,french roast,unanswerable,0.777,1.0,none,data/VizWiz/Images/val/VizWiz_val_00003085.jpg
vizwiz_val_003086,VizWiz,What's the date of this paper?,unanswerable,11/11/11,0.944,0.9,answerability,data/VizWiz/Images/val/VizWiz_val_00003086.jpg
vizwiz_val_003091,VizWiz,What is the product?,polysporin,spray,0.801,0.9,none,data/VizWiz/Images/val/VizWiz_val_00003091.jpg
vizwiz_val_003092,VizWiz,What is this?,samuel adams cherry wheat ale,beer,0.958,,none,data/VizWiz/Images/val/VizWiz_val_00003092.jpg
vizwiz_val_003093,VizWiz,What is this?,pudding,soup,0.715,1.0,none,data/VizWiz/Images/val/VizWiz_val_00003093.jpg
vizwiz_val_003094,VizWiz,What color is the shirt?,grey,gray,0.835,0.9,none,data/VizWiz/Images/val/VizWiz_val_00003094.jpg
vizwiz_val_003096,VizWiz,What is it?,box,laptop,0.644,0.9,none,data/VizWiz/Images/val/VizWiz_val_00003096.jpg
vizwiz_val_003099,VizWiz,Finally from left to right what are the two bottom buttons the bigger buttons on the bottom?,stop reset start,start and stop,0.517,0.9,none,data/VizWiz/Images/val/VizWiz_val_00003099.jpg
vizwiz_val_003100,VizWiz,What did I just take a picture of,ground,sidewalk,0.738,,none,data/VizWiz/Images/val/VizWiz_val_00003100.jpg
vizwiz_val_003105,VizWiz,What is this?,label,alcohol,0.784,1.0,none,data/VizWiz/Images/val/VizWiz_val_00003105.jpg
vizwiz_val_003107,VizWiz,What is this?,vitamins,pill bottle,0.674,0.9,none,data/VizWiz/Images/val/VizWiz_val_00003107.jpg
vizwiz_val_003109,VizWiz,How much milk and water do I add to my hamburger helper?,unanswerable,1/2 cup,0.562,1.0,answerability,data/VizWiz/Images/val/VizWiz_val_00003109.jpg
vizwiz_val_003111,VizWiz,What is in this container?,light sour cream,unanswerable,0.578,0.9,none,data/VizWiz/Images/val/VizWiz_val_00003111.jpg
vizwiz_val_003112,VizWiz,What is this?,coca cola,bottle,0.806,0.9,none,data/VizWiz/Images/val/VizWiz_val_00003112.jpg
vizwiz_val_003113,VizWiz,What's in front?,unanswerable,door,0.615,1.0,answerability,data/VizWiz/Images/val/VizWiz_val_00003113.jpg
vizwiz_val_003115,VizWiz,What is the color?,white,pink,0.844,1.0,none,data/VizWiz/Images/val/VizWiz_val_00003115.jpg
vizwiz_val_003121,VizWiz,"Hi, I was wondering if you could tell me the color of this t-shirt and there's a logo up on the left",no,blue,0.592,1.0,none,data/VizWiz/Images/val/VizWiz_val_00003121.jpg
vizwiz_val_003125,VizWiz,Is there a picture forming on this map?,yes,no,0.723,,none,data/VizWiz/Images/val/VizWiz_val_00003125.jpg
vizwiz_val_003126,VizWiz,Just needing to know what this bottle of wine is?,red,unanswerable,0.831,1.0,none,data/VizWiz/Images/val/VizWiz_val_00003126.jpg
vizwiz_val_003127,VizWiz,What is that?,atlas,blurry,0.643,1.0,none,data/VizWiz/Images/val/VizWiz_val_00003127.jpg
vizwiz_val_003130,VizWiz,What is this?,penbino,box,0.519,1.0,none,data/VizWiz/Images/val/VizWiz_val_00003130.jpg
vizwiz_val_003131,VizWiz,What color is this shirt?,maroon,red,0.617,1.0,none,data/VizWiz/Images/val/VizWiz_val_00003131.jpg
vizwiz_val_003137,VizWiz,Getting closer to the boyle?,yes,no,0.654,1.0,none,data/VizWiz/Images/val/VizWiz_val_00003137.jpg
vizwiz_val_003140,VizWiz,Simplify the following expression.,d,unanswerable,0.807,1.0,none,data/VizWiz/Images/val/VizWiz_val_00003140.jpg
vizwiz_val_003141,VizWiz,What does this say?,hes not,unanswerable,0.750,1.0,none,data/VizWiz/Images/val/VizWiz_val_00003141.jpg
vizwiz_val_003144,VizWiz,Please tell me what is on the screen,green lights,unanswerable,0.675,1.0,none,data/VizWiz/Images/val/VizWiz_val_00003144.jpg
vizwiz_val_003148,VizWiz,Where's the shirt of the person in the photo?,in picture,unanswerable,0.833,1.0,none,data/VizWiz/Images/val/VizWiz_val_00003148.jpg
vizwiz_val_003149,VizWiz,Do I have to ho - oh. What is this?,hand,bed,0.527,1.0,none,data/VizWiz/Images/val/VizWiz_val_00003149.jpg
vizwiz_val_003150,VizWiz,Does this strip have one or two pink lines? One can be lighter than the other one.,1,2,0.810,0.9,none,data/VizWiz/Images/val/VizWiz_val_00003150.jpg
vizwiz_val_003151,VizWiz,What is this?,unanswerable,rose,0.700,1.0,answerability,data/VizWiz/Images/val/VizWiz_val_00003151.jpg
vizwiz_val_003158,VizWiz,i know this is bre but what flavor of brie is it please?,chicken,unanswerable,0.698,1.0,none,data/VizWiz/Images/val/VizWiz_val_00003158.jpg
vizwiz_val_003160,VizWiz,Is this shampoo?,unanswerable,yes,0.809,0.9,answerability,data/VizWiz/Images/val/VizWiz_val_00003160.jpg
vizwiz_val_003161,VizWiz,What is this?,soup,rice,0.621,0.9,none,data/VizWiz/Images/val/VizWiz_val_00003161.jpg
vizwiz_val_003162,VizWiz,what is this?,beef,meat,0.751,0.9,none,data/VizWiz/Images/val/VizWiz_val_00003162.jpg
vizwiz_val_003164,VizWiz,What is this thing?,cassette tape,cd case,0.603,,none,data/VizWiz/Images/val/VizWiz_val_00003164.jpg
vizwiz_val_003167,VizWiz,What kind of coffee is this?,creme brulee,unanswerable,0.647,0.9,none,data/VizWiz/Images/val/VizWiz_val_00003167.jpg
vizwiz_val_003168,VizWiz,What color is this shirt?,grey,brown,0.932,1.0,none,data/VizWiz/Images/val/VizWiz_val_00003168.jpg
vizwiz_val_003172,VizWiz,What is this?,coffee,unanswerable,0.644,1.0,none,data/VizWiz/Images/val/VizWiz_val_00003172.jpg
vizwiz_val_003173,VizWiz,What is a picture?,kitten,picture,0.591,0.9,none,data/VizWiz/Images/val/VizWiz_val_00003173.jpg
vizwiz_val_003175,VizWiz,What kind of drink is this?,sunkist,soda,0.632,0.9,none,data/VizWiz/Images/val/VizWiz_val_00003175.jpg
vizwiz_val_003176,VizWiz,can i get the name of the team please for rickey henderson thank you.,oakland athletics,new york yankees,0.924,0.9,none,data/VizWiz/Images/val/VizWiz_val_00003176.jpg
vizwiz_val_003177,VizWiz,What kind of detergent is this?,unanswerable,dishwasher,0.722,1.0,answerability,data/VizWiz/Images/val/VizWiz_val_00003177.jpg
vizwiz_val_003178,VizWiz,What is this?,whiskey,bottle,0.696,0.9,none,data/VizWiz/Images/val/VizWiz_val_00003178.jpg
vizwiz_val_003180,VizWiz,What are the uses instructions on this bottle?,unanswerable,damage repair,0.607,0.95,answerability,data/VizWiz/Images/val/VizWiz_val_00003180.jpg
vizwiz_val_003185,VizWiz,What is this?,dollar bill,money,0.869,1.0,none,data/VizWiz/Images/val/VizWiz_val_00003185.jpg
vizwiz_val_003187,VizWiz,Does this need to be refrigerated?,yes,no,0.762,0.9,none,data/VizWiz/Images/val/VizWiz_val_00003187.jpg
vizwiz_val_003197,VizWiz,Are you able to tell me how far the water is from the top of this pool?,no,unanswerable,0.838,1.0,none,data/VizWiz/Images/val/VizWiz_val_00003197.jpg
vizwiz_val_003202,VizWiz,Is this card right side up or upside down? Thank you,upside down,right side up,0.904,0.9,none,data/VizWiz/Images/val/VizWiz_val_00003202.jpg
vizwiz_val_003204,VizWiz,What part of the eye are shown here?,entire eye,iris,0.639,1.0,none,data/VizWiz/Images/val/VizWiz_val_00003204.jpg
vizwiz_val_003205,VizWiz,Is the light on in the dining room?,yes,no,0.776,0.0,none,data/VizWiz/Images/val/VizWiz_val_00003205.jpg
vizwiz_val_003206,VizWiz,"Tell me, how big is it?",32,small,0.566,0.9,none,data/VizWiz/Images/val/VizWiz_val_00003206.jpg
vizwiz_val_003207,VizWiz,What color is the carpet?,beige,tan,0.573,1.0,none,data/VizWiz/Images/val/VizWiz_val_00003207.jpg
vizwiz_val_003208,VizWiz,Is this coarse or fine sea salt?,unanswerable,coarse,0.874,0.9,answerability,data/VizWiz/Images/val/VizWiz_val_00003208.jpg
vizwiz_val_003209,VizWiz,What are the colors in these?,pink brown white,pink and white,0.708,0.9,none,data/VizWiz/Images/val/VizWiz_val_00003209.jpg
vizwiz_val_003210,VizWiz,What's this?,green beans,cut bean,0.586,0.9,none,data/VizWiz/Images/val/VizWiz_val_00003210.jpg
vizwiz_val_003211,VizWiz,What is this please,gum container,bottle,0.606,1.0,none,data/VizWiz/Images/val/VizWiz_val_00003211.jpg
vizwiz_val_003212,VizWiz,Can you make out the picture I took? Just testing this.,yes,unanswerable,0.747,1.0,none,data/VizWiz/Images/val/VizWiz_val_00003212.jpg
vizwiz_val_003214,VizWiz,Can you identify this product?,voss water,yes,0.735,1.0,none,data/VizWiz/Images/val/VizWiz_val_00003214.jpg
vizwiz_val_003216,VizWiz,"Okay, the camera's about four inches from this thing, I don't really know how close to get. Can you ",unanswerable,jbe 047070256828be,0.520,0.9,answerability,data/VizWiz/Images/val/VizWiz_val_00003216.jpg
vizwiz_val_003219,VizWiz,"Okay, what kind of jerky is this again?",unanswerable,beef,0.716,1.0,answerability,data/VizWiz/Images/val/VizWiz_val_00003219.jpg
vizwiz_val_003222,VizWiz,What is this?,crackers,candy,0.722,0.9,none,data/VizWiz/Images/val/VizWiz_val_00003222.jpg
vizwiz_val_003223,VizWiz,What color is this shirt?,green white,green and white,0.688,0.9,none,data/VizWiz/Images/val/VizWiz_val_00003223.jpg
vizwiz_val_003224,VizWiz,I want to know what this is.  I'm sorry didn't use the front facing camera the first time.  Ignore t,unanswerable,water bottle,0.545,1.0,answerability,data/VizWiz/Images/val/VizWiz_val_00003224.jpg
vizwiz_val_003232,VizWiz,what flavor is this?,salmon basil,salmon with basil,0.895,,none,data/VizWiz/Images/val/VizWiz_val_00003232.jpg
vizwiz_val_003233,VizWiz,"Can you tell me what number it is, thank you?",3248849084,32489084,0.652,1.0,none,data/VizWiz/Images/val/VizWiz_val_00003233.jpg
vizwiz_val_003234,VizWiz,What is this?,dollar bill,money,0.874,1.0,none,data/VizWiz/Images/val/VizWiz_val_00003234.jpg
vizwiz_val_003239,VizWiz,What is this?,laundry detergent,dish soap,0.604,0.9,none,data/VizWiz/Images/val/VizWiz_val_00003239.jpg
vizwiz_val_003242,VizWiz,What flavor is this?,tropical punch,watermelon,0.735,1.0,none,data/VizWiz/Images/val/VizWiz_val_00003242.jpg
vizwiz_val_003246,VizWiz,What's on the screen?,nothing,unanswerable,0.672,0.0,none,data/VizWiz/Images/val/VizWiz_val_00003246.jpg
vizwiz_val_003247,VizWiz,"Can you tell what this is? If it's a gift card, does it have a dollar amount or where it's to?",$25 starbucks gift card,yes,0.794,0.9,none,data/VizWiz/Images/val/VizWiz_val_00003247.jpg
vizwiz_val_003249,VizWiz,what does the sky look like in this picture,blue few white clouds,cloudy,0.830,0.9,none,data/VizWiz/Images/val/VizWiz_val_00003249.jpg
vizwiz_val_003252,VizWiz,What is this?,unanswerable,jar,0.555,1.0,answerability,data/VizWiz/Images/val/VizWiz_val_00003252.jpg
vizwiz_val_003257,VizWiz,Can you tell me what colors are on my shirt?,grey black white,gray and white,0.822,1.0,none,data/VizWiz/Images/val/VizWiz_val_00003257.jpg
vizwiz_val_003259,VizWiz,what kind of snake is this?,cobra,python,0.544,0.9,none,data/VizWiz/Images/val/VizWiz_val_00003259.jpg
vizwiz_val_003261,VizWiz,What is this item?,whiskers paws,spiral notebook,0.739,0.9,none,data/VizWiz/Images/val/VizWiz_val_00003261.jpg
vizwiz_val_003262,VizWiz,What's this?,fridge,refrigerator,0.956,,none,data/VizWiz/Images/val/VizWiz_val_00003262.jpg
vizwiz_val_003263,VizWiz,Record >> What kind of flower is this?,white,hydrangea,0.737,0.9,none,data/VizWiz/Images/val/VizWiz_val_00003263.jpg
vizwiz_val_003265,VizWiz,What color is this blouse?,blue,teal,0.712,1.0,none,data/VizWiz/Images/val/VizWiz_val_00003265.jpg
vizwiz_val_003266,VizWiz,What temperature is the thermostat set?,unanswerable,75,0.680,1.0,answerability,data/VizWiz/Images/val/VizWiz_val_00003266.jpg
vizwiz_val_003271,VizWiz,What is this.,glass cleaner,unanswerable,0.514,0.9,none,data/VizWiz/Images/val/VizWiz_val_00003271.jpg
vizwiz_val_003272,VizWiz,What is in this box?,fisherman pie,fisherman's pie,0.877,0.9,none,data/VizWiz/Images/val/VizWiz_val_00003272.jpg
vizwiz_val_003274,VizWiz,What this is picture please.,hand,unanswerable,0.642,1.0,none,data/VizWiz/Images/val/VizWiz_val_00003274.jpg
vizwiz_val_003275,VizWiz,what kind of tosimo coffee is this,swiss hazelnut,tassimo,0.720,0.9,none,data/VizWiz/Images/val/VizWiz_val_00003275.jpg
vizwiz_val_003277,VizWiz,What kind of yogurt is this?,unanswerable,low fat yogurt,0.846,0.9,answerability,data/VizWiz/Images/val/VizWiz_val_00003277.jpg
vizwiz_val_003282,VizWiz,What does this say?,native visions,unanswerable,0.793,1.0,none,data/VizWiz/Images/val/VizWiz_val_00003282.jpg
vizwiz_val_003284,VizWiz,How long do I cook this for?,unanswerable,10 minutes,0.697,0.9,answerability,data/VizWiz/Images/val/VizWiz_val_00003284.jpg
vizwiz_val_003285,VizWiz,What is written on the bottle?,office 2000,microsoft office 2010,0.884,0.9,none,data/VizWiz/Images/val/VizWiz_val_00003285.jpg
vizwiz_val_003288,VizWiz,What color are these pants?  I didn't ask.,grey,gray,0.692,1.0,none,data/VizWiz/Images/val/VizWiz_val_00003288.jpg
vizwiz_val_003294,VizWiz,What does the sky look like?,blue,clear,0.718,0.0,none,data/VizWiz/Images/val/VizWiz_val_00003294.jpg
vizwiz_val_003295,VizWiz,In this picture.,couch shelf,unanswerable,0.813,1.0,none,data/VizWiz/Images/val/VizWiz_val_00003295.jpg
vizwiz_val_003298,VizWiz,What is this?,body wash,hand soap,0.520,1.0,none,data/VizWiz/Images/val/VizWiz_val_00003298.jpg
vizwiz_val_003300,VizWiz,Please tell me what is in this package. Thank you,unanswerable,beef,0.737,0.9,answerability,data/VizWiz/Images/val/VizWiz_val_00003300.jpg
vizwiz_val_003303,VizWiz,"Ya, I just got this apple on my phone and I'm blind and to find what's in this can. Let's sell it.",corn,unanswerable,0.729,1.0,none,data/VizWiz/Images/val/VizWiz_val_00003303.jpg
vizwiz_val_003305,VizWiz,What does that mean?,milk,unanswerable,0.768,0.9,none,data/VizWiz/Images/val/VizWiz_val_00003305.jpg
vizwiz_val_003306,VizWiz,What is in this can?,soup,milk,0.647,1.0,none,data/VizWiz/Images/val/VizWiz_val_00003306.jpg
vizwiz_val_003308,VizWiz,What am I holding?,sidewalk chalk,crayola,0.579,0.9,none,data/VizWiz/Images/val/VizWiz_val_00003308.jpg
vizwiz_val_003310,VizWiz,what can you see in the picture what can you see in the picture,sky,unanswerable,0.703,0.0,none,data/VizWiz/Images/val/VizWiz_val_00003310.jpg
vizwiz_val_003313,VizWiz,Know what brand of coffee this is?,coffee guys,unanswerable,0.662,1.0,none,data/VizWiz/Images/val/VizWiz_val_00003313.jpg
vizwiz_val_003314,VizWiz,What package is this?,unanswerable,walmart,0.610,1.0,answerability,data/VizWiz/Images/val/VizWiz_val_00003314.jpg
vizwiz_val_003316,VizWiz,what is this,chewing tobacco,wintergreen longhorn pouches,0.671,0.9,none,data/VizWiz/Images/val/VizWiz_val_00003316.jpg
vizwiz_val_003318,VizWiz,What type of crab fish fillets are these? What brand?,select,crumbled,0.588,0.9,none,data/VizWiz/Images/val/VizWiz_val_00003318.jpg
vizwiz_val_003320,VizWiz,What's this a picture of?,poster,book,0.812,1.0,none,data/VizWiz/Images/val/VizWiz_val_00003320.jpg
vizwiz_val_003322,VizWiz,Any copying instructions.,no,unanswerable,0.831,1.0,none,data/VizWiz/Images/val/VizWiz_val_00003322.jpg
vizwiz_val_003326,VizWiz,What is in this box?,candles,eggs,0.762,0.9,none,data/VizWiz/Images/val/VizWiz_val_00003326.jpg
vizwiz_val_003332,VizWiz,"Sorry, cleaning out my cupboard what kind of can, box is this? I'm sorry.",chicken broth,unanswerable,0.716,0.9,none,data/VizWiz/Images/val/VizWiz_val_00003332.jpg
vizwiz_val_003333,VizWiz,What is this?,unanswerable,paper,0.758,1.0,answerability,data/VizWiz/Images/val/VizWiz_val_00003333.jpg
vizwiz_val_003336,VizWiz,"What colors are on this hat, and is there writing?",red black yes,black and red,0.718,0.9,none,data/VizWiz/Images/val/VizWiz_val_00003336.jpg
vizwiz_val_003337,VizWiz,What does this sign say?,do not disturb,insert into door lock,0.949,1.0,none,data/VizWiz/Images/val/VizWiz_val_00003337.jpg
vizwiz_val_003339,VizWiz,What is this?,money,bridge,0.585,,none,data/VizWiz/Images/val/VizWiz_val_00003339.jpg
vizwiz_val_003340,VizWiz,What kind is this?,manwich,unanswerable,0.512,1.0,none,data/VizWiz/Images/val/VizWiz_val_00003340.jpg
vizwiz_val_003342,VizWiz,"Hey there, what's in this bottle?",lemon juice,lemonade,0.626,1.0,none,data/VizWiz/Images/val/VizWiz_val_00003342.jpg
vizwiz_val_003344,VizWiz,How long do I cook this in the microwave?,unanswerable,10 minutes,0.665,0.9,answerability,data/VizWiz/Images/val/VizWiz_val_00003344.jpg
vizwiz_val_003345,VizWiz,What is that set on?,unanswerable,counter,0.766,0.9,answerability,data/VizWiz/Images/val/VizWiz_val_00003345.jpg
vizwiz_val_003349,VizWiz,What's the title of this CD?,christmas stress relief,unanswerable,0.828,1.0,none,data/VizWiz/Images/val/VizWiz_val_00003349.jpg
vizwiz_val_003354,VizWiz,"What is is this, and is it hot?",heater not hot,stove,0.628,0.9,none,data/VizWiz/Images/val/VizWiz_val_00003354.jpg
vizwiz_val_003357,VizWiz,What is this?,internet security,book,0.749,0.9,none,data/VizWiz/Images/val/VizWiz_val_00003357.jpg
vizwiz_val_003358,VizWiz,What color is this?,grey,blue,0.660,1.0,none,data/VizWiz/Images/val/VizWiz_val_00003358.jpg
vizwiz_val_003359,VizWiz,What flavor of coffee is this please?,unanswerable,whole bean,0.936,1.0,answerability,data/VizWiz/Images/val/VizWiz_val_00003359.jpg
vizwiz_val_003361,VizWiz,What kind of wine is this?,unanswerable,red,0.558,1.0,answerability,data/VizWiz/Images/val/VizWiz_val_00003361.jpg
vizwiz_val_003365,VizWiz,What is in this can?,beans,unanswerable,0.522,1.0,none,data/VizWiz/Images/val/VizWiz_val_00003365.jpg
vizwiz_val_003369,VizWiz,What biscuits are these?,unanswerable,digestive,0.615,0.9,answerability,data/VizWiz/Images/val/VizWiz_val_00003369.jpg
vizwiz_val_003371,VizWiz,What is in this can?,unanswerable,soda,0.647,1.0,answerability,data/VizWiz/Images/val/VizWiz_val_00003371.jpg
vizwiz_val_003374,VizWiz,What is the replacement for R22?,isceon mo99,r22,0.693,0.9,none,data/VizWiz/Images/val/VizWiz_val_00003374.jpg
vizwiz_val_003377,VizWiz,Can you tell me what kind of box this is please?,granola bars,cereal,0.701,0.9,none,data/VizWiz/Images/val/VizWiz_val_00003377.jpg
vizwiz_val_003380,VizWiz,What numbers are displayed?,18431,84631,0.713,0.9,none,data/VizWiz/Images/val/VizWiz_val_00003380.jpg
vizwiz_val_003382,VizWiz,What kind of beer is this?,becks,beck's,0.915,0.9,none,data/VizWiz/Images/val/VizWiz_val_00003382.jpg
vizwiz_val_003385,VizWiz,What spice is this?,mrs dash,unanswerable,0.611,1.0,none,data/VizWiz/Images/val/VizWiz_val_00003385.jpg
vizwiz_val_003388,VizWiz,Yes I need to know the captcha image in this picture? Thank you.,6i5v,unanswerable,0.842,0.0,none,data/VizWiz/Images/val/VizWiz_val_00003388.jpg
vizwiz_val_003390,VizWiz,What's that?,backseat car,unanswerable,0.654,1.0,none,data/VizWiz/Images/val/VizWiz_val_00003390.jpg
vizwiz_val_003391,VizWiz,What's the picture?,tv,unanswerable,0.808,0.0,none,data/VizWiz/Images/val/VizWiz_val_00003391.jpg
vizwiz_val_003392,VizWiz,What does this screen say?,computer unable to start,startup repair,0.733,1.0,none,data/VizWiz/Images/val/VizWiz_val_00003392.jpg
vizwiz_val_003395,VizWiz,For how long do I cook this in the microwave?,unanswerable,9 minutes,0.722,0.9,answerability,data/VizWiz/Images/val/VizWiz_val_00003395.jpg
vizwiz_val_003397,VizWiz,What is in this spray bottle?,unanswerable,cleaner,0.706,0.9,answerability,data/VizWiz/Images/val/VizWiz_val_00003397.jpg
vizwiz_val_003398,VizWiz,What kind of coffee is this?,french vanilla,french roast,0.606,0.9,none,data/VizWiz/Images/val/VizWiz_val_00003398.jpg
vizwiz_val_003399,VizWiz,What is this movie?,gone wind,unanswerable,0.785,1.0,none,data/VizWiz/Images/val/VizWiz_val_00003399.jpg
vizwiz_val_003401,VizWiz,What breed of dog is this?,golden retriever,lab,0.524,0.9,none,data/VizWiz/Images/val/VizWiz_val_00003401.jpg
vizwiz_val_003406,VizWiz,What color is this pillow?,grey,gray,0.797,1.0,none,data/VizWiz/Images/val/VizWiz_val_00003406.jpg
vizwiz_val_003408,VizWiz,Which kind of food is this?,tip,pasta,0.659,1.0,none,data/VizWiz/Images/val/VizWiz_val_00003408.jpg
vizwiz_val_003409,VizWiz,What is it?,baby oil,unanswerable,0.653,0.9,none,data/VizWiz/Images/val/VizWiz_val_00003409.jpg
vizwiz_val_003410,VizWiz,Are there any stones missing out of this?,unanswerable,yes,0.719,1.0,answerability,data/VizWiz/Images/val/VizWiz_val_00003410.jpg
vizwiz_val_003413,VizWiz,is this strawberry pudding,no,yes,0.868,1.0,none,data/VizWiz/Images/val/VizWiz_val_00003413.jpg
vizwiz_val_003418,VizWiz,What kind of meat is this?,boneless pork roast,unanswerable,0.700,1.0,none,data/VizWiz/Images/val/VizWiz_val_00003418.jpg
vizwiz_val_003419,VizWiz,Can you tell me what colors these pants are and the stripes that's in the pants?  Thank you.,black red stripe,black and red,0.628,1.0,none,data/VizWiz/Images/val/VizWiz_val_00003419.jpg
vizwiz_val_003421,VizWiz,"Can someone please tell me what type of meat is in this package? I'm not sure, I can't identify it.",chicken,pork,0.738,1.0,none,data/VizWiz/Images/val/VizWiz_val_00003421.jpg
vizwiz_val_003425,VizWiz,What is this?,marshmallows,rice,0.800,,none,data/VizWiz/Images/val/VizWiz_val_00003425.jpg
vizwiz_val_003429,VizWiz,"Tell me, what's the best meal there--I mean, in McDonald's. Because I'm a new customer.",number 1,big mac,0.620,1.0,none,data/VizWiz/Images/val/VizWiz_val_00003429.jpg
vizwiz_val_003430,VizWiz,Can you please tell me the brand and name of these cookies?,pillsbury,unanswerable,0.599,1.0,none,data/VizWiz/Images/val/VizWiz_val_00003430.jpg
vizwiz_val_003431,VizWiz,What is my desktop showing?,toshiba,unanswerable,0.760,1.0,none,data/VizWiz/Images/val/VizWiz_val_00003431.jpg
vizwiz_val_003437,VizWiz,Is my iPad on the table?,no,yes,0.870,0.9,none,data/VizWiz/Images/val/VizWiz_val_00003437.jpg
vizwiz_val_003440,VizWiz,What is this?,unanswerable,door,0.675,1.0,answerability,data/VizWiz/Images/val/VizWiz_val_00003440.jpg
vizwiz_val_003445,VizWiz,can you please tell me what this item is in this can please? you guys do a great job,artichoke hearts,unanswerable,0.632,0.9,none,data/VizWiz/Images/val/VizWiz_val_00003445.jpg
vizwiz_val_003452,VizWiz,what is this card?,smiths reward card,credit card,0.738,0.9,none,data/VizWiz/Images/val/VizWiz_val_00003452.jpg
vizwiz_val_003454,VizWiz,"This is the fifth napkin, the last one matching the place mat. Are the stripes in vertical or horizo",vertical,horizontal,0.774,0.9,none,data/VizWiz/Images/val/VizWiz_val_00003454.jpg
vizwiz_val_003455,VizWiz,What kind of flower is this?,tulip,unanswerable,0.765,1.0,none,data/VizWiz/Images/val/VizWiz_val_00003455.jpg
vizwiz_val_003459,VizWiz,What is this?,uncle bens rice,food,0.597,0.9,none,data/VizWiz/Images/val/VizWiz_val_00003459.jpg
vizwiz_val_003462,VizWiz,is this a black or a red pen?,black,red,0.953,0.9,none,data/VizWiz/Images/val/VizWiz_val_00003462.jpg
vizwiz_val_003463,VizWiz,Simplify the following expression.,d,unanswerable,0.868,1.0,none,data/VizWiz/Images/val/VizWiz_val_00003463.jpg
vizwiz_val_003466,VizWiz,What is this?,unanswerable,umbrella,0.936,,answerability,data/VizWiz/Images/val/VizWiz_val_00003466.jpg
vizwiz_val_003469,VizWiz,what is this product,unanswerable,light switch,0.697,1.0,answerability,data/VizWiz/Images/val/VizWiz_val_00003469.jpg
vizwiz_val_003472,VizWiz,What color is it?,grey,white,0.753,0.9,none,data/VizWiz/Images/val/VizWiz_val_00003472.jpg
vizwiz_val_003476,VizWiz,You see what scent this is?,lavender vanilla,lavender and vanilla,0.875,,none,data/VizWiz/Images/val/VizWiz_val_00003476.jpg
vizwiz_val_003477,VizWiz,can you tell me what this is please?,unanswerable,beer,0.614,0.9,answerability,data/VizWiz/Images/val/VizWiz_val_00003477.jpg
vizwiz_val_003482,VizWiz,What brand and type of shampoo is this?,giovanni,smooth as silk,0.721,0.9,none,data/VizWiz/Images/val/VizWiz_val_00003482.jpg
vizwiz_val_003483,VizWiz,What is this product?,gift box,tablecloth,0.910,1.0,none,data/VizWiz/Images/val/VizWiz_val_00003483.jpg
vizwiz_val_003484,VizWiz,What color is this?,grey,purple,0.758,0.9,none,data/VizWiz/Images/val/VizWiz_val_00003484.jpg
vizwiz_val_003485,VizWiz,what is in the tin in my right hand,soup,unanswerable,0.609,1.0,none,data/VizWiz/Images/val/VizWiz_val_00003485.jpg
vizwiz_val_003487,VizWiz,Can you tell what this item is?,cleaner,yes,0.556,1.0,none,data/VizWiz/Images/val/VizWiz_val_00003487.jpg
vizwiz_val_003488,VizWiz,What is this item please?,mashed potatoes,betty crocker homestyle creamy butter,0.923,,none,data/VizWiz/Images/val/VizWiz_val_00003488.jpg
vizwiz_val_003489,VizWiz,"Okay, we're onto something here. I put it a little closer, hopefully to focus in on that lower secti",350f 40 45 min,350°f,0.748,1.0,none,data/VizWiz/Images/val/VizWiz_val_00003489.jpg
vizwiz_val_003490,VizWiz,What is this?,telephone,remote control,0.761,,none,data/VizWiz/Images/val/VizWiz_val_00003490.jpg
vizwiz_val_003491,VizWiz,What is that can?,soup,unanswerable,0.639,0.9,none,data/VizWiz/Images/val/VizWiz_val_00003491.jpg
vizwiz_val_003494,VizWiz,Is this...,spray n wash max,unanswerable,0.706,0.9,none,data/VizWiz/Images/val/VizWiz_val_00003494.jpg
vizwiz_val_003496,VizWiz,Which wine is this?,cecilia zucca,zucchero,0.628,1.0,none,data/VizWiz/Images/val/VizWiz_val_00003496.jpg
vizwiz_val_003497,VizWiz,What kind of pop is this?,orange crush,crunch,0.598,1.0,none,data/VizWiz/Images/val/VizWiz_val_00003497.jpg
vizwiz_val_003499,VizWiz,What color are those pants?,grey,gray,0.730,0.9,none,data/VizWiz/Images/val/VizWiz_val_00003499.jpg
vizwiz_val_003502,VizWiz,What is this?,nissan,car,0.694,0.9,none,data/VizWiz/Images/val/VizWiz_val_00003502.jpg
vizwiz_val_003506,VizWiz,For how long do i cook this in the microwave?,unanswerable,9 minutes,0.516,0.9,answerability,data/VizWiz/Images/val/VizWiz_val_00003506.jpg
vizwiz_val_003509,VizWiz,What kind of flower is this?,hydrangea,peach,0.567,1.0,none,data/VizWiz/Images/val/VizWiz_val_00003509.jpg
vizwiz_val_003510,VizWiz,What is this?,macaroni cheese,macaroni and cheese,0.833,,none,data/VizWiz/Images/val/VizWiz_val_00003510.jpg
vizwiz_val_003512,VizWiz,What does this say?,jet puffed marshmallow creme,jet-puffed marshmallow creme,0.837,0.9,none,data/VizWiz/Images/val/VizWiz_val_00003512.jpg
vizwiz_val_003513,VizWiz,What kind of cream is contained in this Usher container?,after shave,unanswerable,0.657,1.0,none,data/VizWiz/Images/val/VizWiz_val_00003513.jpg
vizwiz_val_003515,VizWiz,Can you tell me what this meat packet is? Thank you.,pork chops,unanswerable,0.731,0.9,none,data/VizWiz/Images/val/VizWiz_val_00003515.jpg
vizwiz_val_003516,VizWiz,"Hi, what's outside the window?",railing,building,0.583,1.0,none,data/VizWiz/Images/val/VizWiz_val_00003516.jpg
vizwiz_val_003519,VizWiz,What color is this t-shirt?,grey,gray,0.913,1.0,none,data/VizWiz/Images/val/VizWiz_val_00003519.jpg
vizwiz_val_003520,VizWiz,Creamer is this?,cafe mocha,yes,0.807,0.9,none,data/VizWiz/Images/val/VizWiz_val_00003520.jpg
vizwiz_val_003521,VizWiz,Does this match?,yes,no,0.741,,none,data/VizWiz/Images/val/VizWiz_val_00003521.jpg
vizwiz_val_003523,VizWiz,What's in this can?,condensed milk,unanswerable,0.537,1.0,none,data/VizWiz/Images/val/VizWiz_val_00003523.jpg
vizwiz_val_003525,VizWiz,What is in this jar?,unanswerable,peppers,0.672,0.9,answerability,data/VizWiz/Images/val/VizWiz_val_00003525.jpg
vizwiz_val_003533,VizWiz,can you please me what this is thank you,dishwasher finish,unanswerable,0.563,0.9,none,data/VizWiz/Images/val/VizWiz_val_00003533.jpg
vizwiz_val_003534,VizWiz,can you please describe this card to me and its orientation? thank you.,card turned to left says swords image 5 swords,unanswerable,0.636,1.0,none,data/VizWiz/Images/val/VizWiz_val_00003534.jpg
vizwiz_val_003535,VizWiz,"Are there baking instructions visible on this box? If so, what are they?",unanswerable,yes,0.763,1.0,answerability,data/VizWiz/Images/val/VizWiz_val_00003535.jpg
vizwiz_val_003536,VizWiz,How should I cook this pasta dish?,oven,boil,0.795,0.9,none,data/VizWiz/Images/val/VizWiz_val_00003536.jpg
vizwiz_val_003537,VizWiz,Hello there. Is there any writing in this picture? Its a spherical sheer blue and I'm going to turn ,yes,no,0.664,1.0,none,data/VizWiz/Images/val/VizWiz_val_00003537.jpg
vizwiz_val_003540,VizWiz,Someone tell me what is this gift before I wrap it as a Christmas present.  Thank you.,picture frame,unanswerable,0.647,1.0,none,data/VizWiz/Images/val/VizWiz_val_00003540.jpg
vizwiz_val_003541,VizWiz,What kind of drink is this?,ginger ale,soda,0.899,0.9,none,data/VizWiz/Images/val/VizWiz_val_00003541.jpg
vizwiz_val_003547,VizWiz,What is it?,coca cola 0,coke,0.588,0.9,none,data/VizWiz/Images/val/VizWiz_val_00003547.jpg
vizwiz_val_003549,VizWiz,What is this?,ashtray,table,0.556,0.9,none,data/VizWiz/Images/val/VizWiz_val_00003549.jpg
vizwiz_val_003553,VizWiz,What colors is my keyboard?,unanswerable,black,0.523,1.0,answerability,data/VizWiz/Images/val/VizWiz_val_00003553.jpg
vizwiz_val_003554,VizWiz,What flavor is this?,unanswerable,timothy's,0.695,1.0,answerability,data/VizWiz/Images/val/VizWiz_val_00003554.jpg
vizwiz_val_003557,VizWiz,What is this?,sno caps candy,soap,0.607,1.0,none,data/VizWiz/Images/val/VizWiz_val_00003557.jpg
vizwiz_val_003558,VizWiz,Is this.,mug,yes,0.771,1.0,none,data/VizWiz/Images/val/VizWiz_val_00003558.jpg
vizwiz_val_003559,VizWiz,"What specifically is on this card, and is it right side up or upside down?",fool upside down,right side up,0.734,0.9,none,data/VizWiz/Images/val/VizWiz_val_00003559.jpg
vizwiz_val_003560,VizWiz,What color are these pants?,blue,gray,0.620,1.0,none,data/VizWiz/Images/val/VizWiz_val_00003560.jpg
vizwiz_val_003562,VizWiz,"Just, just a quick idea on this.",swregfserg,unanswerable,0.777,1.0,none,data/VizWiz/Images/val/VizWiz_val_00003562.jpg
vizwiz_val_003564,VizWiz,What kind of flower is this?,daisy,marigold,0.667,0.9,none,data/VizWiz/Images/val/VizWiz_val_00003564.jpg
vizwiz_val_003567,VizWiz,What is this?,face wash,soap,0.560,,none,data/VizWiz/Images/val/VizWiz_val_00003567.jpg
vizwiz_val_003570,VizWiz,What kind of dinner bowl is this?,meatballs sausage marinara,unanswerable,0.521,1.0,none,data/VizWiz/Images/val/VizWiz_val_00003570.jpg
vizwiz_val_003574,VizWiz,What is this?,jambalaya mix,rice mix,0.610,1.0,none,data/VizWiz/Images/val/VizWiz_val_00003574.jpg
vizwiz_val_003575,VizWiz,What's the instructions on this box?,unanswerable,good in so many ways,0.803,1.0,answerability,data/VizWiz/Images/val/VizWiz_val_00003575.jpg
vizwiz_val_003580,VizWiz,What is this document?,singapore third series,coin,0.733,0.9,none,data/VizWiz/Images/val/VizWiz_val_00003580.jpg
vizwiz_val_003584,VizWiz,Can you tell me the pin on the back of this router?,no,unanswerable,0.765,1.0,none,data/VizWiz/Images/val/VizWiz_val_00003584.jpg
vizwiz_val_003586,VizWiz,What is in this box?,roast lamb,food,0.598,1.0,none,data/VizWiz/Images/val/VizWiz_val_00003586.jpg
vizwiz_val_003587,VizWiz,What color is this?,grey,brown,0.680,1.0,none,data/VizWiz/Images/val/VizWiz_val_00003587.jpg
vizwiz_val_003592,VizWiz,What is this?,epson projector,printer,0.952,,none,data/VizWiz/Images/val/VizWiz_val_00003592.jpg
vizwiz_val_003594,VizWiz,What is this a can of?,soup,rice,0.953,1.0,none,data/VizWiz/Images/val/VizWiz_val_00003594.jpg
vizwiz_val_003595,VizWiz,What medicine is this?,advil,unanswerable,0.735,1.0,none,data/VizWiz/Images/val/VizWiz_val_00003595.jpg
vizwiz_val_003596,VizWiz,What color is this t-shirt?,grey,gray,0.950,1.0,none,data/VizWiz/Images/val/VizWiz_val_00003596.jpg
vizwiz_val_003603,VizWiz,This cheese have mold? Does this cheese have mold?,no,yes,0.701,1.0,none,data/VizWiz/Images/val/VizWiz_val_00003603.jpg
vizwiz_val_003606,VizWiz,"I need to know what the, what is on the box, I need to reorder this hair dye so I need to know the p",unanswerable,preference,0.695,0.9,answerability,data/VizWiz/Images/val/VizWiz_val_00003606.jpg
vizwiz_val_003607,VizWiz,"Is the picture on this card the logo, is it Master, Visa or Ammex?",unanswerable,master,0.673,1.0,answerability,data/VizWiz/Images/val/VizWiz_val_00003607.jpg
vizwiz_val_003610,VizWiz,What is this item?,craft kit,candy,0.554,0.9,none,data/VizWiz/Images/val/VizWiz_val_00003610.jpg
vizwiz_val_003612,VizWiz,What kind of coffee is this?,gevalia,unanswerable,0.654,1.0,none,data/VizWiz/Images/val/VizWiz_val_00003612.jpg
vizwiz_val_003617,VizWiz,Is this still white gold?,unanswerable,no,0.650,0.0,answerability,data/VizWiz/Images/val/VizWiz_val_00003617.jpg
vizwiz_val_003618,VizWiz,What is this?,jiffy cornbread mix,unanswerable,0.514,0.9,none,data/VizWiz/Images/val/VizWiz_val_00003618.jpg
vizwiz_val_003619,VizWiz,"Hi, could you please tell me what color these shoes are, please?",grey black,black and white,0.738,0.9,none,data/VizWiz/Images/val/VizWiz_val_00003619.jpg
vizwiz_val_003626,VizWiz,Can you tell what type of cheese is in this package?,honey vanilla,no,0.662,1.0,none,data/VizWiz/Images/val/VizWiz_val_00003626.jpg
vizwiz_val_003627,VizWiz,What is this?,margarine,soap,0.549,0.9,none,data/VizWiz/Images/val/VizWiz_val_00003627.jpg
vizwiz_val_003631,VizWiz,"What product is this please, and thank you?",unanswerable,nutrition supplement,0.726,0.9,answerability,data/VizWiz/Images/val/VizWiz_val_00003631.jpg
vizwiz_val_003632,VizWiz,what is this? please describe.,this leg,unanswerable,0.647,1.0,none,data/VizWiz/Images/val/VizWiz_val_00003632.jpg
vizwiz_val_003636,VizWiz,What dinner is this?,chili beans,chili with beans,0.829,1.0,none,data/VizWiz/Images/val/VizWiz_val_00003636.jpg
vizwiz_val_003639,VizWiz,What is this please?,unanswerable,chicken & pasta primavera,0.638,0.9,answerability,data/VizWiz/Images/val/VizWiz_val_00003639.jpg
vizwiz_val_003640,VizWiz,What are the . . .  What are the letters and words?,lt8hjawb,unanswerable,0.653,1.0,none,data/VizWiz/Images/val/VizWiz_val_00003640.jpg
vizwiz_val_003641,VizWiz,What kind of tracing is this?,unanswerable,tracing,0.669,1.0,answerability,data/VizWiz/Images/val/VizWiz_val_00003641.jpg
vizwiz_val_003642,VizWiz,What are these?,unanswerable,lights,0.751,,answerability,data/VizWiz/Images/val/VizWiz_val_00003642.jpg
vizwiz_val_003644,VizWiz,Let's try this here again. I've done as you've requested and hopefully we can get what's in this tub,soup,unanswerable,0.754,1.0,none,data/VizWiz/Images/val/VizWiz_val_00003644.jpg
vizwiz_val_003650,VizWiz,Identify this object.,granola bar,candy bar,0.667,0.9,none,data/VizWiz/Images/val/VizWiz_val_00003650.jpg
vizwiz_val_003651,VizWiz,Does it tell what is in this can of food?,garbanzo beans,yes,0.788,1.0,none,data/VizWiz/Images/val/VizWiz_val_00003651.jpg
vizwiz_val_003654,VizWiz,Describe this place.,office,unanswerable,0.769,0.9,none,data/VizWiz/Images/val/VizWiz_val_00003654.jpg
vizwiz_val_003656,VizWiz,What does the the CAPTCHA say?,w2nmv5fz,unanswerable,0.759,1.0,none,data/VizWiz/Images/val/VizWiz_val_00003656.jpg
vizwiz_val_003658,VizWiz,whats the name of the CD,patsy cline,unanswerable,0.751,1.0,none,data/VizWiz/Images/val/VizWiz_val_00003658.jpg
vizwiz_val_003660,VizWiz,What is in the can?,unanswerable,tea,0.617,1.0,answerability,data/VizWiz/Images/val/VizWiz_val_00003660.jpg
vizwiz_val_003661,VizWiz,What kind of oatmeal is this?,maple brown sugar,high fiber,0.806,0.9,none,data/VizWiz/Images/val/VizWiz_val_00003661.jpg
vizwiz_val_003662,VizWiz,"what container is this, please?",vegetable pasta soup,unanswerable,0.655,0.9,none,data/VizWiz/Images/val/VizWiz_val_00003662.jpg
vizwiz_val_003665,VizWiz,"Is the air conditioner set to air, fan, or dehumidifier?",dehumidifier,air,0.691,1.0,none,data/VizWiz/Images/val/VizWiz_val_00003665.jpg
vizwiz_val_003667,VizWiz,What does that photo say?,tnpeyt,unanswerable,0.733,1.0,none,data/VizWiz/Images/val/VizWiz_val_00003667.jpg
vizwiz_val_003668,VizWiz,What is it?,wall,unanswerable,0.754,,none,data/VizWiz/Images/val/VizWiz_val_00003668.jpg
vizwiz_val_003669,VizWiz,What is this?,bubble bath,soap,0.826,0.9,none,data/VizWiz/Images/val/VizWiz_val_00003669.jpg
vizwiz_val_003671,VizWiz,What is this?,peanut sauce mix,spice,0.590,0.9,none,data/VizWiz/Images/val/VizWiz_val_00003671.jpg
vizwiz_val_003675,VizWiz,How do I have to leave this in the oven for?,unanswerable,30 minutes,0.587,0.9,answerability,data/VizWiz/Images/val/VizWiz_val_00003675.jpg
vizwiz_val_003679,VizWiz,Is this box?,unanswerable,no,0.852,,answerability,data/VizWiz/Images/val/VizWiz_val_00003679.jpg
vizwiz_val_003680,VizWiz,What song is this?,unanswerable,let her go,0.719,1.0,answerability,data/VizWiz/Images/val/VizWiz_val_00003680.jpg
vizwiz_val_003681,VizWiz,What's in this photo?,bowl on paper confetti,egg,0.652,1.0,none,data/VizWiz/Images/val/VizWiz_val_00003681.jpg
vizwiz_val_003683,VizWiz,Which flavor is this one?,chicken broccoli cheese potato,chunky,0.906,,none,data/VizWiz/Images/val/VizWiz_val_00003683.jpg
vizwiz_val_003684,VizWiz,What shirt is this and what color is it?,unanswerable,brown,0.551,1.0,answerability,data/VizWiz/Images/val/VizWiz_val_00003684.jpg
vizwiz_val_003689,VizWiz,Is there any kind of model number written on this modem?,unanswerable,no,0.617,1.0,answerability,data/VizWiz/Images/val/VizWiz_val_00003689.jpg
vizwiz_val_003693,VizWiz,Who is this dog?,sam,unanswerable,0.733,0.9,none,data/VizWiz/Images/val/VizWiz_val_00003693.jpg
vizwiz_val_003697,VizWiz,What kind of cigar is this?Does this vibrate?I don't know.,american spirit,unanswerable,0.813,0.0,none,data/VizWiz/Images/val/VizWiz_val_00003697.jpg
vizwiz_val_003699,VizWiz,What is this?,unanswerable,book,0.884,1.0,answerability,data/VizWiz/Images/val/VizWiz_val_00003699.jpg
vizwiz_val_003700,VizWiz,"So this is a test I hope this machine works, I hope this camera works, can anyone tell me if the cam",yes,unanswerable,0.805,1.0,none,data/VizWiz/Images/val/VizWiz_val_00003700.jpg
vizwiz_val_003705,VizWiz,What kind of coffee is this?,brazil santos,unanswerable,0.692,1.0,none,data/VizWiz/Images/val/VizWiz_val_00003705.jpg
vizwiz_val_003706,VizWiz,could you give me the name and possible the brand of lavender bath soap this is,living garden,unanswerable,0.708,0.9,none,data/VizWiz/Images/val/VizWiz_val_00003706.jpg
vizwiz_val_003707,VizWiz,What is it?,unanswerable,hair,0.850,0.0,answerability,data/VizWiz/Images/val/VizWiz_val_00003707.jpg
vizwiz_val_003711,VizWiz,What is this?,unanswerable,chocolate,0.654,0.9,answerability,data/VizWiz/Images/val/VizWiz_val_00003711.jpg
vizwiz_val_003712,VizWiz,What is that in the wall?,decal,butterfly,0.631,0.9,none,data/VizWiz/Images/val/VizWiz_val_00003712.jpg
vizwiz_val_003714,VizWiz,Now record a question. Read the text on the picture. And then double tap.,unanswerable,what is brand of fiber one product?,0.559,1.0,answerability,data/VizWiz/Images/val/VizWiz_val_00003714.jpg
vizwiz_val_003715,VizWiz,What kind of coffee is this? Thank you.,mexico,unanswerable,0.693,0.9,none,data/VizWiz/Images/val/VizWiz_val_00003715.jpg
vizwiz_val_003724,VizWiz,What is this?,jambalaya mix,zatarain's,0.724,0.9,none,data/VizWiz/Images/val/VizWiz_val_00003724.jpg
vizwiz_val_003727,VizWiz,What is this item?,apple crisps,apple chips,0.795,0.9,none,data/VizWiz/Images/val/VizWiz_val_00003727.jpg
vizwiz_val_003728,VizWiz,Is the color?,brown,unanswerable,0.662,0.9,none,data/VizWiz/Images/val/VizWiz_val_00003728.jpg
vizwiz_val_003731,VizWiz,What is in this container?,wipes,cavi wipe,0.736,0.9,none,data/VizWiz/Images/val/VizWiz_val_00003731.jpg
vizwiz_val_003738,VizWiz,What device is this?,laptop,keyboard,0.835,0.9,none,data/VizWiz/Images/val/VizWiz_val_00003738.jpg
vizwiz_val_003740,VizWiz,What is this bottle?,lotion,unanswerable,0.562,0.9,none,data/VizWiz/Images/val/VizWiz_val_00003740.jpg
vizwiz_val_003742,VizWiz,What is the name of this product?,odor gone,odo-gone,0.710,0.9,none,data/VizWiz/Images/val/VizWiz_val_00003742.jpg
vizwiz_val_003743,VizWiz,What is this?,lake,rowing,0.568,0.9,none,data/VizWiz/Images/val/VizWiz_val_00003743.jpg
vizwiz_val_003745,VizWiz,What is that a bottle of?,unanswerable,milk,0.631,0.9,answerability,data/VizWiz/Images/val/VizWiz_val_00003745.jpg
vizwiz_val_003748,VizWiz,What is this can?,chicken noodle soup,unanswerable,0.611,1.0,none,data/VizWiz/Images/val/VizWiz_val_00003748.jpg
vizwiz_val_003750,VizWiz,Are these regular chips or salt-and-vinegar chips? Thank you.,regular,salt and vinegar,0.890,0.9,none,data/VizWiz/Images/val/VizWiz_val_00003750.jpg
vizwiz_val_003756,VizWiz,How tall is the Washington Monument?,unanswerable,555 feet,0.874,1.0,answerability,data/VizWiz/Images/val/VizWiz_val_00003756.jpg
vizwiz_val_003758,VizWiz,"I need to know what that measures, if you would. Thank you.",18.5,unanswerable,0.689,0.9,none,data/VizWiz/Images/val/VizWiz_val_00003758.jpg
vizwiz_val_003760,VizWiz,Is this better?,unanswerable,no,0.765,1.0,answerability,data/VizWiz/Images/val/VizWiz_val_00003760.jpg
vizwiz_val_003764,VizWiz,What is this ?,unanswerable,book,0.687,1.0,answerability,data/VizWiz/Images/val/VizWiz_val_00003764.jpg
vizwiz_val_003766,VizWiz,What kind of coffee is this?,espresso,timothy's,0.775,0.9,none,data/VizWiz/Images/val/VizWiz_val_00003766.jpg
vizwiz_val_003768,VizWiz,Who's logo is this?,citroen,peugeot,0.800,1.0,none,data/VizWiz/Images/val/VizWiz_val_00003768.jpg
vizwiz_val_003769,VizWiz,What is this?,sorbet maker,ice cream maker,0.902,0.9,none,data/VizWiz/Images/val/VizWiz_val_00003769.jpg
vizwiz_val_003775,VizWiz,What is this?,bottle,vitamin,0.628,0.9,none,data/VizWiz/Images/val/VizWiz_val_00003775.jpg
vizwiz_val_003779,VizWiz,What can you see in the picture?,coffee mug,cup,0.626,1.0,none,data/VizWiz/Images/val/VizWiz_val_00003779.jpg
vizwiz_val_003781,VizWiz,What product is this?,catalina dressing,tomato sauce,0.832,0.9,none,data/VizWiz/Images/val/VizWiz_val_00003781.jpg
vizwiz_val_003782,VizWiz,What kind of frozen dinner is this?,chicken tikka masala,unanswerable,0.619,0.9,none,data/VizWiz/Images/val/VizWiz_val_00003782.jpg
vizwiz_val_003784,VizWiz,What flavor is this?,big easy bold,unanswerable,0.711,1.0,none,data/VizWiz/Images/val/VizWiz_val_00003784.jpg
vizwiz_val_003791,VizWiz,"Is either of these rings, Kyles?",unanswerable,yes,0.800,1.0,answerability,data/VizWiz/Images/val/VizWiz_val_00003791.jpg
vizwiz_val_003794,VizWiz,What color is this shirt?,grey,gray,0.941,1.0,none,data/VizWiz/Images/val/VizWiz_val_00003794.jpg
vizwiz_val_003795,VizWiz,What color is this bell?,black,blue,0.793,0.9,none,data/VizWiz/Images/val/VizWiz_val_00003795.jpg
vizwiz_val_003797,VizWiz,What is thick?,unanswerable,paint,0.862,1.0,answerability,data/VizWiz/Images/val/VizWiz_val_00003797.jpg
vizwiz_val_003799,VizWiz,What is this?,up,soda,0.688,,none,data/VizWiz/Images/val/VizWiz_val_00003799.jpg
vizwiz_val_003801,VizWiz,What is this item?,unanswerable,speaker,0.941,,answerability,data/VizWiz/Images/val/VizWiz_val_00003801.jpg
vizwiz_val_003802,VizWiz,I found this in the wild. Can I keep it as a pet?,yes,no,0.699,1.0,none,data/VizWiz/Images/val/VizWiz_val_00003802.jpg
vizwiz_val_003803,VizWiz,What color is the shirt?,black white,black and yellow,0.719,1.0,none,data/VizWiz/Images/val/VizWiz_val_00003803.jpg
vizwiz_val_003804,VizWiz,What is the caller ID? Caller ID? Thank you.,25389186,unanswerable,0.696,0.9,none,data/VizWiz/Images/val/VizWiz_val_00003804.jpg
vizwiz_val_003805,VizWiz,Can anyone tell what this can is? It said press stop. This is a problem I ran into earlier. Like I p,peaches,unanswerable,0.686,0.9,none,data/VizWiz/Images/val/VizWiz_val_00003805.jpg
vizwiz_val_003808,VizWiz,Can you tell what video game that is?,mortal kombat,yes,0.693,1.0,none,data/VizWiz/Images/val/VizWiz_val_00003808.jpg
vizwiz_val_003809,VizWiz,Alright looking for the input or mode button I have moved the camera in tell me if this is clear.  T,yes,unanswerable,0.675,0.9,none,data/VizWiz/Images/val/VizWiz_val_00003809.jpg
vizwiz_val_003811,VizWiz,What color is that vain?,unanswerable,pink,0.782,1.0,answerability,data/VizWiz/Images/val/VizWiz_val_00003811.jpg
vizwiz_val_003812,VizWiz,What's the five digit number?,23442,69,0.905,1.0,none,data/VizWiz/Images/val/VizWiz_val_00003812.jpg
vizwiz_val_003813,VizWiz,What are these?,boots,shoes,0.779,,none,data/VizWiz/Images/val/VizWiz_val_00003813.jpg
vizwiz_val_003816,VizWiz,What is this?,unanswerable,bottle,0.626,0.9,answerability,data/VizWiz/Images/val/VizWiz_val_00003816.jpg
vizwiz_val_003820,VizWiz,Whats the picture on the shirt?,snoopy,dog,0.646,1.0,none,data/VizWiz/Images/val/VizWiz_val_00003820.jpg
vizwiz_val_003821,VizWiz,What is this?,tree,fruit,0.646,0.9,none,data/VizWiz/Images/val/VizWiz_val_00003821.jpg
vizwiz_val_003824,VizWiz,What does this say?,creamline milk,unanswerable,0.850,1.0,none,data/VizWiz/Images/val/VizWiz_val_00003824.jpg
vizwiz_val_003826,VizWiz,Can you tell what this is?,mixed fruit,yes,0.701,0.9,none,data/VizWiz/Images/val/VizWiz_val_00003826.jpg
vizwiz_val_003827,VizWiz,What is this image?,mountain dew,unanswerable,0.583,1.0,none,data/VizWiz/Images/val/VizWiz_val_00003827.jpg
vizwiz_val_003828,VizWiz,What is the denomination of this bill?,unanswerable,20,0.644,1.0,answerability,data/VizWiz/Images/val/VizWiz_val_00003828.jpg
vizwiz_val_003829,VizWiz,Where is this shirt?,on person,unanswerable,0.692,1.0,none,data/VizWiz/Images/val/VizWiz_val_00003829.jpg
vizwiz_val_003831,VizWiz,What is this?,text,book,0.725,0.9,none,data/VizWiz/Images/val/VizWiz_val_00003831.jpg
vizwiz_val_003832,VizWiz,What's in this bottle?,bbq sauce,honey,0.693,1.0,none,data/VizWiz/Images/val/VizWiz_val_00003832.jpg
vizwiz_val_003834,VizWiz,What is this a model of?,sprite,bottle,0.835,1.0,none,data/VizWiz/Images/val/VizWiz_val_00003834.jpg
vizwiz_val_003836,VizWiz,How many ounces is this?,20,23.7,0.568,1.0,none,data/VizWiz/Images/val/VizWiz_val_00003836.jpg
vizwiz_val_003837,VizWiz,What is this?,unanswerable,wine,0.798,,answerability,data/VizWiz/Images/val/VizWiz_val_00003837.jpg
vizwiz_val_003839,VizWiz,Describe this shirt to me.,grey white stripes,unanswerable,0.711,0.9,none,data/VizWiz/Images/val/VizWiz_val_00003839.jpg
vizwiz_val_003840,VizWiz,What kind of Progresso soup is this?,unanswerable,traditional,0.665,1.0,answerability,data/VizWiz/Images/val/VizWiz_val_00003840.jpg
vizwiz_val_003847,VizWiz,Could you tell what brand of wine this is?,ballatore,ballare,0.595,0.9,none,data/VizWiz/Images/val/VizWiz_val_00003847.jpg
vizwiz_val_003850,VizWiz,What is this?,air filter,unanswerable,0.679,,none,data/VizWiz/Images/val/VizWiz_val_00003850.jpg
vizwiz_val_003856,VizWiz,What is this book?,diary wimpy kid ugly truth,diary of wimpy kid,0.851,0.9,none,data/VizWiz/Images/val/VizWiz_val_00003856.jpg
vizwiz_val_003858,VizWiz,I have turned the box around again. Can you make out an expiration date now? Sorry about this.,unanswerable,no,0.661,1.0,answerability,data/VizWiz/Images/val/VizWiz_val_00003858.jpg
vizwiz_val_003859,VizWiz,This is Brian. What color is this?,grey,gray,0.637,0.9,none,data/VizWiz/Images/val/VizWiz_val_00003859.jpg
vizwiz_val_003860,VizWiz,What is in this box?,unanswerable,cake,0.743,1.0,answerability,data/VizWiz/Images/val/VizWiz_val_00003860.jpg
vizwiz_val_003861,VizWiz,What is this?,unanswerable,bottle,0.737,1.0,answerability,data/VizWiz/Images/val/VizWiz_val_00003861.jpg
vizwiz_val_003867,VizWiz,What item is this?,white cane,stylus,0.592,0.9,none,data/VizWiz/Images/val/VizWiz_val_00003867.jpg
vizwiz_val_003868,VizWiz,How many MLs is this can?,unanswerable,8 fl oz,0.628,0.9,answerability,data/VizWiz/Images/val/VizWiz_val_00003868.jpg
vizwiz_val_003870,VizWiz,"Is there soup in this tin, and if yes, what type is it? Thank you in advance.",unanswerable,no,0.771,,answerability,data/VizWiz/Images/val/VizWiz_val_00003870.jpg
vizwiz_val_003881,VizWiz,What does this do?,holds item up,unanswerable,0.811,1.0,none,data/VizWiz/Images/val/VizWiz_val_00003881.jpg
vizwiz_val_003882,VizWiz,What color is this?,white,gray,0.619,1.0,none,data/VizWiz/Images/val/VizWiz_val_00003882.jpg
vizwiz_val_003883,VizWiz,What kind of card is this?,barnes noble gift card,birthday,0.871,0.9,none,data/VizWiz/Images/val/VizWiz_val_00003883.jpg
vizwiz_val_003884,VizWiz,Can you tell what dinner this is?,country fried chicken gravy,yes,0.714,1.0,none,data/VizWiz/Images/val/VizWiz_val_00003884.jpg
vizwiz_val_003885,VizWiz,What is this can?,sunscreen,spray paint,0.625,1.0,none,data/VizWiz/Images/val/VizWiz_val_00003885.jpg
vizwiz_val_003888,VizWiz,What is this item?,snack mix,cereal,0.690,0.9,none,data/VizWiz/Images/val/VizWiz_val_00003888.jpg
vizwiz_val_003889,VizWiz,What's in this picture?,city,unanswerable,0.598,0.9,none,data/VizWiz/Images/val/VizWiz_val_00003889.jpg
vizwiz_val_003890,VizWiz,What's this?,box,unanswerable,0.594,,none,data/VizWiz/Images/val/VizWiz_val_00003890.jpg
vizwiz_val_003892,VizWiz,Is this ice cream?,no,yes,0.795,1.0,none,data/VizWiz/Images/val/VizWiz_val_00003892.jpg
vizwiz_val_003898,VizWiz,What color are these pants?,blue,red,0.541,1.0,none,data/VizWiz/Images/val/VizWiz_val_00003898.jpg
vizwiz_val_003899,VizWiz,Is this a cable?,no,yes,0.714,,none,data/VizWiz/Images/val/VizWiz_val_00003899.jpg
vizwiz_val_003900,VizWiz,What is this box?,spaghetti meat sauce,spaghetti sauce,0.790,1.0,none,data/VizWiz/Images/val/VizWiz_val_00003900.jpg
vizwiz_val_003901,VizWiz,What's in this picture?,shirt,jeans,0.696,1.0,none,data/VizWiz/Images/val/VizWiz_val_00003901.jpg
vizwiz_val_003904,VizWiz,What is the photo on the shirt and what does it say?,crocodile no words,alligator,0.835,0.9,none,data/VizWiz/Images/val/VizWiz_val_00003904.jpg
vizwiz_val_003905,VizWiz,OK now which Harry Potter book is this?,goblet fire,unanswerable,0.800,1.0,none,data/VizWiz/Images/val/VizWiz_val_00003905.jpg
vizwiz_val_003907,VizWiz,What is this?,unanswerable,shelf,0.574,,answerability,data/VizWiz/Images/val/VizWiz_val_00003907.jpg
vizwiz_val_003908,VizWiz,What kind of cat food is this?,proactive,original,0.579,0.9,none,data/VizWiz/Images/val/VizWiz_val_00003908.jpg
vizwiz_val_003909,VizWiz,How do you cook this pizza?,unanswerable,oven,0.748,1.0,answerability,data/VizWiz/Images/val/VizWiz_val_00003909.jpg
vizwiz_val_003913,VizWiz,What color is the battery charging light?,orange,red,0.843,0.9,none,data/VizWiz/Images/val/VizWiz_val_00003913.jpg
vizwiz_val_003915,VizWiz,What is this?,unanswerable,box,0.502,0.9,answerability,data/VizWiz/Images/val/VizWiz_val_00003915.jpg
vizwiz_val_003918,VizWiz,What is this?,video game,dvd,0.642,,none,data/VizWiz/Images/val/VizWiz_val_00003918.jpg
vizwiz_val_003919,VizWiz,Is it a box?,unanswerable,no,0.784,0.0,answerability,data/VizWiz/Images/val/VizWiz_val_00003919.jpg
vizwiz_val_003922,VizWiz,This is a blank screen. What color is it? Is there any text there?,green yes,black,0.777,1.0,none,data/VizWiz/Images/val/VizWiz_val_00003922.jpg
vizwiz_val_003923,VizWiz,What is this thing?,desk,computer,0.699,,none,data/VizWiz/Images/val/VizWiz_val_00003923.jpg
vizwiz_val_003924,VizWiz,Is this?,unanswerable,yes,0.748,1.0,answerability,data/VizWiz/Images/val/VizWiz_val_00003924.jpg
vizwiz_val_003925,VizWiz,What kind of clouds are those?,white,cumulus,0.823,0.9,none,data/VizWiz/Images/val/VizWiz_val_00003925.jpg
vizwiz_val_003927,VizWiz,What does this display say?,8888,unanswerable,0.758,1.0,none,data/VizWiz/Images/val/VizWiz_val_00003927.jpg
vizwiz_val_003928,VizWiz,What kind of vitamins are these?,unanswerable,multivitamin,0.682,1.0,answerability,data/VizWiz/Images/val/VizWiz_val_00003928.jpg
vizwiz_val_003929,VizWiz,What order did the controls appear in Low-high warm or high-low warm?,off low high warm,high-low warm,0.830,1.0,none,data/VizWiz/Images/val/VizWiz_val_00003929.jpg
vizwiz_val_003930,VizWiz,What movie is this?,4 deuces,four deuces,0.757,0.9,none,data/VizWiz/Images/val/VizWiz_val_00003930.jpg
vizwiz_val_003933,VizWiz,What is this?,food,rice,0.699,0.9,none,data/VizWiz/Images/val/VizWiz_val_00003933.jpg
vizwiz_val_003937,VizWiz,What color is my jacket?,unanswerable,blue,0.803,1.0,answerability,data/VizWiz/Images/val/VizWiz_val_00003937.jpg
vizwiz_val_003939,VizWiz,What is that?,window,curtain,0.847,,none,data/VizWiz/Images/val/VizWiz_val_00003939.jpg
vizwiz_val_003941,VizWiz,Does that say what kind of frozen dinner it is? i cant tell myself,no,unanswerable,0.850,0.0,none,data/VizWiz/Images/val/VizWiz_val_00003941.jpg
vizwiz_val_003942,VizWiz,What does this photo say?,password how can we help you reset,unanswerable,0.817,1.0,none,data/VizWiz/Images/val/VizWiz_val_00003942.jpg
vizwiz_val_003945,VizWiz,What does this symbol mean?,daniel bruce designs logo,unanswerable,0.697,1.0,none,data/VizWiz/Images/val/VizWiz_val_00003945.jpg
vizwiz_val_003947,VizWiz,What is this?,oven,kitchen,0.854,0.9,none,data/VizWiz/Images/val/VizWiz_val_00003947.jpg
vizwiz_val_003948,VizWiz,Can you please tell me what the computer screen says?,widgets visible including calculator clock 2 identifiable ones,unanswerable,0.852,1.0,none,data/VizWiz/Images/val/VizWiz_val_00003948.jpg
vizwiz_val_003950,VizWiz,What is this?,champagne,wine,0.705,0.9,none,data/VizWiz/Images/val/VizWiz_val_00003950.jpg
vizwiz_val_003951,VizWiz,What is in this bottle?,body lotion,moisturizer,0.687,0.9,none,data/VizWiz/Images/val/VizWiz_val_00003951.jpg
vizwiz_val_003952,VizWiz,What's this?,bedroom,blanket,0.843,,none,data/VizWiz/Images/val/VizWiz_val_00003952.jpg
vizwiz_val_003956,VizWiz,"What flavor of, what flavor of Doritos are these?",sweet chili heat,flamegrill,0.535,1.0,none,data/VizWiz/Images/val/VizWiz_val_00003956.jpg
vizwiz_val_003958,VizWiz,Can you please tell me what this says? Thank you.,us bank payment card quick reference guide,unanswerable,0.718,0.9,none,data/VizWiz/Images/val/VizWiz_val_00003958.jpg
vizwiz_val_003959,VizWiz,What is this a picture of?,collard greens,food,0.530,0.9,none,data/VizWiz/Images/val/VizWiz_val_00003959.jpg
vizwiz_val_003962,VizWiz,What is on this computer screen?,nothing,unanswerable,0.697,1.0,none,data/VizWiz/Images/val/VizWiz_val_00003962.jpg
vizwiz_val_003965,VizWiz,Can you tell me what this is?,frozen dinner,microwave oven,0.604,0.9,none,data/VizWiz/Images/val/VizWiz_val_00003965.jpg
vizwiz_val_003966,VizWiz,What is in this can?,soup,chunky,0.723,1.0,none,data/VizWiz/Images/val/VizWiz_val_00003966.jpg
vizwiz_val_003975,VizWiz,What's the crock pot setting?,high,low,0.919,1.0,none,data/VizWiz/Images/val/VizWiz_val_00003975.jpg
vizwiz_val_003981,VizWiz,What is this?,water bottle,bottles,0.640,0.9,none,data/VizWiz/Images/val/VizWiz_val_00003981.jpg
vizwiz_val_003983,VizWiz,Can you describe what you see on the screen? Hopefully it's some sort of a menu. I'm trying to boot ,blank screen,unanswerable,0.812,1.0,none,data/VizWiz/Images/val/VizWiz_val_00003983.jpg
vizwiz_val_003984,VizWiz,What brand printer is this?,unanswerable,hp,0.781,0.9,answerability,data/VizWiz/Images/val/VizWiz_val_00003984.jpg
vizwiz_val_003989,VizWiz,What is this?,external hard drive,keyboard,0.791,0.9,none,data/VizWiz/Images/val/VizWiz_val_00003989.jpg
vizwiz_val_003991,VizWiz,Do you see any bread crumbs up there?,unanswerable,no,0.850,,answerability,data/VizWiz/Images/val/VizWiz_val_00003991.jpg
vizwiz_val_003994,VizWiz,What Clorox is my shirt?,blue,unanswerable,0.777,1.0,none,data/VizWiz/Images/val/VizWiz_val_00003994.jpg
vizwiz_val_003996,VizWiz,What kind of pizza is this?,pepperoni,thin,0.771,0.9,none,data/VizWiz/Images/val/VizWiz_val_00003996.jpg
vizwiz_val_004002,VizWiz,What is this?,granola,cereal,0.926,,none,data/VizWiz/Images/val/VizWiz_val_00004002.jpg
vizwiz_val_004004,VizWiz,What color is this rug?,pinks greys,brown,0.614,0.9,none,data/VizWiz/Images/val/VizWiz_val_00004004.jpg
vizwiz_val_004006,VizWiz,"What is this, please?",dresser,unanswerable,0.665,0.9,none,data/VizWiz/Images/val/VizWiz_val_00004006.jpg
vizwiz_val_004008,VizWiz,What is this?,soup,food,0.595,0.9,none,data/VizWiz/Images/val/VizWiz_val_00004008.jpg
vizwiz_val_004012,VizWiz,What is shown in the little rectangular window?,unanswerable,blanket,0.678,0.0,answerability,data/VizWiz/Images/val/VizWiz_val_00004012.jpg
vizwiz_val_004013,VizWiz,"What flavor of cat food is this, please?",unanswerable,soul,0.517,1.0,answerability,data/VizWiz/Images/val/VizWiz_val_00004013.jpg
vizwiz_val_004016,VizWiz,What product is this?,rotini,garden rottini,0.807,0.9,none,data/VizWiz/Images/val/VizWiz_val_00004016.jpg
vizwiz_val_004017,VizWiz,What is this?,asparagus spears,beer,0.577,1.0,none,data/VizWiz/Images/val/VizWiz_val_00004017.jpg
vizwiz_val_004020,VizWiz,What kind of coffee is this?,espresso,folgers,0.632,0.9,none,data/VizWiz/Images/val/VizWiz_val_00004020.jpg
vizwiz_val_004022,VizWiz,"What is this? What color of fish, please. Thank you.",white sheet,unanswerable,0.704,1.0,none,data/VizWiz/Images/val/VizWiz_val_00004022.jpg
vizwiz_val_004023,VizWiz,What is this book?,garden primer,gardening,0.783,0.9,none,data/VizWiz/Images/val/VizWiz_val_00004023.jpg
vizwiz_val_004026,VizWiz,What is this?,baby shampoo,soap,0.758,0.9,none,data/VizWiz/Images/val/VizWiz_val_00004026.jpg
vizwiz_val_004029,VizWiz,is this?,unanswerable,yes,0.822,,answerability,data/VizWiz/Images/val/VizWiz_val_00004029.jpg
vizwiz_val_004030,VizWiz,Can you see what is in this can?,diced tomatoes green chilies,yes,0.678,1.0,none,data/VizWiz/Images/val/VizWiz_val_00004030.jpg
vizwiz_val_004031,VizWiz,Can you please tell me what the three buttons are from left to right? Thank you.,day hour minute,"day, hour, minute",0.904,0.9,none,data/VizWiz/Images/val/VizWiz_val_00004031.jpg
vizwiz_val_004032,VizWiz,What flavor is this energy bar?,unanswerable,vegan,0.559,0.9,answerability,data/VizWiz/Images/val/VizWiz_val_00004032.jpg
vizwiz_val_004034,VizWiz,What color is this?,grey,blue,0.826,1.0,none,data/VizWiz/Images/val/VizWiz_val_00004034.jpg
vizwiz_val_004037,VizWiz,How many ..,unanswerable,1,0.723,1.0,answerability,data/VizWiz/Images/val/VizWiz_val_00004037.jpg
vizwiz_val_004038,VizWiz,Can you please tell me all the spices that are in this cabinet?,celery salt oregano mrs dash lawry seasoned salt,unanswerable,0.748,1.0,none,data/VizWiz/Images/val/VizWiz_val_00004038.jpg
vizwiz_val_004040,VizWiz,Name of this?,where red fern grows,unanswerable,0.725,0.9,none,data/VizWiz/Images/val/VizWiz_val_00004040.jpg
vizwiz_val_004042,VizWiz,What kind of is this?,raisin bran,cereal,0.781,1.0,none,data/VizWiz/Images/val/VizWiz_val_00004042.jpg
vizwiz_val_004043,VizWiz,What is this?,ziti,pasta,0.818,0.9,none,data/VizWiz/Images/val/VizWiz_val_00004043.jpg
vizwiz_val_004047,VizWiz,What's the title of this CD?,songs 4 life,songs for life,0.850,1.0,none,data/VizWiz/Images/val/VizWiz_val_00004047.jpg
vizwiz_val_004050,VizWiz,What is this?,pink ball,balloon,0.767,0.9,none,data/VizWiz/Images/val/VizWiz_val_00004050.jpg
vizwiz_val_004051,VizWiz,Can you tell how many pounds this meat is?,3,unanswerable,0.745,1.0,none,data/VizWiz/Images/val/VizWiz_val_00004051.jpg
vizwiz_val_004054,VizWiz,Here is another picture. Positive or negative?,negative,positive,0.772,1.0,none,data/VizWiz/Images/val/VizWiz_val_00004054.jpg
vizwiz_val_004056,VizWiz,What is this spice and what color is it?,golden yellow maybe cumin tumeric,turmeric,0.804,1.0,none,data/VizWiz/Images/val/VizWiz_val_00004056.jpg
vizwiz_val_004059,VizWiz,How clear is this picture?,clear,unanswerable,0.726,0.9,none,data/VizWiz/Images/val/VizWiz_val_00004059.jpg
vizwiz_val_004061,VizWiz,What does this label say?,meat pack,unanswerable,0.832,0.9,none,data/VizWiz/Images/val/VizWiz_val_00004061.jpg
vizwiz_val_004063,VizWiz,What currency is this?,5 malaysian ringgit,unanswerable,0.573,0.9,none,data/VizWiz/Images/val/VizWiz_val_00004063.jpg
vizwiz_val_004067,VizWiz,What is this a can of?,beef ravioli,tomato sauce,0.816,0.9,none,data/VizWiz/Images/val/VizWiz_val_00004067.jpg
vizwiz_val_004070,VizWiz,What does this say?,40,unanswerable,0.903,1.0,none,data/VizWiz/Images/val/VizWiz_val_00004070.jpg
vizwiz_val_004071,VizWiz,What is this ?,100 dollar bill,money,0.868,1.0,none,data/VizWiz/Images/val/VizWiz_val_00004071.jpg
vizwiz_val_004072,VizWiz,Is this shampoo or body wash?,body lotion,body wash,0.878,0.9,none,data/VizWiz/Images/val/VizWiz_val_00004072.jpg
vizwiz_val_004075,VizWiz,whats in this bag,vegetables,carrots,0.703,1.0,none,data/VizWiz/Images/val/VizWiz_val_00004075.jpg
vizwiz_val_004079,VizWiz,What is on this id badge?,unanswerable,picture,0.647,0.9,answerability,data/VizWiz/Images/val/VizWiz_val_00004079.jpg
vizwiz_val_004081,VizWiz,"An atom of which of these elements most likely forms an ion? Al, Br, Ca or Mg?",al,mg,0.722,1.0,none,data/VizWiz/Images/val/VizWiz_val_00004081.jpg
vizwiz_val_004082,VizWiz,Can you tell me the order of the buttons on this remote control?,yes,unanswerable,0.726,0.9,none,data/VizWiz/Images/val/VizWiz_val_00004082.jpg
vizwiz_val_004083,VizWiz,Hello there could you please tell me going from left to right on this dial what the temperate range ,off low high,unanswerable,0.776,1.0,none,data/VizWiz/Images/val/VizWiz_val_00004083.jpg
vizwiz_val_004084,VizWiz,What is in the drawer and please describe.,clutter,unanswerable,0.747,0.9,none,data/VizWiz/Images/val/VizWiz_val_00004084.jpg
vizwiz_val_004085,VizWiz,What are the three buttons above the dial from left to right?,popcorn auto reheat auto cook,unanswerable,0.678,0.9,none,data/VizWiz/Images/val/VizWiz_val_00004085.jpg
vizwiz_val_004088,VizWiz,Can you please read what's on this label? Thank you.,onion powder,unanswerable,0.623,0.9,none,data/VizWiz/Images/val/VizWiz_val_00004088.jpg
vizwiz_val_004090,VizWiz,Is the label showing? And what is in this bottle?,unanswerable,yes,0.727,,answerability,data/VizWiz/Images/val/VizWiz_val_00004090.jpg
vizwiz_val_004094,VizWiz,What is this?,kodak,refrigerator,0.920,,none,data/VizWiz/Images/val/VizWiz_val_00004094.jpg
vizwiz_val_004095,VizWiz,Can you describe the tie?,black background white gold squares,yes,0.564,1.0,none,data/VizWiz/Images/val/VizWiz_val_00004095.jpg
vizwiz_val_004096,VizWiz,Tell me what the Ipad screen says.  Thank you very much.,nothing,unanswerable,0.748,1.0,none,data/VizWiz/Images/val/VizWiz_val_00004096.jpg
vizwiz_val_004101,VizWiz,What's the color?,unanswerable,red,0.561,1.0,answerability,data/VizWiz/Images/val/VizWiz_val_00004101.jpg
vizwiz_val_004102,VizWiz,What space is this?,unanswerable,bedroom,0.980,,answerability,data/VizWiz/Images/val/VizWiz_val_00004102.jpg
vizwiz_val_004105,VizWiz,what is this and how many things are in each shelf?,videos games about 20 on each shelf,this is collection of video games. number of things in each shelf is not clear from image,0.646,0.9,none,data/VizWiz/Images/val/VizWiz_val_00004105.jpg
vizwiz_val_004107,VizWiz,Hello can you please tell me what this is or is it still-is this really blurry? Thank you very much.,really blurry,tv,0.524,1.0,none,data/VizWiz/Images/val/VizWiz_val_00004107.jpg
vizwiz_val_004108,VizWiz,"What is this vitamin jar, please?",fish oil,oil of oregano,0.697,0.9,none,data/VizWiz/Images/val/VizWiz_val_00004108.jpg
vizwiz_val_004109,VizWiz,What is this?,unanswerable,curtain,0.799,,answerability,data/VizWiz/Images/val/VizWiz_val_00004109.jpg
vizwiz_val_004110,VizWiz,What kind of chips are these?,unanswerable,doritos,0.598,0.9,answerability,data/VizWiz/Images/val/VizWiz_val_00004110.jpg
vizwiz_val_004113,VizWiz,What is the expiration date?,jan 19 2013,000000000,0.548,1.0,none,data/VizWiz/Images/val/VizWiz_val_00004113.jpg
vizwiz_val_004117,VizWiz,What flavor is this energy bar?,unanswerable,pure fit,0.715,0.9,answerability,data/VizWiz/Images/val/VizWiz_val_00004117.jpg
vizwiz_val_004122,VizWiz,Is this clam chowder?,unanswerable,no,0.894,,answerability,data/VizWiz/Images/val/VizWiz_val_00004122.jpg
vizwiz_val_004128,VizWiz,"I wanna know exactly what I'm seeing, but I'm not real sure right now because I just started.",bright light,unanswerable,0.765,1.0,none,data/VizWiz/Images/val/VizWiz_val_00004128.jpg
vizwiz_val_004129,VizWiz,What is this bottle?,basil,spice,0.641,0.9,none,data/VizWiz/Images/val/VizWiz_val_00004129.jpg
vizwiz_val_004132,VizWiz,What setting is this?,fn,unanswerable,0.711,1.0,none,data/VizWiz/Images/val/VizWiz_val_00004132.jpg
vizwiz_val_004136,VizWiz,What is the title of this album? Thank you.,lifehouse,lifefouhouse,0.609,0.9,none,data/VizWiz/Images/val/VizWiz_val_00004136.jpg
vizwiz_val_004140,VizWiz,Is this currently set on the off position?,yes,no,0.619,1.0,none,data/VizWiz/Images/val/VizWiz_val_00004140.jpg
vizwiz_val_004141,VizWiz,What is this?,potatoes,betty crocker,0.618,,none,data/VizWiz/Images/val/VizWiz_val_00004141.jpg
vizwiz_val_004142,VizWiz,What is it?,modem,laptop,0.597,0.9,none,data/VizWiz/Images/val/VizWiz_val_00004142.jpg
vizwiz_val_004143,VizWiz,What does this pregnancy test show?,negative,pregnant,0.743,1.0,none,data/VizWiz/Images/val/VizWiz_val_00004143.jpg
vizwiz_val_004146,VizWiz,Tell me what color this yarn is please.,teal,blue,0.933,0.9,none,data/VizWiz/Images/val/VizWiz_val_00004146.jpg
vizwiz_val_004148,VizWiz,Which flavor was this?,braised beef portobello tortellini,sauce,0.596,1.0,none,data/VizWiz/Images/val/VizWiz_val_00004148.jpg
vizwiz_val_004149,VizWiz,What is this?,braille machine,calculator,0.809,0.9,none,data/VizWiz/Images/val/VizWiz_val_00004149.jpg
vizwiz_val_004152,VizWiz,Which movie is this?,olsen banden,unanswerable,0.681,1.0,none,data/VizWiz/Images/val/VizWiz_val_00004152.jpg
vizwiz_val_004154,VizWiz,What is this question?,brush,unanswerable,0.861,1.0,none,data/VizWiz/Images/val/VizWiz_val_00004154.jpg
vizwiz_val_004155,VizWiz,What do you see in this image?,table,chairs,0.635,1.0,none,data/VizWiz/Images/val/VizWiz_val_00004155.jpg
vizwiz_val_004163,VizWiz,what is this thermostat temperature set at,unanswerable,70,0.503,1.0,answerability,data/VizWiz/Images/val/VizWiz_val_00004163.jpg
vizwiz_val_004165,VizWiz,What is the pattern on this pillow?,dots,unanswerable,0.582,1.0,none,data/VizWiz/Images/val/VizWiz_val_00004165.jpg
vizwiz_val_004166,VizWiz,Can you please tell me what this bottle say what this bottle is please?,herb garlic lemon juice,unanswerable,0.668,0.9,none,data/VizWiz/Images/val/VizWiz_val_00004166.jpg
vizwiz_val_004168,VizWiz,"Can you tell me what kind of Keurig flavor coffee this is? I know it's Keurig, what flavor please. T",dark chocolate,unanswerable,0.663,1.0,none,data/VizWiz/Images/val/VizWiz_val_00004168.jpg
vizwiz_val_004169,VizWiz,What is this?,carb ultimate blocker,supplement,0.576,0.9,none,data/VizWiz/Images/val/VizWiz_val_00004169.jpg
vizwiz_val_004171,VizWiz,Could you please tell me what that is. Thank you.,tonic wine,bottle,0.653,0.9,none,data/VizWiz/Images/val/VizWiz_val_00004171.jpg
vizwiz_val_004174,VizWiz,What is the name of this lotion?,diamonds rubies,diamonds and rubies,0.942,1.0,none,data/VizWiz/Images/val/VizWiz_val_00004174.jpg
vizwiz_val_004175,VizWiz,What is it?,20 dollar bill,money,0.742,1.0,none,data/VizWiz/Images/val/VizWiz_val_00004175.jpg
vizwiz_val_004176,VizWiz,What color is this item please?,white,gray,0.752,0.0,none,data/VizWiz/Images/val/VizWiz_val_00004176.jpg
vizwiz_val_004178,VizWiz,Does this jewelry and this outfit match?,unanswerable,no,0.729,,answerability,data/VizWiz/Images/val/VizWiz_val_00004178.jpg
vizwiz_val_004182,VizWiz,Would you say this room is illuminated?,yes,no,0.755,,none,data/VizWiz/Images/val/VizWiz_val_00004182.jpg
vizwiz_val_004183,VizWiz,Is this a can of milk,unanswerable,no,0.866,,answerability,data/VizWiz/Images/val/VizWiz_val_00004183.jpg
vizwiz_val_004187,VizWiz,What color is this please?,leopard print,white,0.502,0.9,none,data/VizWiz/Images/val/VizWiz_val_00004187.jpg
vizwiz_val_004188,VizWiz,What is this?,3 musketeers,cereal,0.693,0.9,none,data/VizWiz/Images/val/VizWiz_val_00004188.jpg
vizwiz_val_004192,VizWiz,What is this?,diagram,star,0.597,1.0,none,data/VizWiz/Images/val/VizWiz_val_00004192.jpg
vizwiz_val_004194,VizWiz,What color is this tablet?,white,brown,0.691,1.0,none,data/VizWiz/Images/val/VizWiz_val_00004194.jpg
vizwiz_val_004196,VizWiz,What cheese is this?,mild cheddar,cheese,0.559,0.9,none,data/VizWiz/Images/val/VizWiz_val_00004196.jpg
vizwiz_val_004197,VizWiz,Are there directions on this side of the box?,unanswerable,yes,0.845,1.0,answerability,data/VizWiz/Images/val/VizWiz_val_00004197.jpg
vizwiz_val_004198,VizWiz,Is that milk?,yes,no,0.743,1.0,none,data/VizWiz/Images/val/VizWiz_val_00004198.jpg
vizwiz_val_004199,VizWiz,What color are these two t-shirts?,yellow green,yellow and green,0.794,1.0,none,data/VizWiz/Images/val/VizWiz_val_00004199.jpg
vizwiz_val_004200,VizWiz,What is in this package?,quesadillas,chicken,0.671,0.9,none,data/VizWiz/Images/val/VizWiz_val_00004200.jpg
vizwiz_val_004203,VizWiz,What object is this?,unanswerable,menu,0.542,1.0,answerability,data/VizWiz/Images/val/VizWiz_val_00004203.jpg
vizwiz_val_004206,VizWiz,IS this DVD the Sound of Music?,unanswerable,yes,0.631,0.0,answerability,data/VizWiz/Images/val/VizWiz_val_00004206.jpg
vizwiz_val_004207,VizWiz,What color is this please? Thanks,grey,gray,0.883,0.9,none,data/VizWiz/Images/val/VizWiz_val_00004207.jpg
vizwiz_val_004208,VizWiz,For how long do I cook this in the microwave?,unanswerable,8 minutes,0.854,0.9,answerability,data/VizWiz/Images/val/VizWiz_val_00004208.jpg
vizwiz_val_004211,VizWiz,So this is my first time using this. I haven't used this product before and would be grateful if som,spray fine mist evenly on damp dry hair work through hari style,unanswerable,0.737,1.0,none,data/VizWiz/Images/val/VizWiz_val_00004211.jpg
vizwiz_val_004218,VizWiz,what color is my computer?,black,silver,0.851,1.0,none,data/VizWiz/Images/val/VizWiz_val_00004218.jpg
vizwiz_val_004219,VizWiz,What kind of chips are these?,unanswerable,potato,0.566,1.0,answerability,data/VizWiz/Images/val/VizWiz_val_00004219.jpg
vizwiz_val_004221,VizWiz,What is this object?,toothless,bat,0.558,0.9,none,data/VizWiz/Images/val/VizWiz_val_00004221.jpg
vizwiz_val_004223,VizWiz,You read the highlighted text.,top played games,unanswerable,0.776,1.0,none,data/VizWiz/Images/val/VizWiz_val_00004223.jpg
vizwiz_val_004224,VizWiz,Which one is apple cider?,top,left,0.740,0.9,none,data/VizWiz/Images/val/VizWiz_val_00004224.jpg
vizwiz_val_004225,VizWiz,"What kind of, what kind of lizard is that?",unanswerable,gecko,0.599,1.0,answerability,data/VizWiz/Images/val/VizWiz_val_00004225.jpg
vizwiz_val_004227,VizWiz,Can you please tell me what canned food item this is?,whole potatoes,hill's canned potatoes,0.640,1.0,none,data/VizWiz/Images/val/VizWiz_val_00004227.jpg
vizwiz_val_004233,VizWiz,just a quick idea on this please,belgian chocolate,unanswerable,0.733,1.0,none,data/VizWiz/Images/val/VizWiz_val_00004233.jpg
vizwiz_val_004234,VizWiz,What is in this box?,macaroni cheese,macaroni and cheese,0.799,0.9,none,data/VizWiz/Images/val/VizWiz_val_00004234.jpg
vizwiz_val_004241,VizWiz,This is product.,tomato soup,unanswerable,0.732,1.0,none,data/VizWiz/Images/val/VizWiz_val_00004241.jpg
vizwiz_val_004242,VizWiz,What's on this screen?,5:47 monday may 28,time,0.696,1.0,none,data/VizWiz/Images/val/VizWiz_val_00004242.jpg
vizwiz_val_004244,VizWiz,What is this?,daffodils,flowers,0.773,0.9,none,data/VizWiz/Images/val/VizWiz_val_00004244.jpg
vizwiz_val_004249,VizWiz,Is this?,minced garlic,yes,0.733,0.9,none,data/VizWiz/Images/val/VizWiz_val_00004249.jpg
vizwiz_val_004250,VizWiz,Can you please describe the cards and its orientation thank you,tarot moon sideways,unanswerable,0.648,0.9,none,data/VizWiz/Images/val/VizWiz_val_00004250.jpg
vizwiz_val_004253,VizWiz,what color is this couch?,floral,gray,0.598,0.9,none,data/VizWiz/Images/val/VizWiz_val_00004253.jpg
vizwiz_val_004254,VizWiz,What kind of cereal is this?,honey nut cherrios,unanswerable,0.635,1.0,none,data/VizWiz/Images/val/VizWiz_val_00004254.jpg
vizwiz_val_004255,VizWiz,What's in this red envelope?,sloppy joe seasoning,money,0.600,1.0,none,data/VizWiz/Images/val/VizWiz_val_00004255.jpg
vizwiz_val_004258,VizWiz,What kind of peanut butter is this?,peter pan,pet peanut butter,0.690,1.0,none,data/VizWiz/Images/val/VizWiz_val_00004258.jpg
vizwiz_val_004259,VizWiz,What does this say?,master commander,master and commander,0.918,0.9,none,data/VizWiz/Images/val/VizWiz_val_00004259.jpg
vizwiz_val_004260,VizWiz,What is this?,patch,coat of arms,0.729,0.9,none,data/VizWiz/Images/val/VizWiz_val_00004260.jpg
vizwiz_val_004262,VizWiz,What is it? I did.,cd,unanswerable,0.688,1.0,none,data/VizWiz/Images/val/VizWiz_val_00004262.jpg
vizwiz_val_004263,VizWiz,What do you see?,tums,unanswerable,0.528,1.0,none,data/VizWiz/Images/val/VizWiz_val_00004263.jpg
vizwiz_val_004266,VizWiz,What does this box say?,unanswerable,pizza,0.690,1.0,answerability,data/VizWiz/Images/val/VizWiz_val_00004266.jpg
vizwiz_val_004267,VizWiz,"What is this a picture of, and thank you web worker",u,protein shake,0.724,0.9,none,data/VizWiz/Images/val/VizWiz_val_00004267.jpg
vizwiz_val_004270,VizWiz,What kind of pop is in this can?,nestea,orange,0.733,1.0,none,data/VizWiz/Images/val/VizWiz_val_00004270.jpg
vizwiz_val_004271,VizWiz,What does this screen say?,45% complete,preview,0.915,0.45,none,data/VizWiz/Images/val/VizWiz_val_00004271.jpg
vizwiz_val_004273,VizWiz,What can good is this?,nuts,unanswerable,0.708,1.0,none,data/VizWiz/Images/val/VizWiz_val_00004273.jpg
vizwiz_val_004274,VizWiz,Is this chicken or celery?,tomato,celery,0.984,1.0,none,data/VizWiz/Images/val/VizWiz_val_00004274.jpg
vizwiz_val_004278,VizWiz,What kind of soup is this?,campbells,unanswerable,0.605,1.0,none,data/VizWiz/Images/val/VizWiz_val_00004278.jpg
vizwiz_val_004284,VizWiz,What is this?,unanswerable,bottle,0.794,,answerability,data/VizWiz/Images/val/VizWiz_val_00004284.jpg
vizwiz_val_004290,VizWiz,What kind of candy bar is this?,lindt,unanswerable,0.603,0.9,none,data/VizWiz/Images/val/VizWiz_val_00004290.jpg
vizwiz_val_004292,VizWiz,Do these socks match?,yes,no,0.708,,none,data/VizWiz/Images/val/VizWiz_val_00004292.jpg
vizwiz_val_004294,VizWiz,In the bottle.,orange juice,unanswerable,0.667,0.9,none,data/VizWiz/Images/val/VizWiz_val_00004294.jpg
vizwiz_val_004295,VizWiz,what color is this shirt,black,brown,0.628,0.9,none,data/VizWiz/Images/val/VizWiz_val_00004295.jpg
vizwiz_val_004296,VizWiz,What is this and what is it used for?,unanswerable,toothbrush,0.660,1.0,answerability,data/VizWiz/Images/val/VizWiz_val_00004296.jpg
vizwiz_val_004297,VizWiz,"Yeah, I just need to determine, for sure, the characters in this captcha. Thank You.",lex,unanswerable,0.770,1.0,none,data/VizWiz/Images/val/VizWiz_val_00004297.jpg
vizwiz_val_004299,VizWiz,What is this?,package,cigarette,0.832,0.9,none,data/VizWiz/Images/val/VizWiz_val_00004299.jpg
vizwiz_val_004300,VizWiz,Please tell me what this is?,unanswerable,receipt,0.695,,answerability,data/VizWiz/Images/val/VizWiz_val_00004300.jpg
vizwiz_val_004305,VizWiz,Can you tell me what this box says?,ultimate kitchen miracle,unanswerable,0.769,1.0,none,data/VizWiz/Images/val/VizWiz_val_00004305.jpg
vizwiz_val_004307,VizWiz,oven set to thanks?,422,unanswerable,0.655,0.9,none,data/VizWiz/Images/val/VizWiz_val_00004307.jpg
vizwiz_val_004308,VizWiz,and how big is it?,about 32 inches,small,0.622,0.9,none,data/VizWiz/Images/val/VizWiz_val_00004308.jpg
vizwiz_val_004311,VizWiz,What is this product?,malt liquor,alcohol,0.671,0.9,none,data/VizWiz/Images/val/VizWiz_val_00004311.jpg
vizwiz_val_004313,VizWiz,What is this in front of the camera?,computer,laptop,0.845,1.0,none,data/VizWiz/Images/val/VizWiz_val_00004313.jpg
vizwiz_val_004314,VizWiz,what is this?,salad dressing,ketchup,0.732,0.9,none,data/VizWiz/Images/val/VizWiz_val_00004314.jpg
vizwiz_val_004315,VizWiz,Is this modern?,unanswerable,yes,0.865,1.0,answerability,data/VizWiz/Images/val/VizWiz_val_00004315.jpg
