sample_id,dataset,question,gold_answer,model_prediction,scalar_confidence,self_reported_confidence,failure_family,image_path
vizwiz_val_000005,VizWiz,What the screen says? Thank you.,windows 7,windows home premium,0.936,0.95,none,data/VizWiz/Images/val/VizWiz_val_00000005.jpg
vizwiz_val_000009,VizWiz,Can you describe for me what's going on outside the window? Just curious.,nothing,unanswerable,0.844,0.9,none,data/VizWiz/Images/val/VizWiz_val_00000009.jpg
vizwiz_val_000015,VizWiz,"Which one of these items is the children's dictionary? Is it the one on the right, or the one on the",left,yes,0.981,0.95,none,data/VizWiz/Images/val/VizWiz_val_00000015.jpg
vizwiz_val_000016,VizWiz,What is this?,finger,unanswerable,0.988,0.95,none,data/VizWiz/Images/val/VizWiz_val_00000016.jpg
vizwiz_val_000018,VizWiz,What is the computer doing?,loading,booting up,0.850,0.85,none,data/VizWiz/Images/val/VizWiz_val_00000018.jpg
vizwiz_val_000019,VizWiz,What is the tag number?,unanswerable,pp41l,0.928,0.95,answerability,data/VizWiz/Images/val/VizWiz_val_00000019.jpg
vizwiz_val_000021,VizWiz,What is this color and pattern? There's some sort of pattern on my left chest there. Describe.,plain white uspa logo in gold,unanswerable,0.830,0.9,none,data/VizWiz/Images/val/VizWiz_val_00000021.jpg
vizwiz_val_000022,VizWiz,Can you tell what this is?,dropper bottle,unanswerable,0.810,0.7,none,data/VizWiz/Images/val/VizWiz_val_00000022.jpg
vizwiz_val_000025,VizWiz,I was wondering how ominous the sky is looking here at the northwest.,fairly but could be worse,very ominous,0.915,0.9,none,data/VizWiz/Images/val/VizWiz_val_00000025.jpg
vizwiz_val_000026,VizWiz,Can you tell me what these are please?,tablets,medication,0.823,0.9,none,data/VizWiz/Images/val/VizWiz_val_00000026.jpg
vizwiz_val_000028,VizWiz,Is this a woman?>,yes,unanswerable,0.998,0.95,none,data/VizWiz/Images/val/VizWiz_val_00000028.jpg
vizwiz_val_000029,VizWiz,What does it say?,quit,unanswerable,0.865,0.85,none,data/VizWiz/Images/val/VizWiz_val_00000029.jpg
vizwiz_val_000031,VizWiz,Can anyone tell me what's actually on the screen of the laptop?,recovery screen some kind,samsung recovery solution 4,0.882,0.95,none,data/VizWiz/Images/val/VizWiz_val_00000031.jpg
vizwiz_val_000034,VizWiz,How big do you think my TV is? Thank you.,32 inches,unanswerable,0.997,0.95,none,data/VizWiz/Images/val/VizWiz_val_00000034.jpg
vizwiz_val_000045,VizWiz,What is the expiration date on this bus pass?,jul 08 11,unanswerable,0.994,0.95,none,data/VizWiz/Images/val/VizWiz_val_00000045.jpg
vizwiz_val_000047,VizWiz,what is this we taking a picture of?,boobs,unanswerable,0.869,0.95,none,data/VizWiz/Images/val/VizWiz_val_00000047.jpg
vizwiz_val_000049,VizWiz,What kind of pop is this?,nestea,unanswerable,0.954,0.95,none,data/VizWiz/Images/val/VizWiz_val_00000049.jpg
vizwiz_val_000053,VizWiz,"Hello there, are you able to see what's on this LCD screen and if it's expecting any input from the ",yes,unanswerable,1.000,0.95,none,data/VizWiz/Images/val/VizWiz_val_00000053.jpg
vizwiz_val_000055,VizWiz,Where do you think I could get a power cord?,forest hill maryland,blazie engineering,0.948,0.85,none,data/VizWiz/Images/val/VizWiz_val_00000055.jpg
vizwiz_val_000059,VizWiz,What does the label say on this electronic component?,unanswerable,seagate,0.850,0.95,answerability,data/VizWiz/Images/val/VizWiz_val_00000059.jpg
vizwiz_val_000060,VizWiz,Please tell me the them of this book,clive cussler dirk cussler,unanswerable,0.883,0.9,none,data/VizWiz/Images/val/VizWiz_val_00000060.jpg
vizwiz_val_000061,VizWiz,What is this?,computer screen,email program,0.887,0.85,none,data/VizWiz/Images/val/VizWiz_val_00000061.jpg
vizwiz_val_000064,VizWiz,What is the person doing?,looking at computer,working,0.844,0.85,none,data/VizWiz/Images/val/VizWiz_val_00000064.jpg
vizwiz_val_000067,VizWiz,What's the website?,unanswerable,geeks on leash,0.993,0.9,answerability,data/VizWiz/Images/val/VizWiz_val_00000067.jpg
vizwiz_val_000068,VizWiz,What does the screen say?,windows please,unanswerable,0.985,0.95,none,data/VizWiz/Images/val/VizWiz_val_00000068.jpg
vizwiz_val_000072,VizWiz,what does the sky look like in this photograph,clear,blue with clouds,0.979,0.95,none,data/VizWiz/Images/val/VizWiz_val_00000072.jpg
vizwiz_val_000077,VizWiz,What's on my computer screen?,pop up window,unanswerable,0.998,0.95,none,data/VizWiz/Images/val/VizWiz_val_00000077.jpg
vizwiz_val_000078,VizWiz,"Can see what's on the screen, like is it a log in screen or anything like that? Thank you.",no,password reset wizard,0.997,0.95,none,data/VizWiz/Images/val/VizWiz_val_00000078.jpg
vizwiz_val_000079,VizWiz,What is this a medal for?,american cancer society,relay for life,0.930,0.95,none,data/VizWiz/Images/val/VizWiz_val_00000079.jpg
vizwiz_val_000081,VizWiz,"Please tell me the title of this book, thank you for your time.",unanswerable,cuss and dirk cuss,0.838,0.95,answerability,data/VizWiz/Images/val/VizWiz_val_00000081.jpg
vizwiz_val_000083,VizWiz,Which one of the three images is the Google logo?,unanswerable,top right,0.856,0.95,answerability,data/VizWiz/Images/val/VizWiz_val_00000083.jpg
vizwiz_val_000084,VizWiz,IS there a picture on this tv screen?,yes,unanswerable,0.926,0.95,none,data/VizWiz/Images/val/VizWiz_val_00000084.jpg
vizwiz_val_000085,VizWiz,please explain what is on this piece of paper,stress advertisement,eating right to manage stress,0.793,0.95,none,data/VizWiz/Images/val/VizWiz_val_00000085.jpg
vizwiz_val_000089,VizWiz,What does the screen say?,file,unanswerable,0.968,,none,data/VizWiz/Images/val/VizWiz_val_00000089.jpg
vizwiz_val_000090,VizWiz,Is the dialogue more visible in that picture?,no,unanswerable,0.988,0.95,none,data/VizWiz/Images/val/VizWiz_val_00000090.jpg
vizwiz_val_000091,VizWiz,What does the small label on this disc say?,prop quartics inc,prop of quartics inc,0.954,0.85,none,data/VizWiz/Images/val/VizWiz_val_00000091.jpg
vizwiz_val_000093,VizWiz,"Is this picture clear, and where are we now?",no,unanswerable,0.906,0.95,none,data/VizWiz/Images/val/VizWiz_val_00000093.jpg
vizwiz_val_000095,VizWiz,Can you see what's on the screen?,no,unanswerable,1.000,0.95,none,data/VizWiz/Images/val/VizWiz_val_00000095.jpg
vizwiz_val_000099,VizWiz,"Alright. If you could tell what the screen says, that would be helpful, thank you",iniciar el escaneo de,initiate channel scan,0.935,0.95,none,data/VizWiz/Images/val/VizWiz_val_00000099.jpg
vizwiz_val_000100,VizWiz,Can you see the dosage information? Thank you.,no,unanswerable,1.000,0.95,none,data/VizWiz/Images/val/VizWiz_val_00000100.jpg
vizwiz_val_000102,VizWiz,"this is a picture of a home i'm planning to buy, does it look like its in a safe neighborhood?",no,unanswerable,0.999,0.95,none,data/VizWiz/Images/val/VizWiz_val_00000102.jpg
vizwiz_val_000107,VizWiz,Please tell me the title of this book. Thank you for your time.,unanswerable,cuss and dirk cuss,0.887,0.95,answerability,data/VizWiz/Images/val/VizWiz_val_00000107.jpg
vizwiz_val_000108,VizWiz,What does this screen say?,expanding windows files,installing windows,0.843,0.95,none,data/VizWiz/Images/val/VizWiz_val_00000108.jpg
vizwiz_val_000112,VizWiz,Please describe this page. Thank you.,store ad,coupon page,0.924,0.95,none,data/VizWiz/Images/val/VizWiz_val_00000112.jpg
vizwiz_val_000113,VizWiz,What are the letters I need to enter in?,kej,unanswerable,0.885,0.95,none,data/VizWiz/Images/val/VizWiz_val_00000113.jpg
vizwiz_val_000114,VizWiz,Is it impossible for you to read the captcha image in this picture? Thanks.,no,unanswerable,1.000,0.95,none,data/VizWiz/Images/val/VizWiz_val_00000114.jpg
vizwiz_val_000115,VizWiz,What is this?,chest,skin rash,0.845,0.85,none,data/VizWiz/Images/val/VizWiz_val_00000115.jpg
vizwiz_val_000118,VizWiz,What does this say?,unanswerable,copyright 2004,0.907,0.95,answerability,data/VizWiz/Images/val/VizWiz_val_00000118.jpg
vizwiz_val_000122,VizWiz,What is this item?,mexican steak marinade,hot sauce,0.991,0.95,none,data/VizWiz/Images/val/VizWiz_val_00000122.jpg
vizwiz_val_000123,VizWiz,"Yeah, it should be fine, I'm just trying to post it online so someone can see all the inputs and con",yes,unanswerable,0.998,0.95,none,data/VizWiz/Images/val/VizWiz_val_00000123.jpg
vizwiz_val_000130,VizWiz,"Can you see a bottle in this picture? And if so, what is it?",no,unanswerable,1.000,0.95,none,data/VizWiz/Images/val/VizWiz_val_00000130.jpg
vizwiz_val_000133,VizWiz,Can you tell us what this screen says? Thanks.,next,unanswerable,1.000,0.95,none,data/VizWiz/Images/val/VizWiz_val_00000133.jpg
vizwiz_val_000134,VizWiz,What is this?,computer screen,laptop screen,0.765,0.9,none,data/VizWiz/Images/val/VizWiz_val_00000134.jpg
vizwiz_val_000137,VizWiz,What is on this piece of paper?  Thank you.,sales ad,advertising flyer,0.577,0.95,none,data/VizWiz/Images/val/VizWiz_val_00000137.jpg
vizwiz_val_000138,VizWiz,What does this say?What does this say?,medicare inquiry center,business reply mail,0.907,0.95,none,data/VizWiz/Images/val/VizWiz_val_00000138.jpg
vizwiz_val_000140,VizWiz,Can you please describe to me what's on the page and its orientation? Thank you,sideways car sales ad,advertisements,0.835,0.95,none,data/VizWiz/Images/val/VizWiz_val_00000140.jpg
vizwiz_val_000141,VizWiz,What's in this jar please?,unanswerable,semolina,0.877,0.9,answerability,data/VizWiz/Images/val/VizWiz_val_00000141.jpg
vizwiz_val_000144,VizWiz,What does this say?  Thank you.,your computer at risk,your computer is at risk,0.885,0.95,none,data/VizWiz/Images/val/VizWiz_val_00000144.jpg
vizwiz_val_000147,VizWiz,Can you tell what's on this paper?,no,unanswerable,1.000,0.95,none,data/VizWiz/Images/val/VizWiz_val_00000147.jpg
vizwiz_val_000149,VizWiz,What is this?,bar code,laptop screen,0.663,0.85,none,data/VizWiz/Images/val/VizWiz_val_00000149.jpg
vizwiz_val_000150,VizWiz,Can you please tell me what the computer screen says?  Thank you.,unanswerable,set network location,0.995,0.95,answerability,data/VizWiz/Images/val/VizWiz_val_00000150.jpg
vizwiz_val_000154,VizWiz,What does this coupon say on it?,buy 1 pizza at menu price receive 1 pizza equal lesser value free expires 12 31 11,buy one pizza at menu price & receive one pizza of equal or lesser value free,0.874,0.95,none,data/VizWiz/Images/val/VizWiz_val_00000154.jpg
vizwiz_val_000157,VizWiz,"Yes, can you please tell me what this screen says? I seem to have an error booting up my computer.",american megatrends,temperature error,0.770,0.95,none,data/VizWiz/Images/val/VizWiz_val_00000157.jpg
vizwiz_val_000159,VizWiz,Help me with this capture.,casithwo,unanswerable,0.968,0.95,none,data/VizWiz/Images/val/VizWiz_val_00000159.jpg
vizwiz_val_000160,VizWiz,Can you give me an idea of what's on the screen? Thank you.,links to sites,computer screen,0.807,0.95,none,data/VizWiz/Images/val/VizWiz_val_00000160.jpg
vizwiz_val_000162,VizWiz,What does this say?,scan was completed,chkdsk verifying files,0.910,0.95,none,data/VizWiz/Images/val/VizWiz_val_00000162.jpg
vizwiz_val_000163,VizWiz,What is that word?,entsursa,unanswerable,1.000,0.95,none,data/VizWiz/Images/val/VizWiz_val_00000163.jpg
vizwiz_val_000165,VizWiz,What does the top of this pamphlet say?,college area breadth requirement,college (arts) requirements,0.813,0.95,none,data/VizWiz/Images/val/VizWiz_val_00000165.jpg
vizwiz_val_000166,VizWiz,What does this say?,unanswerable,azithromycin 250 mg,0.933,0.95,answerability,data/VizWiz/Images/val/VizWiz_val_00000166.jpg
vizwiz_val_000170,VizWiz,What color is this skirt?,blue,unanswerable,0.995,1.0,none,data/VizWiz/Images/val/VizWiz_val_00000170.jpg
vizwiz_val_000171,VizWiz,What is the TV channel?,unanswerable,news 8,0.975,0.95,answerability,data/VizWiz/Images/val/VizWiz_val_00000171.jpg
vizwiz_val_000172,VizWiz,What's on this channel?,sports game,maple leafs @ rangers,0.999,0.95,none,data/VizWiz/Images/val/VizWiz_val_00000172.jpg
vizwiz_val_000173,VizWiz,clouds in the sky look like,white,gray,0.505,0.9,none,data/VizWiz/Images/val/VizWiz_val_00000173.jpg
vizwiz_val_000174,VizWiz,What does the screen say?,lenovo pop up unreadable,unanswerable,0.961,0.85,none,data/VizWiz/Images/val/VizWiz_val_00000174.jpg
vizwiz_val_000175,VizWiz,What does the text on this say?,asking for personal information on form,unanswerable,0.973,0.95,none,data/VizWiz/Images/val/VizWiz_val_00000175.jpg
vizwiz_val_000176,VizWiz,What's going on on the computer screen?,just blue green screen,unanswerable,0.871,0.7,none,data/VizWiz/Images/val/VizWiz_val_00000176.jpg
vizwiz_val_000178,VizWiz,What does this cartoon look like? Thank you.,black white 2 men facing each other,unanswerable,0.963,0.95,none,data/VizWiz/Images/val/VizWiz_val_00000178.jpg
vizwiz_val_000183,VizWiz,Is there text or any identifying identification on this side of the card?,no,unanswerable,1.000,0.95,none,data/VizWiz/Images/val/VizWiz_val_00000183.jpg
vizwiz_val_000184,VizWiz,Is it more in focus now?,no,unanswerable,0.841,0.95,none,data/VizWiz/Images/val/VizWiz_val_00000184.jpg
vizwiz_val_000186,VizWiz,What is this CD?,technet subscription,windows server 2008 r2,0.968,0.95,none,data/VizWiz/Images/val/VizWiz_val_00000186.jpg
vizwiz_val_000188,VizWiz,"Tell me about this creme, what is showing, what is visible, doesn't really matter if you can't read ",unanswerable,blue screen,0.922,0.95,answerability,data/VizWiz/Images/val/VizWiz_val_00000188.jpg
vizwiz_val_000193,VizWiz,"Can you please tell me what's on this page, and it's orientation? Thank you.",beckham,newspaper article,0.977,0.85,none,data/VizWiz/Images/val/VizWiz_val_00000193.jpg
vizwiz_val_000196,VizWiz,What is this a picture of?,woman,person,0.704,0.85,none,data/VizWiz/Images/val/VizWiz_val_00000196.jpg
vizwiz_val_000197,VizWiz,Can you please tell me the 1-800 number on this card?,1 877 328 9677,1-800-735-2929,1.000,0.95,none,data/VizWiz/Images/val/VizWiz_val_00000197.jpg
vizwiz_val_000201,VizWiz,Can you read this seven day forecast and write it out in the app so I can use voice over to read it?,yes,unanswerable,1.000,0.95,none,data/VizWiz/Images/val/VizWiz_val_00000201.jpg
vizwiz_val_000216,VizWiz,Ok.  This is a picture with a different angle.  Do you see another an id number now with the RT syst,no,unanswerable,1.000,0.95,none,data/VizWiz/Images/val/VizWiz_val_00000216.jpg
vizwiz_val_000221,VizWiz,"Hi, what do you see in the screen?",file storage sizes,download page,0.857,0.95,none,data/VizWiz/Images/val/VizWiz_val_00000221.jpg
vizwiz_val_000222,VizWiz,Can you please tell me the percentage or progress of the Windows 7 installation?,unanswerable,48%,1.000,0.95,answerability,data/VizWiz/Images/val/VizWiz_val_00000222.jpg
vizwiz_val_000225,VizWiz,What is on the screen?,disk icon,mac os x installer,0.880,0.95,none,data/VizWiz/Images/val/VizWiz_val_00000225.jpg
vizwiz_val_000229,VizWiz,Please tell me about this calendar?,october,unanswerable,0.888,0.85,none,data/VizWiz/Images/val/VizWiz_val_00000229.jpg
vizwiz_val_000231,VizWiz,Just curious to see whether you could read what was on the computer screen. Just testing this applic,no,google australia,0.988,0.95,none,data/VizWiz/Images/val/VizWiz_val_00000231.jpg
vizwiz_val_000232,VizWiz,Is it possible then that we have a blank screen? If so this may mean that something is happening.,no,unanswerable,0.949,0.95,none,data/VizWiz/Images/val/VizWiz_val_00000232.jpg
vizwiz_val_000233,VizWiz,What is playing on this channel?,unanswerable,house crashers,0.875,0.85,answerability,data/VizWiz/Images/val/VizWiz_val_00000233.jpg
vizwiz_val_000234,VizWiz,Can you tell us what the screen says?,windows 7 home premium dell,windows 7 setup,0.778,0.95,none,data/VizWiz/Images/val/VizWiz_val_00000234.jpg
vizwiz_val_000236,VizWiz,Is there any change to the monitor?,need to click restart for driver to be installed,unanswerable,0.975,0.95,none,data/VizWiz/Images/val/VizWiz_val_00000236.jpg
vizwiz_val_000238,VizWiz,Is this?,socks,unanswerable,0.941,0.95,none,data/VizWiz/Images/val/VizWiz_val_00000238.jpg
vizwiz_val_000239,VizWiz,is this?,computer,keyboard,0.997,0.95,none,data/VizWiz/Images/val/VizWiz_val_00000239.jpg
vizwiz_val_000240,VizWiz,Can you please tell me what's on screen? Thank you.,reboot disk check screen,unanswerable,0.965,0.9,none,data/VizWiz/Images/val/VizWiz_val_00000240.jpg
vizwiz_val_000241,VizWiz,Please tell me what the title of this book is? Thank you for your time.,clive cussler dirk cussler,fatal justice,0.545,0.95,none,data/VizWiz/Images/val/VizWiz_val_00000241.jpg
vizwiz_val_000242,VizWiz,Computer screen showing?,yes,computer screen,0.653,0.9,none,data/VizWiz/Images/val/VizWiz_val_00000242.jpg
vizwiz_val_000244,VizWiz,Which one of the three images is the Google logo?,unanswerable,top right,0.871,0.95,answerability,data/VizWiz/Images/val/VizWiz_val_00000244.jpg
vizwiz_val_000246,VizWiz,What does this message say?,unanswerable,no sim card installed,0.928,0.95,answerability,data/VizWiz/Images/val/VizWiz_val_00000246.jpg
vizwiz_val_000251,VizWiz,What is that please.,unanswerable,toothpaste,0.999,0.9,answerability,data/VizWiz/Images/val/VizWiz_val_00000251.jpg
vizwiz_val_000253,VizWiz,"I'm trying again, I moved the camera. Can you tell me who this piece of mail is from? Thank you.",unanswerable,clark p,0.754,0.7,answerability,data/VizWiz/Images/val/VizWiz_val_00000253.jpg
vizwiz_val_000258,VizWiz,"OK, lets try this again and see if this works. Do you see any kind of an ID number here that would t",yes,your id 2815275,0.940,0.95,none,data/VizWiz/Images/val/VizWiz_val_00000258.jpg
vizwiz_val_000259,VizWiz,What does this say?,if application doesnt respond for while select name click force quit,force quit applications,0.835,0.95,none,data/VizWiz/Images/val/VizWiz_val_00000259.jpg
vizwiz_val_000262,VizWiz,"Can you tell me the 1-800 number off this card, and are you able to hear this question?",1 877 328 9677,1-800-735-2929,0.983,0.95,none,data/VizWiz/Images/val/VizWiz_val_00000262.jpg
vizwiz_val_000265,VizWiz,What color has the light?,red,unanswerable,1.000,0.95,none,data/VizWiz/Images/val/VizWiz_val_00000265.jpg
vizwiz_val_000267,VizWiz,What is this item?,box,book,0.583,0.9,none,data/VizWiz/Images/val/VizWiz_val_00000267.jpg
vizwiz_val_000270,VizWiz,Please tell me the name of this book?,clive cussler dirk cussler,unanswerable,0.739,0.95,none,data/VizWiz/Images/val/VizWiz_val_00000270.jpg
vizwiz_val_000272,VizWiz,"Can you please tell me what's on the screen? And if there's anything I need to interact with, which ",windows 7 homechoose country time currency keyboard layout,windows 7 setup screen,0.952,0.95,none,data/VizWiz/Images/val/VizWiz_val_00000272.jpg
vizwiz_val_000273,VizWiz,What is this?,tablet,iphone 4 box,0.772,0.95,none,data/VizWiz/Images/val/VizWiz_val_00000273.jpg
vizwiz_val_000274,VizWiz,What kind of piano appears in the image I am sending?,baby grand,elephant,0.812,0.95,none,data/VizWiz/Images/val/VizWiz_val_00000274.jpg
vizwiz_val_000275,VizWiz,I have two questions for you. What is the name of this game and what platform can you play it on?,mlb show ps3,mlb 10 show,0.943,0.95,none,data/VizWiz/Images/val/VizWiz_val_00000275.jpg
vizwiz_val_000277,VizWiz,Can you tell me what the computer screen is saying? Windows is not booting.,starting repairs,startup repair,0.894,0.9,none,data/VizWiz/Images/val/VizWiz_val_00000277.jpg
vizwiz_val_000282,VizWiz,What is this?,barcode,unanswerable,1.000,0.95,none,data/VizWiz/Images/val/VizWiz_val_00000282.jpg
vizwiz_val_000284,VizWiz,"The computer is now on, is Windows coming up",no,unanswerable,0.888,0.95,none,data/VizWiz/Images/val/VizWiz_val_00000284.jpg
vizwiz_val_000291,VizWiz,"Looking for properties to rent in my area, what is the condition of the house shown in the image?",bad,unanswerable,0.919,0.95,none,data/VizWiz/Images/val/VizWiz_val_00000291.jpg
vizwiz_val_000295,VizWiz,Don't know what the screen says.,web photos,unanswerable,0.990,0.95,none,data/VizWiz/Images/val/VizWiz_val_00000295.jpg
vizwiz_val_000296,VizWiz,What does this screen look like?,paper cup,unanswerable,0.998,0.95,none,data/VizWiz/Images/val/VizWiz_val_00000296.jpg
vizwiz_val_000298,VizWiz,Can you see a bottle in this picture and if so what is it?,no,unanswerable,1.000,0.95,none,data/VizWiz/Images/val/VizWiz_val_00000298.jpg
vizwiz_val_000300,VizWiz,"Please can you tell me what this writing says on the picture that I've taken a photo of, thank you?",beat burglar,basic tips,0.818,0.95,none,data/VizWiz/Images/val/VizWiz_val_00000300.jpg
vizwiz_val_000304,VizWiz,What action is currently selected?,unanswerable,devices,0.885,0.7,answerability,data/VizWiz/Images/val/VizWiz_val_00000304.jpg
vizwiz_val_000306,VizWiz,Please tell what the title of this book is. Thank you for your time.,clive cussler,fatal justice,0.546,0.95,none,data/VizWiz/Images/val/VizWiz_val_00000306.jpg
vizwiz_val_000308,VizWiz,Can you please tell me in detail what's on this computer screen? Thank you very much.,unanswerable,startup repair screen,0.964,0.95,answerability,data/VizWiz/Images/val/VizWiz_val_00000308.jpg
vizwiz_val_000310,VizWiz,Can you please tell me the ETA or progress that Scan Disk has completed so far? Thank you very much.,stage 4 5,stage 5 of 5,0.910,0.95,none,data/VizWiz/Images/val/VizWiz_val_00000310.jpg
vizwiz_val_000312,VizWiz,Has that brought those buttons into focus? I'm thinking that one of them might be a skip button.,yes,unanswerable,0.996,0.95,none,data/VizWiz/Images/val/VizWiz_val_00000312.jpg
vizwiz_val_000316,VizWiz,can you tell me what this is a picture of?,computer screen,unanswerable,0.997,0.95,none,data/VizWiz/Images/val/VizWiz_val_00000316.jpg
vizwiz_val_000317,VizWiz,I'm sorry I'm in the hospital and I'm trying to get this set up so that I can use it for accessibili,no items match your search,windows search results,0.783,0.95,none,data/VizWiz/Images/val/VizWiz_val_00000317.jpg
vizwiz_val_000319,VizWiz,There should be a skin of a document on the screen. Can you please tell me if that's true or not? Th,yes,unanswerable,0.980,0.95,none,data/VizWiz/Images/val/VizWiz_val_00000319.jpg
vizwiz_val_000325,VizWiz,Can you tell me what this warning is?,changes,java auto updater,0.951,0.95,none,data/VizWiz/Images/val/VizWiz_val_00000325.jpg
vizwiz_val_000326,VizWiz,just curious to see whether you could read what was on the computer screen just testing this applica,no,google australia,0.998,0.95,none,data/VizWiz/Images/val/VizWiz_val_00000326.jpg
vizwiz_val_000328,VizWiz,What is written on the screen?,free memo state phantom,unanswerable,0.999,0.95,none,data/VizWiz/Images/val/VizWiz_val_00000328.jpg
vizwiz_val_000329,VizWiz,Can you tell us what this text says? Thank you.,set password for your account,set up windows password,0.802,0.95,none,data/VizWiz/Images/val/VizWiz_val_00000329.jpg
vizwiz_val_000331,VizWiz,What is on the screen?,unanswerable,text,0.665,0.85,answerability,data/VizWiz/Images/val/VizWiz_val_00000331.jpg
vizwiz_val_000332,VizWiz,I'm trying again.  I moved the camera.  Can you tell me where this piece of mail is from?  Thank you,unanswerable,"vancouver, wa",0.863,0.7,answerability,data/VizWiz/Images/val/VizWiz_val_00000332.jpg
vizwiz_val_000333,VizWiz,Does my computer screen need cleaning?,yes,unanswerable,0.984,0.95,none,data/VizWiz/Images/val/VizWiz_val_00000333.jpg
vizwiz_val_000335,VizWiz,What is the computer screen showing?,blank screen,blue screen,0.836,0.85,none,data/VizWiz/Images/val/VizWiz_val_00000335.jpg
vizwiz_val_000336,VizWiz,Can you please tell me what the computer screen says?,your computer will restart several times during,unanswerable,1.000,0.85,none,data/VizWiz/Images/val/VizWiz_val_00000336.jpg
vizwiz_val_000338,VizWiz,Can you read everything on my TV screen?,no,unanswerable,0.998,0.95,none,data/VizWiz/Images/val/VizWiz_val_00000338.jpg
vizwiz_val_000342,VizWiz,Can you please describe this picture to me? Thank you.,cartoon,comic strip,0.946,0.85,none,data/VizWiz/Images/val/VizWiz_val_00000342.jpg
vizwiz_val_000343,VizWiz,What is on this page?,numbers,financial statement,0.770,0.85,none,data/VizWiz/Images/val/VizWiz_val_00000343.jpg
vizwiz_val_000346,VizWiz,What does that say?,unanswerable,coordin,0.930,0.7,answerability,data/VizWiz/Images/val/VizWiz_val_00000346.jpg
vizwiz_val_000349,VizWiz,Can you read the screen? Thank you.,no,yes,0.826,0.95,none,data/VizWiz/Images/val/VizWiz_val_00000349.jpg
vizwiz_val_000350,VizWiz,"There are four sets of five numbers on this ticket, can you read them for me?",yes,01 03 04 13 29,0.944,0.95,none,data/VizWiz/Images/val/VizWiz_val_00000350.jpg
vizwiz_val_000352,VizWiz,Hi there are 4 sets of 5 numbers on this ticket could you read them for me? Thanks.,yes,unanswerable,0.935,0.95,none,data/VizWiz/Images/val/VizWiz_val_00000352.jpg
vizwiz_val_000354,VizWiz,On the left.,unanswerable,girl,0.844,0.9,answerability,data/VizWiz/Images/val/VizWiz_val_00000354.jpg
vizwiz_val_000358,VizWiz,"Can you tell by looking at this, at the label, what it is, I think it's a piece, a dvd in the mail.",yes,unanswerable,0.903,0.85,none,data/VizWiz/Images/val/VizWiz_val_00000358.jpg
vizwiz_val_000359,VizWiz,can you tell what restaurant this is?,no,porterhouse,0.984,0.85,none,data/VizWiz/Images/val/VizWiz_val_00000359.jpg
vizwiz_val_000361,VizWiz,What is the name of this book?  Thank you.,unanswerable,tatooine,0.600,0.95,answerability,data/VizWiz/Images/val/VizWiz_val_00000361.jpg
vizwiz_val_000365,VizWiz,What does it say underneath windows cannot repair this system automatically? It says start something,unanswerable,startup repair,1.000,0.95,answerability,data/VizWiz/Images/val/VizWiz_val_00000365.jpg
vizwiz_val_000366,VizWiz,What CD is this?,iphone ipad programming,iphone and ipad programming: hands-on,0.905,0.95,none,data/VizWiz/Images/val/VizWiz_val_00000366.jpg
vizwiz_val_000370,VizWiz,Could you tell me if I need to hit enter or can you actually tell if I need to do something else?,yes accept terms,unanswerable,0.958,0.95,none,data/VizWiz/Images/val/VizWiz_val_00000370.jpg
vizwiz_val_000371,VizWiz,What is this and what color is it?,teddy bear brown,brown teddy bear,0.961,0.95,none,data/VizWiz/Images/val/VizWiz_val_00000371.jpg
vizwiz_val_000375,VizWiz,In this photo here is it showing me or the back facing camera? If its showing the back of the camera,back facing,unanswerable,0.999,0.95,none,data/VizWiz/Images/val/VizWiz_val_00000375.jpg
vizwiz_val_000377,VizWiz,What text is on the screen?,system ntfs something needs to be checked for consistency something recommended,unanswerable,0.965,0.85,none,data/VizWiz/Images/val/VizWiz_val_00000377.jpg
vizwiz_val_000378,VizWiz,Is it box?,no,unanswerable,0.925,0.95,none,data/VizWiz/Images/val/VizWiz_val_00000378.jpg
vizwiz_val_000380,VizWiz,What is this? What is this?,television,tv,0.897,0.95,none,data/VizWiz/Images/val/VizWiz_val_00000380.jpg
vizwiz_val_000382,VizWiz,My computer won't talk. Can you tell me what's on the screen?,restore your computer using system restore,system restore confirmation,0.980,0.95,none,data/VizWiz/Images/val/VizWiz_val_00000382.jpg
vizwiz_val_000383,VizWiz,Well if this has a product name on it that I need to look up on the internet something no this so I ,05n5801 veritas set up blocks,veritas set-up blocks,1.000,0.95,none,data/VizWiz/Images/val/VizWiz_val_00000383.jpg
vizwiz_val_000384,VizWiz,What's on the screen?,reboot screen,windows startup menu,0.923,0.95,none,data/VizWiz/Images/val/VizWiz_val_00000384.jpg
vizwiz_val_000385,VizWiz,Can you tell me whose name tag this it? Thank you.,no,unanswerable,1.000,1.0,none,data/VizWiz/Images/val/VizWiz_val_00000385.jpg
vizwiz_val_000388,VizWiz,What does this say?,unanswerable,what time zone are you in?,0.951,0.95,answerability,data/VizWiz/Images/val/VizWiz_val_00000388.jpg
vizwiz_val_000389,VizWiz,What was that?,emergency alert system,severe thunderstorm warning,0.995,0.95,none,data/VizWiz/Images/val/VizWiz_val_00000389.jpg
vizwiz_val_000397,VizWiz,What's on the screen?,pop up window,startup repair,0.972,0.95,none,data/VizWiz/Images/val/VizWiz_val_00000397.jpg
vizwiz_val_000398,VizWiz,What's on the screen,please visit: wwwhpcom go techcenter,hp tech center,0.941,0.95,none,data/VizWiz/Images/val/VizWiz_val_00000398.jpg
vizwiz_val_000403,VizWiz,"Please, I need to know what is this screen.  What is written in this screen?  Thank you.",repair message in spanish,windows startup repair screen,0.701,0.95,none,data/VizWiz/Images/val/VizWiz_val_00000403.jpg
vizwiz_val_000404,VizWiz,What is the screen saying?,do you want to restore your computer,startup repair screen,0.859,0.95,none,data/VizWiz/Images/val/VizWiz_val_00000404.jpg
vizwiz_val_000405,VizWiz,Whats on my screen? Come on you guys! Whats on the screen?,please select boot device,boot menu,0.821,0.95,none,data/VizWiz/Images/val/VizWiz_val_00000405.jpg
vizwiz_val_000407,VizWiz,Why is this computer not booting up?,jaws not responding,unanswerable,0.991,0.95,none,data/VizWiz/Images/val/VizWiz_val_00000407.jpg
vizwiz_val_000409,VizWiz,"Ok, I can't tell what screen this is on at all. And, it won't do anything.",jaws for windows,jaws error screen,0.808,0.95,none,data/VizWiz/Images/val/VizWiz_val_00000409.jpg
vizwiz_val_000410,VizWiz,"I pushed the finish button, or at least pressed enter, but nothing seems to be happening.  What does",press enter again to close this pop up,unanswerable,0.999,0.95,none,data/VizWiz/Images/val/VizWiz_val_00000410.jpg
vizwiz_val_000411,VizWiz,Can you tell me what this message says on my computer screen?,no,startup repair,0.964,0.9,none,data/VizWiz/Images/val/VizWiz_val_00000411.jpg
vizwiz_val_000413,VizWiz,Is this shot better? Can you read what's on the screen and the options for me now? Thank you.,yes,unanswerable,0.943,0.95,none,data/VizWiz/Images/val/VizWiz_val_00000413.jpg
vizwiz_val_000414,VizWiz,What's on the screen?,unanswerable,text,0.933,0.95,answerability,data/VizWiz/Images/val/VizWiz_val_00000414.jpg
vizwiz_val_000416,VizWiz,Can you tell what this visual challenge is on the computer please?  Thank you.,no,web page,0.672,0.9,none,data/VizWiz/Images/val/VizWiz_val_00000416.jpg
vizwiz_val_000417,VizWiz,What am I really seeing here?,television,tv room,0.947,0.95,none,data/VizWiz/Images/val/VizWiz_val_00000417.jpg
vizwiz_val_000418,VizWiz,What is this magazine?,2012 eoc,2012 evidence of coverage,0.875,0.95,none,data/VizWiz/Images/val/VizWiz_val_00000418.jpg
vizwiz_val_000419,VizWiz,What is displayed on the computer screen?,start up window,startup repair,0.997,0.95,none,data/VizWiz/Images/val/VizWiz_val_00000419.jpg
vizwiz_val_000423,VizWiz,What is this a gift card for?,unanswerable,tim hortons,1.000,0.95,answerability,data/VizWiz/Images/val/VizWiz_val_00000423.jpg
vizwiz_val_000425,VizWiz,What's on the screen?,file folders,unanswerable,0.902,0.9,none,data/VizWiz/Images/val/VizWiz_val_00000425.jpg
vizwiz_val_000426,VizWiz,What does it say on the screen?,unanswerable,welcome to recovery manager,0.924,0.95,answerability,data/VizWiz/Images/val/VizWiz_val_00000426.jpg
vizwiz_val_000427,VizWiz,What's on the screen?,installing windows,windows installation,0.800,0.95,none,data/VizWiz/Images/val/VizWiz_val_00000427.jpg
vizwiz_val_000430,VizWiz,What is the 5-digit code?,unanswerable,46395,0.968,0.95,answerability,data/VizWiz/Images/val/VizWiz_val_00000430.jpg
vizwiz_val_000432,VizWiz,Is Windows up on the computer? Am I at the desktop?,yes,unanswerable,0.858,0.7,none,data/VizWiz/Images/val/VizWiz_val_00000432.jpg
vizwiz_val_000434,VizWiz,What is displayed on my screen?,text,windows boot manager,0.997,0.95,none,data/VizWiz/Images/val/VizWiz_val_00000434.jpg
vizwiz_val_000435,VizWiz,Can you tell me what the screen is saying?,no,unanswerable,0.999,0.75,none,data/VizWiz/Images/val/VizWiz_val_00000435.jpg
vizwiz_val_000439,VizWiz,What is on the screen?,unanswerable,windows 7 license terms,0.860,0.95,answerability,data/VizWiz/Images/val/VizWiz_val_00000439.jpg
vizwiz_val_000444,VizWiz,"Is this a receipt? If not, generally what is this piece of paper?",no,unanswerable,0.988,0.85,none,data/VizWiz/Images/val/VizWiz_val_00000444.jpg
vizwiz_val_000445,VizWiz,"Can you see if there's a year and date, and the team that Ricky Henderson is on, on the back of this",no,unanswerable,0.996,0.9,none,data/VizWiz/Images/val/VizWiz_val_00000445.jpg
vizwiz_val_000449,VizWiz,"Yes, I need a summary of the information that is on the screen as text of a website.  Thank you.",printing digital imaging bindery finishing data processing mailing lists mailing production,unanswerable,0.998,0.9,none,data/VizWiz/Images/val/VizWiz_val_00000449.jpg
vizwiz_val_000451,VizWiz,tell me about color.,red blue grey silver black white purple,"red, white, black",0.938,0.95,none,data/VizWiz/Images/val/VizWiz_val_00000451.jpg
vizwiz_val_000452,VizWiz,What are the words on the piece of paper?,ransom down dark hall stranger my face by lois duncan,ransom down dark hall stranger with my face by lois duncan,0.964,0.95,none,data/VizWiz/Images/val/VizWiz_val_00000452.jpg
vizwiz_val_000453,VizWiz,What do you see on my computer screen?,other media restart,other media. restart,0.934,0.95,none,data/VizWiz/Images/val/VizWiz_val_00000453.jpg
vizwiz_val_000454,VizWiz,What is my computer screen showing?,unanswerable,safe mode,0.984,0.95,answerability,data/VizWiz/Images/val/VizWiz_val_00000454.jpg
vizwiz_val_000455,VizWiz,What is this thing?,computer screen,startup repair,0.712,0.95,none,data/VizWiz/Images/val/VizWiz_val_00000455.jpg
vizwiz_val_000460,VizWiz,please let me know what's on my screen right now.,unanswerable image,windows 7 setup,0.935,0.95,none,data/VizWiz/Images/val/VizWiz_val_00000460.jpg
vizwiz_val_000461,VizWiz,What is the model number?,unanswerable,397411-b21,0.993,0.95,answerability,data/VizWiz/Images/val/VizWiz_val_00000461.jpg
vizwiz_val_000462,VizWiz,What options are on my screen?,unanswerable,vaio recovery center,0.992,0.9,answerability,data/VizWiz/Images/val/VizWiz_val_00000462.jpg
vizwiz_val_000466,VizWiz,What does it say on the screen?,next cancel,latitude e6420,0.997,0.95,none,data/VizWiz/Images/val/VizWiz_val_00000466.jpg
vizwiz_val_000468,VizWiz,What is on my computer screen?,words,error message,0.988,0.95,none,data/VizWiz/Images/val/VizWiz_val_00000468.jpg
vizwiz_val_000472,VizWiz,What is that a picture of?,computer,laptop wine glass,0.883,0.95,none,data/VizWiz/Images/val/VizWiz_val_00000472.jpg
vizwiz_val_000473,VizWiz,What does the computer screen say?,desktop,unanswerable,1.000,0.95,none,data/VizWiz/Images/val/VizWiz_val_00000473.jpg
vizwiz_val_000475,VizWiz,What does it say in the shaded area?,unanswerable,dell,0.902,1.0,answerability,data/VizWiz/Images/val/VizWiz_val_00000475.jpg
vizwiz_val_000476,VizWiz,Can you tell what this dialogue box says?,no,startup repair,0.983,0.95,none,data/VizWiz/Images/val/VizWiz_val_00000476.jpg
vizwiz_val_000477,VizWiz,What is this?,computer screen,pdf document,0.866,0.95,none,data/VizWiz/Images/val/VizWiz_val_00000477.jpg
vizwiz_val_000478,VizWiz,What's on this card?,05 18,unanswerable,0.967,0.7,none,data/VizWiz/Images/val/VizWiz_val_00000478.jpg
vizwiz_val_000479,VizWiz,What answers do I type in to win the prize,xqb,unanswerable,0.975,0.95,none,data/VizWiz/Images/val/VizWiz_val_00000479.jpg
vizwiz_val_000480,VizWiz,What's being displayed on my screen?,unanswerable,windows boot manager,0.957,0.95,answerability,data/VizWiz/Images/val/VizWiz_val_00000480.jpg
vizwiz_val_000487,VizWiz,What's on this screen?,blank screen,unanswerable,0.999,0.95,none,data/VizWiz/Images/val/VizWiz_val_00000487.jpg
vizwiz_val_000488,VizWiz,What is this and does it have a name on it?,dell charger,"power adapter, dell",0.944,0.95,none,data/VizWiz/Images/val/VizWiz_val_00000488.jpg
vizwiz_val_000489,VizWiz,Is there some sort of error message on the screen? Thanks!,yes,unanswerable,0.960,0.95,none,data/VizWiz/Images/val/VizWiz_val_00000489.jpg
vizwiz_val_000492,VizWiz,What is this computer doing?,checking system,checking disk,0.982,0.9,none,data/VizWiz/Images/val/VizWiz_val_00000492.jpg
vizwiz_val_000494,VizWiz,What does this dialog box say?,unanswerable,do you want to restore your computer using system restore?,0.992,0.9,answerability,data/VizWiz/Images/val/VizWiz_val_00000494.jpg
vizwiz_val_000496,VizWiz,What's this?,computer screen,laptop,0.841,0.85,none,data/VizWiz/Images/val/VizWiz_val_00000496.jpg
vizwiz_val_000497,VizWiz,Please read the counter.,unanswerable,00011420,0.978,0.95,answerability,data/VizWiz/Images/val/VizWiz_val_00000497.jpg
vizwiz_val_000498,VizWiz,What does this screen say on the laptop?,unanswerable,startup repair,1.000,0.95,answerability,data/VizWiz/Images/val/VizWiz_val_00000498.jpg
vizwiz_val_000499,VizWiz,"Hi, can you tell me what this captcha says on the screen? I just tried one and I think it timed out,",aktir,aktr,0.891,0.95,none,data/VizWiz/Images/val/VizWiz_val_00000499.jpg
vizwiz_val_000504,VizWiz,What does this dialogue box say and what's highlighted?,windows cannot repair computer automatically,windows cannot repair this computer automatically. don't send,0.977,0.95,none,data/VizWiz/Images/val/VizWiz_val_00000504.jpg
vizwiz_val_000505,VizWiz,ARE YOU ABLE TO SEE THE SELECTED OPTIONS I HAVE? DO YOU SEE WHERE IT SAYS HIGHLIGHTED?,no,unanswerable,0.995,0.95,none,data/VizWiz/Images/val/VizWiz_val_00000505.jpg
vizwiz_val_000506,VizWiz,What is this item?,box spray,sprayza,0.868,0.9,none,data/VizWiz/Images/val/VizWiz_val_00000506.jpg
vizwiz_val_000510,VizWiz,What is this?,computer on desk,computer desk,0.992,0.95,none,data/VizWiz/Images/val/VizWiz_val_00000510.jpg
vizwiz_val_000511,VizWiz,What's on the screen?,do you want to restore your computer using system restore,startup repair,0.946,0.95,none,data/VizWiz/Images/val/VizWiz_val_00000511.jpg
vizwiz_val_000513,VizWiz,Is the ipad on the left or the right?,left,unanswerable,0.853,0.9,none,data/VizWiz/Images/val/VizWiz_val_00000513.jpg
vizwiz_val_000517,VizWiz,Is there an error message on the screen? And is there an action item or action that needs to be take,yes startup repair,"yes, no",0.979,0.95,none,data/VizWiz/Images/val/VizWiz_val_00000517.jpg
vizwiz_val_000524,VizWiz,What does this say?,unanswerable,ingredients,0.945,0.9,answerability,data/VizWiz/Images/val/VizWiz_val_00000524.jpg
vizwiz_val_000527,VizWiz,What's highlighted in this dialog box?,unanswerable,repair,0.669,0.9,answerability,data/VizWiz/Images/val/VizWiz_val_00000527.jpg
vizwiz_val_000528,VizWiz,Can you see actually the whole screen now and did it actually change when I hit enter?,no,unanswerable,1.000,0.95,none,data/VizWiz/Images/val/VizWiz_val_00000528.jpg
vizwiz_val_000530,VizWiz,What does the text in that white box say?,random confirmation code 94f,your random confirmation code is: 94f,0.981,0.95,none,data/VizWiz/Images/val/VizWiz_val_00000530.jpg
vizwiz_val_000532,VizWiz,What is the percentage of this download?,98%,100%,0.987,0.95,none,data/VizWiz/Images/val/VizWiz_val_00000532.jpg
vizwiz_val_000534,VizWiz,Is this the front side of the paper?,no,unanswerable,0.980,0.95,none,data/VizWiz/Images/val/VizWiz_val_00000534.jpg
vizwiz_val_000539,VizWiz,What does my computer screen say?,unanswerable,startup repair is checking your system for problems,0.928,0.95,answerability,data/VizWiz/Images/val/VizWiz_val_00000539.jpg
vizwiz_val_000543,VizWiz,"Okay this label, say either bedtime or calming.",unanswerable,calming,0.935,0.7,answerability,data/VizWiz/Images/val/VizWiz_val_00000543.jpg
vizwiz_val_000544,VizWiz,Is this?,computer screen,unanswerable,0.904,0.85,none,data/VizWiz/Images/val/VizWiz_val_00000544.jpg
vizwiz_val_000545,VizWiz,Could you tell me what this screen is saying approximately?,drive options,disk partition list,0.542,0.85,none,data/VizWiz/Images/val/VizWiz_val_00000545.jpg
vizwiz_val_000546,VizWiz,"What is this? Apple is very easy to use once  you start using it. That's the thing, but you have to ",computer,unanswerable,0.979,1.0,none,data/VizWiz/Images/val/VizWiz_val_00000546.jpg
vizwiz_val_000548,VizWiz,"What's, what's on the screen this time?",pop up,installing windows,0.813,0.95,none,data/VizWiz/Images/val/VizWiz_val_00000548.jpg
vizwiz_val_000549,VizWiz,Can you describe what this page looks like? Thank you.,white 2 lines text,unanswerable,0.863,0.9,none,data/VizWiz/Images/val/VizWiz_val_00000549.jpg
vizwiz_val_000550,VizWiz,What kind of RAM is this?,unanswerable,ddr pc3200,0.933,0.9,answerability,data/VizWiz/Images/val/VizWiz_val_00000550.jpg
vizwiz_val_000552,VizWiz,Could you tell me exactly what's on this computer screen please and the options?,command screen,unanswerable,0.979,0.9,none,data/VizWiz/Images/val/VizWiz_val_00000552.jpg
vizwiz_val_000554,VizWiz,Is the restore processing or waiting for input from me?,processing,waiting,0.994,0.85,none,data/VizWiz/Images/val/VizWiz_val_00000554.jpg
vizwiz_val_000556,VizWiz,Yes this is a Google Street View and I need as detailed a description as possible of the image. Than,has house at far end field trees on,unanswerable,0.978,0.95,none,data/VizWiz/Images/val/VizWiz_val_00000556.jpg
vizwiz_val_000557,VizWiz,"Okay, I just wanted to know who the return address is on the, or what the return address is on this ",unanswerable,cwa local 1101,0.999,0.95,answerability,data/VizWiz/Images/val/VizWiz_val_00000557.jpg
vizwiz_val_000558,VizWiz,"Yes, I just need to know what the captcha, or the words are in the captcha image? Thank you.",sonorth 1863,unanswerable,0.935,0.85,none,data/VizWiz/Images/val/VizWiz_val_00000558.jpg
vizwiz_val_000562,VizWiz,"Hi, in the upper left corner of this page is a captcha. I hope you can read it. Thank you.",unanswerable,van extracdi,0.529,0.95,answerability,data/VizWiz/Images/val/VizWiz_val_00000562.jpg
vizwiz_val_000563,VizWiz,"Please, I need to know what is the telephone number at this picture?  Thank you.",3233 4347,3233-4347,1.000,0.95,none,data/VizWiz/Images/val/VizWiz_val_00000563.jpg
vizwiz_val_000565,VizWiz,What is the hours on this download,1 hour 25 minutes,1 hr 25 min,0.913,0.95,none,data/VizWiz/Images/val/VizWiz_val_00000565.jpg
vizwiz_val_000567,VizWiz,What does it say on the screen?,restore,startup repair,0.947,0.95,none,data/VizWiz/Images/val/VizWiz_val_00000567.jpg
vizwiz_val_000568,VizWiz,What is the picture?,laptop,unanswerable,0.980,0.95,none,data/VizWiz/Images/val/VizWiz_val_00000568.jpg
vizwiz_val_000569,VizWiz,What animal is on this computer screen?,0,unanswerable,1.000,0.95,none,data/VizWiz/Images/val/VizWiz_val_00000569.jpg
vizwiz_val_000571,VizWiz,What is this screen telling me or asking me to do?,unanswerable,attempting repairs,0.841,0.95,answerability,data/VizWiz/Images/val/VizWiz_val_00000571.jpg
vizwiz_val_000572,VizWiz,Can you see the Captcha?,no,unanswerable,1.000,0.95,none,data/VizWiz/Images/val/VizWiz_val_00000572.jpg
vizwiz_val_000574,VizWiz,Yes I just need to know as specifically as possible a description of the image that is in this in th,place in town,unanswerable,0.994,0.95,none,data/VizWiz/Images/val/VizWiz_val_00000574.jpg
vizwiz_val_000575,VizWiz,What's being displayed on the screen?,web page,windows installation,0.735,0.85,none,data/VizWiz/Images/val/VizWiz_val_00000575.jpg
vizwiz_val_000579,VizWiz,What's on my computer screen?,restart,windows repair screen,0.782,0.95,none,data/VizWiz/Images/val/VizWiz_val_00000579.jpg
vizwiz_val_000580,VizWiz,"I'm trying to restart my computer, and my screen reader isn't working and I'm wondering if it's sayi",unanswerable,repair your computer,0.970,0.95,answerability,data/VizWiz/Images/val/VizWiz_val_00000580.jpg
vizwiz_val_000583,VizWiz,What does this label say?,unanswerable,wd2000,0.956,0.9,answerability,data/VizWiz/Images/val/VizWiz_val_00000583.jpg
vizwiz_val_000585,VizWiz,What picture is this?,laptop,unanswerable,0.951,0.9,none,data/VizWiz/Images/val/VizWiz_val_00000585.jpg
vizwiz_val_000587,VizWiz,What is this?,directions,instant milk,0.899,0.9,none,data/VizWiz/Images/val/VizWiz_val_00000587.jpg
vizwiz_val_000588,VizWiz,"Is this the google satellite image and I would just like a description of the image, what is seen? T",overlooking neighborhood park in,unanswerable,0.832,0.95,none,data/VizWiz/Images/val/VizWiz_val_00000588.jpg
vizwiz_val_000589,VizWiz,Can you tell me what the plaque says? Thank you.,delightful grandchildren,few things are more delightful than grandchildren fighting over your lap,0.943,0.95,none,data/VizWiz/Images/val/VizWiz_val_00000589.jpg
vizwiz_val_000598,VizWiz,Describe this picture please.,flyer,mcdonald's menu,0.831,0.95,none,data/VizWiz/Images/val/VizWiz_val_00000598.jpg
vizwiz_val_000600,VizWiz,What's on my computer screen?,some letters,computer screen,0.835,0.85,none,data/VizWiz/Images/val/VizWiz_val_00000600.jpg
vizwiz_val_000601,VizWiz,What does this say?,bar b que restaurant,bar-b-que restaurant open no,0.888,0.95,none,data/VizWiz/Images/val/VizWiz_val_00000601.jpg
vizwiz_val_000603,VizWiz,Can you tell me what's on this computer screen please?,clock,computer desktop,0.648,0.85,none,data/VizWiz/Images/val/VizWiz_val_00000603.jpg
vizwiz_val_000605,VizWiz,what is this?,computer screen,laptop,0.739,0.95,none,data/VizWiz/Images/val/VizWiz_val_00000605.jpg
vizwiz_val_000608,VizWiz,Whats showing on the computer screen?,some sort graphic,unanswerable,0.924,0.85,none,data/VizWiz/Images/val/VizWiz_val_00000608.jpg
vizwiz_val_000609,VizWiz,What's this say?,skype skype record seamonkey winamp etc,unanswerable,1.000,0.95,none,data/VizWiz/Images/val/VizWiz_val_00000609.jpg
vizwiz_val_000610,VizWiz,Can you tell the stuff I need to type into the computer?,unanswerable,vcik,0.799,0.95,answerability,data/VizWiz/Images/val/VizWiz_val_00000610.jpg
vizwiz_val_000612,VizWiz,Could you give me serial number and my tag off of the bottom of my laptop here please? Thank you.,unanswerable,x11-04457,0.890,0.95,answerability,data/VizWiz/Images/val/VizWiz_val_00000612.jpg
vizwiz_val_000613,VizWiz,What is the number on this building that I just photographed? This is Yappapi College.,unanswerable,3,0.904,0.95,answerability,data/VizWiz/Images/val/VizWiz_val_00000613.jpg
vizwiz_val_000616,VizWiz,Please rate the counter.,02577039,unanswerable,0.979,0.95,none,data/VizWiz/Images/val/VizWiz_val_00000616.jpg
vizwiz_val_000619,VizWiz,Can you please me?  Can you please tell me?  Can you please tell me what's on the screen of this com,not clear,unanswerable,1.000,1.0,none,data/VizWiz/Images/val/VizWiz_val_00000619.jpg
vizwiz_val_000622,VizWiz,What is written here?,nothing,unanswerable,0.876,0.9,none,data/VizWiz/Images/val/VizWiz_val_00000622.jpg
vizwiz_val_000625,VizWiz,Can you tell me what sort of card this is?,harveys hometown rewards,rewards card,0.957,0.95,none,data/VizWiz/Images/val/VizWiz_val_00000625.jpg
vizwiz_val_000629,VizWiz,is there anything on the screen thank you,yes,unanswerable,0.961,0.85,none,data/VizWiz/Images/val/VizWiz_val_00000629.jpg
vizwiz_val_000631,VizWiz,What is this?,medicine,unanswerable,0.988,0.95,none,data/VizWiz/Images/val/VizWiz_val_00000631.jpg
vizwiz_val_000641,VizWiz,What this that picture?,table,laptop,0.973,0.85,none,data/VizWiz/Images/val/VizWiz_val_00000641.jpg
vizwiz_val_000643,VizWiz,What kind of a bite is this?,mosquito,unanswerable,0.981,0.7,none,data/VizWiz/Images/val/VizWiz_val_00000643.jpg
vizwiz_val_000645,VizWiz,Please tell me what this says. Please tell me what this says.,unanswerable,windows boot manager,0.962,0.95,answerability,data/VizWiz/Images/val/VizWiz_val_00000645.jpg
vizwiz_val_000646,VizWiz,What does this tag say?,unanswerable,every bag has silver lining,0.963,0.9,answerability,data/VizWiz/Images/val/VizWiz_val_00000646.jpg
vizwiz_val_000648,VizWiz,What am I going to do right now?,use computer,unanswerable,0.999,0.95,none,data/VizWiz/Images/val/VizWiz_val_00000648.jpg
vizwiz_val_000649,VizWiz,Is the answer,unanswerable,d. 8,0.765,1.0,answerability,data/VizWiz/Images/val/VizWiz_val_00000649.jpg
vizwiz_val_000650,VizWiz,what can i hear on the screen.,nothing,unanswerable,1.000,1.0,none,data/VizWiz/Images/val/VizWiz_val_00000650.jpg
vizwiz_val_000653,VizWiz,"Is there anything on the screen, something about start up?",no,yes,0.847,0.95,none,data/VizWiz/Images/val/VizWiz_val_00000653.jpg
vizwiz_val_000654,VizWiz,Please tell me what's on my screen.,unanswerable,windows 7 boot options,0.780,0.9,answerability,data/VizWiz/Images/val/VizWiz_val_00000654.jpg
vizwiz_val_000658,VizWiz,What are those letters?,unanswerable,happy,0.994,0.9,answerability,data/VizWiz/Images/val/VizWiz_val_00000658.jpg
vizwiz_val_000662,VizWiz,Is that chocolate?,no,unanswerable,0.996,1.0,none,data/VizWiz/Images/val/VizWiz_val_00000662.jpg
vizwiz_val_000665,VizWiz,"Hi, which red box is a jam box speaker and I've got the underside facing up.  I'm wondering if you c",unanswerable,jbe sn 04702582be,0.911,0.95,answerability,data/VizWiz/Images/val/VizWiz_val_00000665.jpg
vizwiz_val_000668,VizWiz,Can you read this?,no,unanswerable,1.000,0.95,none,data/VizWiz/Images/val/VizWiz_val_00000668.jpg
vizwiz_val_000674,VizWiz,What is the title and page number?,unanswerable,importance of knowing your product and service. 1,0.976,0.9,answerability,data/VizWiz/Images/val/VizWiz_val_00000674.jpg
vizwiz_val_000677,VizWiz,What's on the screen?,web page,job posting,0.853,0.9,none,data/VizWiz/Images/val/VizWiz_val_00000677.jpg
vizwiz_val_000680,VizWiz,What is this?,lorazepam,medication,0.896,0.85,none,data/VizWiz/Images/val/VizWiz_val_00000680.jpg
vizwiz_val_000681,VizWiz,What is this?,mail,unanswerable,0.998,0.95,none,data/VizWiz/Images/val/VizWiz_val_00000681.jpg
vizwiz_val_000683,VizWiz,Is this a keyboard?,no,unanswerable,0.961,0.95,none,data/VizWiz/Images/val/VizWiz_val_00000683.jpg
vizwiz_val_000689,VizWiz,What is this device,tablet,ipad,0.738,0.95,none,data/VizWiz/Images/val/VizWiz_val_00000689.jpg
vizwiz_val_000692,VizWiz,What can you see?,person that barely in image head arm,unanswerable,0.974,0.95,none,data/VizWiz/Images/val/VizWiz_val_00000692.jpg
vizwiz_val_000693,VizWiz,"Can you please tell me if this laptop is coming up or if the screen is blank, thank you.",coming up,screen is blank,0.996,0.95,none,data/VizWiz/Images/val/VizWiz_val_00000693.jpg
vizwiz_val_000697,VizWiz,What does this say?,unanswerable,skyperecorder/mp3,0.847,0.95,answerability,data/VizWiz/Images/val/VizWiz_val_00000697.jpg
vizwiz_val_000698,VizWiz,is this screen on the desktop or is there any word on here involving installing updates,no,desktop,0.923,0.95,none,data/VizWiz/Images/val/VizWiz_val_00000698.jpg
vizwiz_val_000700,VizWiz,Who can read this for me?,navigation app,unanswerable,0.881,0.95,none,data/VizWiz/Images/val/VizWiz_val_00000700.jpg
vizwiz_val_000705,VizWiz,What is this?,crowdworking info,computer screen,0.805,0.95,none,data/VizWiz/Images/val/VizWiz_val_00000705.jpg
vizwiz_val_000713,VizWiz,What is this?,bulletin board,drawing,0.914,0.9,none,data/VizWiz/Images/val/VizWiz_val_00000713.jpg
vizwiz_val_000715,VizWiz,What does it say on screen?,unanswerable,welcome to recovery manager,0.886,0.9,answerability,data/VizWiz/Images/val/VizWiz_val_00000715.jpg
vizwiz_val_000717,VizWiz,When does this task expire?,04 11 12,april 12,0.936,0.85,none,data/VizWiz/Images/val/VizWiz_val_00000717.jpg
vizwiz_val_000718,VizWiz,What did i just read on my pc?,vizwiz,app for blind and visually impaired,0.724,0.95,none,data/VizWiz/Images/val/VizWiz_val_00000718.jpg
vizwiz_val_000720,VizWiz,What is in front of me?,cars,grass,0.904,0.85,none,data/VizWiz/Images/val/VizWiz_val_00000720.jpg
vizwiz_val_000725,VizWiz,What is this?,stomach,unanswerable,0.886,0.95,none,data/VizWiz/Images/val/VizWiz_val_00000725.jpg
vizwiz_val_000731,VizWiz,"ok I moved back a little further taking the photo again.  My speech has stopped, so I don't know whe",no,unanswerable,0.992,0.95,none,data/VizWiz/Images/val/VizWiz_val_00000731.jpg
vizwiz_val_000741,VizWiz,Can you please tell me the progress of the discount that's taking place?,29% complete,unanswerable,1.000,1.0,none,data/VizWiz/Images/val/VizWiz_val_00000741.jpg
vizwiz_val_000742,VizWiz,What is this? What was the answer that you got?,unanswerable,computer screen,0.785,0.95,answerability,data/VizWiz/Images/val/VizWiz_val_00000742.jpg
vizwiz_val_000743,VizWiz,Please tell me what's on the screen.,unanswerable,operating system menu,0.652,0.95,answerability,data/VizWiz/Images/val/VizWiz_val_00000743.jpg
vizwiz_val_000746,VizWiz,What is this item.,computer screen,unanswerable,0.988,0.7,none,data/VizWiz/Images/val/VizWiz_val_00000746.jpg
vizwiz_val_000748,VizWiz,What you see?,green card,unanswerable,0.938,0.95,none,data/VizWiz/Images/val/VizWiz_val_00000748.jpg
vizwiz_val_000749,VizWiz,What is it?,skype,laptop screen,0.820,0.95,none,data/VizWiz/Images/val/VizWiz_val_00000749.jpg
vizwiz_val_000750,VizWiz,What is this?,buildings,skyscraper,0.896,0.95,none,data/VizWiz/Images/val/VizWiz_val_00000750.jpg
vizwiz_val_000752,VizWiz,Could you please tell me if this is a good picture of the tv stand?,yes,unanswerable,0.989,0.85,none,data/VizWiz/Images/val/VizWiz_val_00000752.jpg
vizwiz_val_000753,VizWiz,What is this?,boy,unanswerable,0.985,0.95,none,data/VizWiz/Images/val/VizWiz_val_00000753.jpg
vizwiz_val_000754,VizWiz,Can you tell me what screen this is?,browser screen,itunes,0.947,0.95,none,data/VizWiz/Images/val/VizWiz_val_00000754.jpg
vizwiz_val_000759,VizWiz,What is the answer?,unanswerable,45,0.999,1.0,answerability,data/VizWiz/Images/val/VizWiz_val_00000759.jpg
vizwiz_val_000761,VizWiz,Does this picture show an open fire?,no,unanswerable,0.888,0.95,none,data/VizWiz/Images/val/VizWiz_val_00000761.jpg
vizwiz_val_000762,VizWiz,What is this?,minecraft screen,minecraft tunnel,0.737,0.95,none,data/VizWiz/Images/val/VizWiz_val_00000762.jpg
vizwiz_val_000766,VizWiz,"I need to know specifically what is written across the screen on this computer, please.",nothing,unanswerable,1.000,0.95,none,data/VizWiz/Images/val/VizWiz_val_00000766.jpg
vizwiz_val_000768,VizWiz,what is this cup?,saint louis bread co,coffee,0.960,0.95,none,data/VizWiz/Images/val/VizWiz_val_00000768.jpg
vizwiz_val_000770,VizWiz,What is this?,menu,recipe book,0.659,0.9,none,data/VizWiz/Images/val/VizWiz_val_00000770.jpg
vizwiz_val_000772,VizWiz,What title is this?,every now then,every now and then,0.890,0.95,none,data/VizWiz/Images/val/VizWiz_val_00000772.jpg
vizwiz_val_000775,VizWiz,Where are you?,unidentified,bedroom,0.791,0.9,none,data/VizWiz/Images/val/VizWiz_val_00000775.jpg
vizwiz_val_000777,VizWiz,"Please tell me what's on the screen. It'll either be, well probably an error message. So, Please tel",install windows,windows installation error message,0.728,0.95,none,data/VizWiz/Images/val/VizWiz_val_00000777.jpg
vizwiz_val_000778,VizWiz,is there a button that i'm supposed to push on this?,yes,unanswerable,0.994,0.95,none,data/VizWiz/Images/val/VizWiz_val_00000778.jpg
vizwiz_val_000781,VizWiz,What is the price of the french fries?,1.29 1.99,$1.29/$1.99,0.999,0.95,none,data/VizWiz/Images/val/VizWiz_val_00000781.jpg
vizwiz_val_000784,VizWiz,Yes this is a google street view and I just want a description of the image please be as detailed as,view multistory building in suburbs,unanswerable,0.977,0.95,none,data/VizWiz/Images/val/VizWiz_val_00000784.jpg
vizwiz_val_000786,VizWiz,what's this?,computer screen,tablet,0.846,0.9,none,data/VizWiz/Images/val/VizWiz_val_00000786.jpg
vizwiz_val_000787,VizWiz,What's on the screen?,search results,computer screen,0.733,0.9,none,data/VizWiz/Images/val/VizWiz_val_00000787.jpg
vizwiz_val_000790,VizWiz,What is this?,phone,recorder,0.751,0.85,none,data/VizWiz/Images/val/VizWiz_val_00000790.jpg
vizwiz_val_000793,VizWiz,What is this?,winners for life 2005,trophy,0.992,0.9,none,data/VizWiz/Images/val/VizWiz_val_00000793.jpg
vizwiz_val_000797,VizWiz,What is the computer screen showing?,microsoft corporation logo,windows startup,0.855,0.9,none,data/VizWiz/Images/val/VizWiz_val_00000797.jpg
vizwiz_val_000800,VizWiz,What name?,unanswerable,janis market,0.905,0.95,answerability,data/VizWiz/Images/val/VizWiz_val_00000800.jpg
vizwiz_val_000801,VizWiz,What is it?,itunes,tablet,0.998,0.85,none,data/VizWiz/Images/val/VizWiz_val_00000801.jpg
vizwiz_val_000804,VizWiz,what is this?,printer,speaker,0.680,0.85,none,data/VizWiz/Images/val/VizWiz_val_00000804.jpg
vizwiz_val_000805,VizWiz,What color is this?,blue,purple and teal,0.862,0.95,none,data/VizWiz/Images/val/VizWiz_val_00000805.jpg
vizwiz_val_000807,VizWiz,What this?,computer screen,skype,0.964,0.85,none,data/VizWiz/Images/val/VizWiz_val_00000807.jpg
vizwiz_val_000817,VizWiz,How fast is my up and download?,31.45 34.52,"34.52 mbps download, 31.45 mbps upload",0.961,0.95,none,data/VizWiz/Images/val/VizWiz_val_00000817.jpg
vizwiz_val_000819,VizWiz,I was actually talking to somebody. My other phone died. Can you actually tell me if you can see the,no,unanswerable,1.000,0.95,none,data/VizWiz/Images/val/VizWiz_val_00000819.jpg
vizwiz_val_000826,VizWiz,Do you tell me what kind of car this is?,lincoln,ford crown victoria,0.840,0.9,none,data/VizWiz/Images/val/VizWiz_val_00000826.jpg
vizwiz_val_000837,VizWiz,"What does it show on the screen of the computer?  Note it is an..it is an asus 56e computer, what do",dialog boxes over desktop,unanswerable,0.997,0.95,none,data/VizWiz/Images/val/VizWiz_val_00000837.jpg
vizwiz_val_000842,VizWiz,What is in this picture?,computer,laptop,0.987,0.9,none,data/VizWiz/Images/val/VizWiz_val_00000842.jpg
vizwiz_val_000845,VizWiz,"Yes, this is a Google Street View. I need a description,, as detailed as possible, of the image, and",no bus stop,unanswerable,0.997,0.95,none,data/VizWiz/Images/val/VizWiz_val_00000845.jpg
vizwiz_val_000846,VizWiz,What's on screen?,icons,computer desktop,0.911,0.95,none,data/VizWiz/Images/val/VizWiz_val_00000846.jpg
vizwiz_val_000847,VizWiz,What does this say?,icons,unanswerable,0.999,0.95,none,data/VizWiz/Images/val/VizWiz_val_00000847.jpg
vizwiz_val_000849,VizWiz,Which laptop is this?,unanswerable,hp probook,0.901,0.95,answerability,data/VizWiz/Images/val/VizWiz_val_00000849.jpg
vizwiz_val_000850,VizWiz,what do you see?,computer screen,laptop,0.842,0.95,none,data/VizWiz/Images/val/VizWiz_val_00000850.jpg
vizwiz_val_000852,VizWiz,What is this?,$50 preferred guest card,gift card,0.701,0.85,none,data/VizWiz/Images/val/VizWiz_val_00000852.jpg
vizwiz_val_000854,VizWiz,What is that?,parking lot,unanswerable,0.935,0.95,none,data/VizWiz/Images/val/VizWiz_val_00000854.jpg
vizwiz_val_000855,VizWiz,Can you tell me what this screen says? Thank you.,unanswerable,chromium > koble til,0.847,0.95,answerability,data/VizWiz/Images/val/VizWiz_val_00000855.jpg
vizwiz_val_000860,VizWiz,What kind of coffee is this?,tassimo,mocha,0.962,0.9,none,data/VizWiz/Images/val/VizWiz_val_00000860.jpg
vizwiz_val_000864,VizWiz,What is this?,bottle something facing wrong way,lotion,1.000,0.95,none,data/VizWiz/Images/val/VizWiz_val_00000864.jpg
vizwiz_val_000866,VizWiz,yes I need a description of this Google street view image. Thank you.,grass trees,unanswerable,1.000,0.95,none,data/VizWiz/Images/val/VizWiz_val_00000866.jpg
vizwiz_val_000868,VizWiz,What is this?,unanswerable,badge,0.567,0.85,answerability,data/VizWiz/Images/val/VizWiz_val_00000868.jpg
vizwiz_val_000874,VizWiz,What do you see on the screen?,pop up message,install screen,0.640,0.95,none,data/VizWiz/Images/val/VizWiz_val_00000874.jpg
vizwiz_val_000875,VizWiz,What is this?,monitor,computer screen,0.994,0.95,none,data/VizWiz/Images/val/VizWiz_val_00000875.jpg
vizwiz_val_000879,VizWiz,what is the number on the building that is yupacai college in prescott arizona,unanswerable,3,0.789,0.95,answerability,data/VizWiz/Images/val/VizWiz_val_00000879.jpg
vizwiz_val_000880,VizWiz,What is on the screen?,changes to your computer,windows dialog box,0.700,0.95,none,data/VizWiz/Images/val/VizWiz_val_00000880.jpg
vizwiz_val_000881,VizWiz,Which sieve is healthy choice?,right,unanswerable,0.995,1.0,none,data/VizWiz/Images/val/VizWiz_val_00000881.jpg
vizwiz_val_000882,VizWiz,What does it say on the screen?,800 643 2112 siriusxmcom,800-643-2112,0.989,0.95,none,data/VizWiz/Images/val/VizWiz_val_00000882.jpg
vizwiz_val_000883,VizWiz,Does this page have a signature on it or is it blank?,blank,unanswerable,0.838,0.9,none,data/VizWiz/Images/val/VizWiz_val_00000883.jpg
vizwiz_val_000886,VizWiz,What did I just read on my PC?,vizwiz,apps for blind and visually impaired,0.946,0.95,none,data/VizWiz/Images/val/VizWiz_val_00000886.jpg
vizwiz_val_000891,VizWiz,What is this?,computer screen,unanswerable,0.880,0.95,none,data/VizWiz/Images/val/VizWiz_val_00000891.jpg
vizwiz_val_000894,VizWiz,What does this caption say?,97zh,unanswerable,0.975,0.95,none,data/VizWiz/Images/val/VizWiz_val_00000894.jpg
vizwiz_val_000896,VizWiz,Yes this is an image from google maps. I need a detailed description of the image. Thank you.,looking down small road between 2 brick buildings,unanswerable,0.843,0.95,none,data/VizWiz/Images/val/VizWiz_val_00000896.jpg
vizwiz_val_000897,VizWiz,What is the captcha code?,ja5ce848,jk5ce848,0.999,0.95,none,data/VizWiz/Images/val/VizWiz_val_00000897.jpg
vizwiz_val_000901,VizWiz,Did I win?,no,unanswerable,0.823,0.95,none,data/VizWiz/Images/val/VizWiz_val_00000901.jpg
vizwiz_val_000902,VizWiz,"Yes, I would just like a description of the visual image which is a Google Street View of a given lo",park,forest path,0.970,0.9,none,data/VizWiz/Images/val/VizWiz_val_00000902.jpg
vizwiz_val_000903,VizWiz,Can you tell me the price of this computer please?,12999.01,"$12,999.01",1.000,0.95,none,data/VizWiz/Images/val/VizWiz_val_00000903.jpg
vizwiz_val_000904,VizWiz,What does the caption say?,paypal,unanswerable,0.997,0.95,none,data/VizWiz/Images/val/VizWiz_val_00000904.jpg
vizwiz_val_000908,VizWiz,Can you tell me what the thing in the box says?,delightful grandchildren,few things are more delightful than grandchildren,0.931,0.95,none,data/VizWiz/Images/val/VizWiz_val_00000908.jpg
vizwiz_val_000911,VizWiz,has this candle been burnt or is it new,burnt,new,0.998,0.95,none,data/VizWiz/Images/val/VizWiz_val_00000911.jpg
vizwiz_val_000919,VizWiz,It is a box.,no,unanswerable,0.994,0.95,none,data/VizWiz/Images/val/VizWiz_val_00000919.jpg
vizwiz_val_000920,VizWiz,Please tell which screen I'm on? I'm trying to access the boot menu and I'm trying to boot from a US,please select boot device,boot device selection screen,0.956,0.95,none,data/VizWiz/Images/val/VizWiz_val_00000920.jpg
vizwiz_val_000922,VizWiz,What is this?,computer screen,tv,0.794,0.95,none,data/VizWiz/Images/val/VizWiz_val_00000922.jpg
vizwiz_val_000923,VizWiz,What is being displayed on my screen?,unanswerable,windows installation screen,0.959,0.95,answerability,data/VizWiz/Images/val/VizWiz_val_00000923.jpg
vizwiz_val_000926,VizWiz,"What question, what answer. Sorry, what options are available to me?",unanswerable,"vaio hardware diagnostics, restore c: drive, restore complete system, rescue data",0.978,0.95,answerability,data/VizWiz/Images/val/VizWiz_val_00000926.jpg
vizwiz_val_000928,VizWiz,Yes I need to determine the word that is in this captcha image. Thank you.,wgtpv,wgipv,0.962,0.95,none,data/VizWiz/Images/val/VizWiz_val_00000928.jpg
vizwiz_val_000931,VizWiz,What's being displayed on my screen?,windows needs to restart to continue,windows installation,0.838,0.95,none,data/VizWiz/Images/val/VizWiz_val_00000931.jpg
vizwiz_val_000936,VizWiz,What is this picture of?,instructions,instruction sheet,0.876,0.95,none,data/VizWiz/Images/val/VizWiz_val_00000936.jpg
vizwiz_val_000937,VizWiz,What does this window say?,unanswerable,startup repair,0.991,0.9,answerability,data/VizWiz/Images/val/VizWiz_val_00000937.jpg
vizwiz_val_000939,VizWiz,What is this item?,cd,plastic bag,0.895,0.9,none,data/VizWiz/Images/val/VizWiz_val_00000939.jpg
vizwiz_val_000940,VizWiz,Can you tell me the color of the screen or if there's any writing on it?,blue green,"blue, yes",0.971,0.9,none,data/VizWiz/Images/val/VizWiz_val_00000940.jpg
vizwiz_val_000950,VizWiz,Can you read some of the text on the green?,computer organization design,unanswerable,1.000,1.0,none,data/VizWiz/Images/val/VizWiz_val_00000950.jpg
vizwiz_val_000954,VizWiz,What does this say?,repair log,unanswerable,0.972,0.85,none,data/VizWiz/Images/val/VizWiz_val_00000954.jpg
vizwiz_val_000957,VizWiz,"If you can see my computer screen, what does it look like and what does it say?",black screen,blue screen error,0.987,0.85,none,data/VizWiz/Images/val/VizWiz_val_00000957.jpg
vizwiz_val_000959,VizWiz,I'm trying to figure out if you could tell me what button to push.,lower right more on demand button maybe exit button,unanswerable,1.000,0.95,none,data/VizWiz/Images/val/VizWiz_val_00000959.jpg
vizwiz_val_000963,VizWiz,What's on the screen?,error message,startup repair,0.993,0.95,none,data/VizWiz/Images/val/VizWiz_val_00000963.jpg
vizwiz_val_000964,VizWiz,What is this capture?,was uctoft,skype signup page,0.773,0.95,none,data/VizWiz/Images/val/VizWiz_val_00000964.jpg
vizwiz_val_000973,VizWiz,please read the counter.,02616272,"02616,272",0.905,0.95,none,data/VizWiz/Images/val/VizWiz_val_00000973.jpg
vizwiz_val_000975,VizWiz,What are key resources are managers for assisting with loss prevention?,unanswerable,all of above,0.986,1.0,answerability,data/VizWiz/Images/val/VizWiz_val_00000975.jpg
vizwiz_val_000976,VizWiz,What is this?,computer screen,music collection,0.933,0.95,none,data/VizWiz/Images/val/VizWiz_val_00000976.jpg
vizwiz_val_000978,VizWiz,What is this?,card,ticket,0.942,0.95,none,data/VizWiz/Images/val/VizWiz_val_00000978.jpg
vizwiz_val_000980,VizWiz,What does it say on the screen?,unanswerable,attempting repairs,0.995,0.95,answerability,data/VizWiz/Images/val/VizWiz_val_00000980.jpg
vizwiz_val_000982,VizWiz,What is this?,essay,text,0.573,0.9,none,data/VizWiz/Images/val/VizWiz_val_00000982.jpg
vizwiz_val_000984,VizWiz,We need to know what is on the screen and which item is for driver signing.,unanswerable,signature enforcement,0.919,0.85,answerability,data/VizWiz/Images/val/VizWiz_val_00000984.jpg
vizwiz_val_000985,VizWiz,What is?,chex mix,chips,0.967,0.95,none,data/VizWiz/Images/val/VizWiz_val_00000985.jpg
vizwiz_val_000986,VizWiz,What is the answer to number 10?,unanswerable,"d. 8, -2, -4",0.921,0.9,answerability,data/VizWiz/Images/val/VizWiz_val_00000986.jpg
vizwiz_val_000988,VizWiz,"Hi, can you read the serial number on this device, please. Thank you. Oh.",unanswerable,04702582be,0.997,0.95,answerability,data/VizWiz/Images/val/VizWiz_val_00000988.jpg
vizwiz_val_000990,VizWiz,What is written on the display?,unanswerable,win32k.sys,0.992,0.95,answerability,data/VizWiz/Images/val/VizWiz_val_00000990.jpg
vizwiz_val_000991,VizWiz,Alright trying to see as much information about this sticker as possible.  It's on a piece of furnit,sears $249.99,unanswerable,1.000,0.95,none,data/VizWiz/Images/val/VizWiz_val_00000991.jpg
vizwiz_val_000994,VizWiz,In this video is the singer's mouth wider from top to bottom or side-to-side? Thank you.,unanswerable,side to side,0.805,0.7,answerability,data/VizWiz/Images/val/VizWiz_val_00000994.jpg
vizwiz_val_000995,VizWiz,What is this?,mailbox,mail box,0.800,0.95,none,data/VizWiz/Images/val/VizWiz_val_00000995.jpg
vizwiz_val_001000,VizWiz,Is there a visible model number here?,no,unanswerable,1.000,0.95,none,data/VizWiz/Images/val/VizWiz_val_00001000.jpg
vizwiz_val_001002,VizWiz,What does this say?,unanswerable,acer,0.985,0.9,answerability,data/VizWiz/Images/val/VizWiz_val_00001002.jpg
vizwiz_val_001003,VizWiz,How do you turn on spoken answers?,unanswerable,speak question,0.764,0.7,answerability,data/VizWiz/Images/val/VizWiz_val_00001003.jpg
vizwiz_val_001004,VizWiz,What is this,card,unanswerable,0.956,0.95,none,data/VizWiz/Images/val/VizWiz_val_00001004.jpg
vizwiz_val_001005,VizWiz,"What text is on my computer screen in this image, if any?",checking file system,unanswerable,0.886,0.9,none,data/VizWiz/Images/val/VizWiz_val_00001005.jpg
vizwiz_val_001009,VizWiz,describe the monitor,startup issue on hp computer,hp laptop,0.817,0.9,none,data/VizWiz/Images/val/VizWiz_val_00001009.jpg
vizwiz_val_001011,VizWiz,What does this say?,total was 15$ paid by visa,receipt,0.880,0.95,none,data/VizWiz/Images/val/VizWiz_val_00001011.jpg
vizwiz_val_001014,VizWiz,What this is say,close program,error message,0.625,0.95,none,data/VizWiz/Images/val/VizWiz_val_00001014.jpg
vizwiz_val_001015,VizWiz,what is this?,computer screen,computer monitor,0.781,0.95,none,data/VizWiz/Images/val/VizWiz_val_00001015.jpg
vizwiz_val_001016,VizWiz,How much is this bill?,35.05,unanswerable,0.999,0.95,none,data/VizWiz/Images/val/VizWiz_val_00001016.jpg
vizwiz_val_001017,VizWiz,What is on the screen of this Sirius radio?,sid 015213487912,sid number,0.965,0.9,none,data/VizWiz/Images/val/VizWiz_val_00001017.jpg
vizwiz_val_001018,VizWiz,What is this?,office,wooden ladder,0.773,0.95,none,data/VizWiz/Images/val/VizWiz_val_00001018.jpg
vizwiz_val_001021,VizWiz,Describe the picture,computer screen,laptop screen,0.981,0.9,none,data/VizWiz/Images/val/VizWiz_val_00001021.jpg
vizwiz_val_001023,VizWiz,Can you please identify what's on the computer screen for me please?,windows shut down error screen,blue screen error,0.966,0.95,none,data/VizWiz/Images/val/VizWiz_val_00001023.jpg
vizwiz_val_001028,VizWiz,What exactly does it show on the screen?,unanswerable,installing windows,0.885,0.95,answerability,data/VizWiz/Images/val/VizWiz_val_00001028.jpg
vizwiz_val_001032,VizWiz,Can you please describe in detail what is happening on the screen or what is on the screen? Thank yo,unanswerable,web browser open,0.947,0.95,answerability,data/VizWiz/Images/val/VizWiz_val_00001032.jpg
vizwiz_val_001033,VizWiz,Is it a box?,no,unanswerable,0.841,0.95,none,data/VizWiz/Images/val/VizWiz_val_00001033.jpg
vizwiz_val_001036,VizWiz,Describe the picture.,left upper side computer image,laptop screen,0.961,0.85,none,data/VizWiz/Images/val/VizWiz_val_00001036.jpg
vizwiz_val_001037,VizWiz,What is the number of this building that I've just photographed?,unanswerable,3,1.000,0.95,answerability,data/VizWiz/Images/val/VizWiz_val_00001037.jpg
vizwiz_val_001038,VizWiz,Can you please tell me what the progress is on the screen?,almost done,installing 4 items,0.892,0.95,none,data/VizWiz/Images/val/VizWiz_val_00001038.jpg
vizwiz_val_001040,VizWiz,"Could you tell me if there's an actual captcha code on the screen? And if there is, what does it say",no,unanswerable,1.000,1.0,none,data/VizWiz/Images/val/VizWiz_val_00001040.jpg
vizwiz_val_001041,VizWiz,What is this?,crutches,wooden surfboard,0.815,0.95,none,data/VizWiz/Images/val/VizWiz_val_00001041.jpg
vizwiz_val_001042,VizWiz,Which one of these cards is my slate card?,bottom card,top one,0.900,0.7,none,data/VizWiz/Images/val/VizWiz_val_00001042.jpg
vizwiz_val_001043,VizWiz,What does the screen say?,do you want following program to make changes to this computer,do you want to allow following program to make changes to this computer?,0.986,0.95,none,data/VizWiz/Images/val/VizWiz_val_00001043.jpg
vizwiz_val_001044,VizWiz,What is this?,unanswerable,paper,0.835,0.85,answerability,data/VizWiz/Images/val/VizWiz_val_00001044.jpg
vizwiz_val_001045,VizWiz,What make is this laptop?,unanswerable,compaq,0.980,0.9,answerability,data/VizWiz/Images/val/VizWiz_val_00001045.jpg
vizwiz_val_001046,VizWiz,What are any of the words on this? What does any of this say?,notice pendency class action,unanswerable,0.990,0.95,none,data/VizWiz/Images/val/VizWiz_val_00001046.jpg
vizwiz_val_001048,VizWiz,Is it chocolate?,no,unanswerable,0.997,1.0,none,data/VizWiz/Images/val/VizWiz_val_00001048.jpg
vizwiz_val_001051,VizWiz,What is it?,computer,laptop,0.992,0.95,none,data/VizWiz/Images/val/VizWiz_val_00001051.jpg
vizwiz_val_001055,VizWiz,Do you think I just need to press Enter or does the cursor need moved first?,move cursor,unanswerable,0.984,0.95,none,data/VizWiz/Images/val/VizWiz_val_00001055.jpg
vizwiz_val_001058,VizWiz,How much are the french fries?,small $1.29 large $1.99,$1.29/$1.99,0.999,0.95,none,data/VizWiz/Images/val/VizWiz_val_00001058.jpg
vizwiz_val_001061,VizWiz,What is this?,tablet,ipad screen,0.691,0.95,none,data/VizWiz/Images/val/VizWiz_val_00001061.jpg
vizwiz_val_001063,VizWiz,Is it box?,no,yes,0.983,0.9,none,data/VizWiz/Images/val/VizWiz_val_00001063.jpg
vizwiz_val_001064,VizWiz,Is my computer at the login screen or is it still installing Windows? Thank you.,still installing,login screen,1.000,0.95,none,data/VizWiz/Images/val/VizWiz_val_00001064.jpg
vizwiz_val_001065,VizWiz,What does the screen say?,kings castle xx5c4 home 5662,get online now so you can know network name,0.967,0.95,none,data/VizWiz/Images/val/VizWiz_val_00001065.jpg
vizwiz_val_001069,VizWiz,Hi can you tell me how far along the scan disk is now? Thanks.,unanswerable,7 percent,0.998,0.95,answerability,data/VizWiz/Images/val/VizWiz_val_00001069.jpg
vizwiz_val_001070,VizWiz,You record.,unanswerable,wrong captcha,0.922,0.95,answerability,data/VizWiz/Images/val/VizWiz_val_00001070.jpg
vizwiz_val_001074,VizWiz,can you read anything on this?,no,unanswerable,1.000,0.95,none,data/VizWiz/Images/val/VizWiz_val_00001074.jpg
vizwiz_val_001078,VizWiz,I need to know what the image says so I can get this password reset.,pkrsf,pkrs7,0.702,0.95,none,data/VizWiz/Images/val/VizWiz_val_00001078.jpg
vizwiz_val_001080,VizWiz,are you able to see the security on this for me?,essauryst,unanswerable,0.999,0.95,none,data/VizWiz/Images/val/VizWiz_val_00001080.jpg
vizwiz_val_001082,VizWiz,What picture did I take? And of what?,ipad,tablet with hulu login,0.730,0.95,none,data/VizWiz/Images/val/VizWiz_val_00001082.jpg
vizwiz_val_001085,VizWiz,"What does it show on the screen?  If you can't tell me what it shows on the screen, then please tell",take closer less blurry picture,unanswerable,1.000,0.95,none,data/VizWiz/Images/val/VizWiz_val_00001085.jpg
vizwiz_val_001087,VizWiz,What is the computer screen showing?,restore,startup repair,0.948,0.95,none,data/VizWiz/Images/val/VizWiz_val_00001087.jpg
vizwiz_val_001088,VizWiz,What is this book's title?,unanswerable,body,0.918,0.7,answerability,data/VizWiz/Images/val/VizWiz_val_00001088.jpg
vizwiz_val_001091,VizWiz,Which best describes how igneous rocks are formed?,unanswerable,molten material cools and hardens,0.946,0.95,answerability,data/VizWiz/Images/val/VizWiz_val_00001091.jpg
vizwiz_val_001092,VizWiz,What is this?,keyboard,laptop,1.000,0.95,none,data/VizWiz/Images/val/VizWiz_val_00001092.jpg
vizwiz_val_001094,VizWiz,What is this,unanswerable,health warning,0.983,0.9,answerability,data/VizWiz/Images/val/VizWiz_val_00001094.jpg
vizwiz_val_001097,VizWiz,What are the chemical elements that form most of living biological matter?,unanswerable,"carbon, hydrogen, oxygen, nitrogen",0.984,0.95,answerability,data/VizWiz/Images/val/VizWiz_val_00001097.jpg
vizwiz_val_001100,VizWiz,What's the password in this image?,unanswerable,check www.superfreevpn.com,0.991,0.95,answerability,data/VizWiz/Images/val/VizWiz_val_00001100.jpg
vizwiz_val_001107,VizWiz,"Okay, what does the error message say?",unanswerable,no drive,0.786,1.0,answerability,data/VizWiz/Images/val/VizWiz_val_00001107.jpg
vizwiz_val_001108,VizWiz,Help with question.,unanswerable,highest,0.991,0.95,answerability,data/VizWiz/Images/val/VizWiz_val_00001108.jpg
vizwiz_val_001109,VizWiz,What does my screen say please.,nothing,unanswerable,0.997,0.95,none,data/VizWiz/Images/val/VizWiz_val_00001109.jpg
vizwiz_val_001111,VizWiz,Could you tell me what is on this laptop monitor? What's it showing?,unanswerable,windows setup screen,0.989,0.9,answerability,data/VizWiz/Images/val/VizWiz_val_00001111.jpg
vizwiz_val_001115,VizWiz,"Can you tell me what it shows on the screen now, if it gives any instructions on what I need to do? ",press tab to select tool,windows boot manager,0.875,0.95,none,data/VizWiz/Images/val/VizWiz_val_00001115.jpg
vizwiz_val_001118,VizWiz,What text is on my screen? Please,computer system information,unanswerable,0.998,0.85,none,data/VizWiz/Images/val/VizWiz_val_00001118.jpg
vizwiz_val_001120,VizWiz,Is it nuts?,no,unanswerable,1.000,0.95,none,data/VizWiz/Images/val/VizWiz_val_00001120.jpg
vizwiz_val_001123,VizWiz,What is written on the screen?,computer start up error page instructions,win32k.sys,0.952,0.95,none,data/VizWiz/Images/val/VizWiz_val_00001123.jpg
vizwiz_val_001124,VizWiz,Who is this picture?,no 1,unanswerable,1.000,0.95,none,data/VizWiz/Images/val/VizWiz_val_00001124.jpg
vizwiz_val_001126,VizWiz,Whats displayed on the screen?,windows loading files,windows is loading files,0.910,0.95,none,data/VizWiz/Images/val/VizWiz_val_00001126.jpg
vizwiz_val_001128,VizWiz,What's on my screen?,unanswerable,installing windows,0.870,0.9,answerability,data/VizWiz/Images/val/VizWiz_val_00001128.jpg
vizwiz_val_001130,VizWiz,What's on the screen?,restore computer button,startup repair,0.993,0.95,none,data/VizWiz/Images/val/VizWiz_val_00001130.jpg
vizwiz_val_001132,VizWiz,I'd like to know if the start up wizard set up wizard is moving or progressing or if I need to do so,progressing,unanswerable,0.944,0.95,none,data/VizWiz/Images/val/VizWiz_val_00001132.jpg
vizwiz_val_001134,VizWiz,What do you see on the screen? Thank you.,unanswerable,software update,0.953,0.85,answerability,data/VizWiz/Images/val/VizWiz_val_00001134.jpg
vizwiz_val_001136,VizWiz,"Hi I'm trying to solve this captcha, can you tell me what it says on the screen in the captcha thank",voczt,vczt,0.876,0.95,none,data/VizWiz/Images/val/VizWiz_val_00001136.jpg
vizwiz_val_001137,VizWiz,What does this say?,unanswerable,notice,0.722,0.9,answerability,data/VizWiz/Images/val/VizWiz_val_00001137.jpg
vizwiz_val_001139,VizWiz,What is this?,browser window on computer,laptop screen,0.858,0.95,none,data/VizWiz/Images/val/VizWiz_val_00001139.jpg
vizwiz_val_001142,VizWiz,Is this Windows installing or is it waiting for me to select something or answer a question?,unanswerable,installing,0.875,0.7,answerability,data/VizWiz/Images/val/VizWiz_val_00001142.jpg
vizwiz_val_001143,VizWiz,what does the sky look like?,cloudy,overcast,0.985,0.95,none,data/VizWiz/Images/val/VizWiz_val_00001143.jpg
vizwiz_val_001146,VizWiz,I have one more question about the same image which is. Do you see something that says removable dri,no,usb: usb disk pro,0.922,0.95,none,data/VizWiz/Images/val/VizWiz_val_00001146.jpg
vizwiz_val_001150,VizWiz,"please tell me what's on the screen, thank you.",files to search on external drive,windows picture options,0.785,0.9,none,data/VizWiz/Images/val/VizWiz_val_00001150.jpg
vizwiz_val_001153,VizWiz,whats on the screen,windows 8,windows setup,0.825,0.95,none,data/VizWiz/Images/val/VizWiz_val_00001153.jpg
vizwiz_val_001154,VizWiz,"What is the captcha, please?",pabw24nd,pabw24rd,0.983,0.95,none,data/VizWiz/Images/val/VizWiz_val_00001154.jpg
vizwiz_val_001157,VizWiz,What is,unanswerable,blueprints,0.896,0.85,answerability,data/VizWiz/Images/val/VizWiz_val_00001157.jpg
vizwiz_val_001158,VizWiz,What's written here?,wed 3 10 12 10:05 am back in 10 mins,wed 3/10/12,0.889,0.95,none,data/VizWiz/Images/val/VizWiz_val_00001158.jpg
vizwiz_val_001160,VizWiz,Do you see a model number anywhere on the face of this device?,no,unanswerable,1.000,0.95,none,data/VizWiz/Images/val/VizWiz_val_00001160.jpg
vizwiz_val_001164,VizWiz,What is this?,unanswerable,table,0.845,0.95,answerability,data/VizWiz/Images/val/VizWiz_val_00001164.jpg
vizwiz_val_001165,VizWiz,What is this?,person,t-shirt,0.894,0.9,none,data/VizWiz/Images/val/VizWiz_val_00001165.jpg
vizwiz_val_001168,VizWiz,What is this?,bottle cap,coca cola pin,0.907,0.85,none,data/VizWiz/Images/val/VizWiz_val_00001168.jpg
vizwiz_val_001170,VizWiz,What kind of pastries are these?,cookies,croissants,0.960,0.85,none,data/VizWiz/Images/val/VizWiz_val_00001170.jpg
vizwiz_val_001173,VizWiz,Please tell me the color of the jeans and the shirt and whether they match with each other.  Thank y,blue jeans shirt green white black stripes go together,blue green yes,0.820,0.9,none,data/VizWiz/Images/val/VizWiz_val_00001173.jpg
vizwiz_val_001175,VizWiz,What's this picture?,television,laptop,0.985,0.95,none,data/VizWiz/Images/val/VizWiz_val_00001175.jpg
vizwiz_val_001177,VizWiz,What color is this shirt?,grey pink,unanswerable,0.897,0.85,none,data/VizWiz/Images/val/VizWiz_val_00001177.jpg
vizwiz_val_001185,VizWiz,Can you please read to me what is shown on this display?,use washer dryer swipe card,use washer/dryer swipe card,0.990,0.95,none,data/VizWiz/Images/val/VizWiz_val_00001185.jpg
vizwiz_val_001187,VizWiz,"There are two shirts in this picture hopefully, are they the same color?",yes,unanswerable,0.937,0.7,none,data/VizWiz/Images/val/VizWiz_val_00001187.jpg
vizwiz_val_001189,VizWiz,What is this a picture of?What is this a picture of? A guy with a cane in his hand.,mans shirt pants,unanswerable,1.000,0.95,none,data/VizWiz/Images/val/VizWiz_val_00001189.jpg
vizwiz_val_001190,VizWiz,What soup is this?,tomato,unanswerable,0.980,0.95,none,data/VizWiz/Images/val/VizWiz_val_00001190.jpg
vizwiz_val_001191,VizWiz,What is the flavor of this chobani yogurt? Chobani is the brand not the flavor.,blood orange,grapefruit,0.972,0.95,none,data/VizWiz/Images/val/VizWiz_val_00001191.jpg
vizwiz_val_001194,VizWiz,what is in this box?,frozen dinner,unanswerable,0.984,0.95,none,data/VizWiz/Images/val/VizWiz_val_00001194.jpg
vizwiz_val_001196,VizWiz,What is this?,dresser television on top,tv,0.891,0.9,none,data/VizWiz/Images/val/VizWiz_val_00001196.jpg
vizwiz_val_001198,VizWiz,What does this label say?,powder,unanswerable,0.967,0.7,none,data/VizWiz/Images/val/VizWiz_val_00001198.jpg
vizwiz_val_001204,VizWiz,What is this?,socks,legs,0.962,0.95,none,data/VizWiz/Images/val/VizWiz_val_00001204.jpg
vizwiz_val_001208,VizWiz,What video game is this?,football,nfl 2k,0.859,0.95,none,data/VizWiz/Images/val/VizWiz_val_00001208.jpg
vizwiz_val_001209,VizWiz,What is this?,turkey dinner,roasted turkey breast dinner,0.901,0.95,none,data/VizWiz/Images/val/VizWiz_val_00001209.jpg
vizwiz_val_001213,VizWiz,What is this?,notebook,agenda,0.977,0.95,none,data/VizWiz/Images/val/VizWiz_val_00001213.jpg
vizwiz_val_001218,VizWiz,What's this picture of?,macbook pro,laptop screen,0.833,0.95,none,data/VizWiz/Images/val/VizWiz_val_00001218.jpg
vizwiz_val_001224,VizWiz,Can you tell me what's in this jar please?,salad dressing,unanswerable,0.964,0.95,none,data/VizWiz/Images/val/VizWiz_val_00001224.jpg
vizwiz_val_001228,VizWiz,can you tell where the blackberry bushes in relation to the front door?,to left,unanswerable,0.976,0.95,none,data/VizWiz/Images/val/VizWiz_val_00001228.jpg
vizwiz_val_001229,VizWiz,What do you see?,ground,forest floor,0.993,0.95,none,data/VizWiz/Images/val/VizWiz_val_00001229.jpg
vizwiz_val_001236,VizWiz,What is this?,soap,unanswerable,0.881,0.95,none,data/VizWiz/Images/val/VizWiz_val_00001236.jpg
vizwiz_val_001237,VizWiz,What kind of fish is this?,angel fish,unanswerable,0.908,0.85,none,data/VizWiz/Images/val/VizWiz_val_00001237.jpg
vizwiz_val_001238,VizWiz,Please describe this picture.,man leaning,man in disguise,0.611,0.9,none,data/VizWiz/Images/val/VizWiz_val_00001238.jpg
vizwiz_val_001239,VizWiz,What is currently being displayed on my screen?,delete partition f3,partition delete screen,0.597,0.85,none,data/VizWiz/Images/val/VizWiz_val_00001239.jpg
vizwiz_val_001241,VizWiz,Is this an application for first time students or returning graduates?,first time students,unanswerable,1.000,1.0,none,data/VizWiz/Images/val/VizWiz_val_00001241.jpg
vizwiz_val_001245,VizWiz,What is this?,meat,steak,0.976,0.95,none,data/VizWiz/Images/val/VizWiz_val_00001245.jpg
vizwiz_val_001246,VizWiz,What color is this shirt?,grey white,gray white stripes,0.681,0.95,none,data/VizWiz/Images/val/VizWiz_val_00001246.jpg
vizwiz_val_001247,VizWiz,When does this expire?,dec 28 2013,unanswerable,0.998,,none,data/VizWiz/Images/val/VizWiz_val_00001247.jpg
vizwiz_val_001249,VizWiz,Please identify.,pill bottle,pain reliever,0.797,0.95,none,data/VizWiz/Images/val/VizWiz_val_00001249.jpg
vizwiz_val_001253,VizWiz,What is the picture?,group people,one piece crew,0.825,0.95,none,data/VizWiz/Images/val/VizWiz_val_00001253.jpg
vizwiz_val_001257,VizWiz,What is this color?,red,pink,0.899,0.95,none,data/VizWiz/Images/val/VizWiz_val_00001257.jpg
vizwiz_val_001263,VizWiz,What is this?,gadget,unanswerable,0.957,0.95,none,data/VizWiz/Images/val/VizWiz_val_00001263.jpg
vizwiz_val_001264,VizWiz,what is the shape of this cookie cutter?,unanswerable,heart,0.998,0.95,answerability,data/VizWiz/Images/val/VizWiz_val_00001264.jpg
vizwiz_val_001265,VizWiz,Does the screen say anything?,no,unanswerable,1.000,0.95,none,data/VizWiz/Images/val/VizWiz_val_00001265.jpg
vizwiz_val_001266,VizWiz,What color is this?,blue white grey stripes,blue striped,0.756,0.95,none,data/VizWiz/Images/val/VizWiz_val_00001266.jpg
vizwiz_val_001269,VizWiz,What brand is this bag?,unanswerable,antler,0.957,0.85,answerability,data/VizWiz/Images/val/VizWiz_val_00001269.jpg
vizwiz_val_001271,VizWiz,what is this?,battery,unanswerable,0.950,0.95,none,data/VizWiz/Images/val/VizWiz_val_00001271.jpg
vizwiz_val_001272,VizWiz,What DVD is this?,unanswerable,christmas shoes,0.959,0.95,answerability,data/VizWiz/Images/val/VizWiz_val_00001272.jpg
vizwiz_val_001274,VizWiz,What kind of dog is this?,tan,chihuahua,0.977,0.85,none,data/VizWiz/Images/val/VizWiz_val_00001274.jpg
vizwiz_val_001280,VizWiz,"Please help me, I need to know where the arrow is so that I can get to heavy load.",on heavy load,15,0.736,0.95,none,data/VizWiz/Images/val/VizWiz_val_00001280.jpg
vizwiz_val_001281,VizWiz,what does this say here what is this?,reminder to bring medication,reminder to patients please bring all your medications including non-prescriptions and supplements to your next office visit thank you,0.981,0.95,none,data/VizWiz/Images/val/VizWiz_val_00001281.jpg
vizwiz_val_001283,VizWiz,Can you tell me what the picture is on the front of this shirt?,christmas tree,santa tree,0.871,0.95,none,data/VizWiz/Images/val/VizWiz_val_00001283.jpg
vizwiz_val_001285,VizWiz,so how long do I cook this in the microwave?,unanswerable,8 minutes,0.986,0.95,answerability,data/VizWiz/Images/val/VizWiz_val_00001285.jpg
vizwiz_val_001292,VizWiz,"I know this is Marie Callendar's and I know it's frozen, could you please tell me what kind of dinne",beef green beans carrots potatoes,unanswerable,0.996,0.95,none,data/VizWiz/Images/val/VizWiz_val_00001292.jpg
vizwiz_val_001294,VizWiz,What is this?,magazine,thai comic book,0.747,0.95,none,data/VizWiz/Images/val/VizWiz_val_00001294.jpg
vizwiz_val_001296,VizWiz,Who is it?,i dont know,unanswerable,0.979,1.0,none,data/VizWiz/Images/val/VizWiz_val_00001296.jpg
vizwiz_val_001299,VizWiz,What color is the shirt I'm wearing?,blackbluelight blue brown flannel,plaid,0.818,0.7,none,data/VizWiz/Images/val/VizWiz_val_00001299.jpg
vizwiz_val_001300,VizWiz,What does this say?,nothing,unanswerable,1.000,1.0,none,data/VizWiz/Images/val/VizWiz_val_00001300.jpg
vizwiz_val_001301,VizWiz,What is this?,jacobs,cookie tin,0.861,0.95,none,data/VizWiz/Images/val/VizWiz_val_00001301.jpg
vizwiz_val_001304,VizWiz,What is this a model of?,bottle,sailboat,0.899,0.9,none,data/VizWiz/Images/val/VizWiz_val_00001304.jpg
vizwiz_val_001305,VizWiz,Who's going to win the game?,number 8,australia,0.726,0.75,none,data/VizWiz/Images/val/VizWiz_val_00001305.jpg
vizwiz_val_001306,VizWiz,What color is this?,grey,gray,0.903,0.9,none,data/VizWiz/Images/val/VizWiz_val_00001306.jpg
vizwiz_val_001307,VizWiz,What kind of soda is this? It didn't work.,cola,unanswerable,0.888,0.85,none,data/VizWiz/Images/val/VizWiz_val_00001307.jpg
vizwiz_val_001310,VizWiz,What voltage and wattage are on this power supply?,100 127v 200 240v,"100-240v, 95w",0.925,0.85,none,data/VizWiz/Images/val/VizWiz_val_00001310.jpg
vizwiz_val_001311,VizWiz,What color is this?,white purple flowers,cream green,0.543,0.9,none,data/VizWiz/Images/val/VizWiz_val_00001311.jpg
vizwiz_val_001319,VizWiz,Can you tell what this item is?,garden retreat,book,0.857,0.9,none,data/VizWiz/Images/val/VizWiz_val_00001319.jpg
vizwiz_val_001320,VizWiz,What is this?,small container,button,0.951,0.85,none,data/VizWiz/Images/val/VizWiz_val_00001320.jpg
vizwiz_val_001321,VizWiz,What this? What's this marker?,blue,unanswerable,0.997,0.95,none,data/VizWiz/Images/val/VizWiz_val_00001321.jpg
vizwiz_val_001326,VizWiz,Who is answering my question?,human,unanswerable,1.000,1.0,none,data/VizWiz/Images/val/VizWiz_val_00001326.jpg
vizwiz_val_001331,VizWiz,"Is there anything on this tin that could help me identify the name of it, the brand or anything?",no,unanswerable,1.000,0.95,none,data/VizWiz/Images/val/VizWiz_val_00001331.jpg
vizwiz_val_001336,VizWiz,Do you like coffee?,yes,unanswerable,1.000,1.0,none,data/VizWiz/Images/val/VizWiz_val_00001336.jpg
vizwiz_val_001337,VizWiz,What does this say? What does this say?,total,unanswerable,0.978,0.85,none,data/VizWiz/Images/val/VizWiz_val_00001337.jpg
vizwiz_val_001342,VizWiz,What button is Mountain Dew?,5,unanswerable,1.000,0.95,none,data/VizWiz/Images/val/VizWiz_val_00001342.jpg
vizwiz_val_001343,VizWiz,What is this?,1 dollar bill,one dollar bill,0.978,0.95,none,data/VizWiz/Images/val/VizWiz_val_00001343.jpg
vizwiz_val_001346,VizWiz,What is this product?,netgear,wifi adapter,0.859,0.95,none,data/VizWiz/Images/val/VizWiz_val_00001346.jpg
vizwiz_val_001347,VizWiz,What logo is on this t-shirt?,star,unanswerable,0.995,0.95,none,data/VizWiz/Images/val/VizWiz_val_00001347.jpg
vizwiz_val_001350,VizWiz,Is this regular or decaffeinated coffee?,regular,unanswerable,0.988,0.95,none,data/VizWiz/Images/val/VizWiz_val_00001350.jpg
vizwiz_val_001352,VizWiz,What kind of soup is this?,yogurt,unanswerable,0.993,0.95,none,data/VizWiz/Images/val/VizWiz_val_00001352.jpg
vizwiz_val_001353,VizWiz,What color is this?,grey,gray,0.881,0.95,none,data/VizWiz/Images/val/VizWiz_val_00001353.jpg
vizwiz_val_001355,VizWiz,checked what color is it? alright got it on.,black,unanswerable,0.915,0.9,none,data/VizWiz/Images/val/VizWiz_val_00001355.jpg
vizwiz_val_001360,VizWiz,What is this?,unanswerable,sloppy joe sauce,0.920,0.95,answerability,data/VizWiz/Images/val/VizWiz_val_00001360.jpg
vizwiz_val_001363,VizWiz,Can you read anything on this label?,yes,anti-gravity slippers,0.934,0.95,none,data/VizWiz/Images/val/VizWiz_val_00001363.jpg
vizwiz_val_001364,VizWiz,Could you please identify this object?,unanswerable,rug doctor,0.963,0.85,answerability,data/VizWiz/Images/val/VizWiz_val_00001364.jpg
vizwiz_val_001366,VizWiz,What is the frequency in the display?,90,unanswerable,1.000,0.95,none,data/VizWiz/Images/val/VizWiz_val_00001366.jpg
vizwiz_val_001368,VizWiz,Can you see the fragrance on this bottle of Freebeze?,no,unanswerable,1.000,0.95,none,data/VizWiz/Images/val/VizWiz_val_00001368.jpg
vizwiz_val_001369,VizWiz,"Hey, could you tell me what kind of bottle this is?",plastic,unanswerable,0.996,0.95,none,data/VizWiz/Images/val/VizWiz_val_00001369.jpg
vizwiz_val_001371,VizWiz,Is mine fan on?,yes,unanswerable,0.969,0.95,none,data/VizWiz/Images/val/VizWiz_val_00001371.jpg
vizwiz_val_001373,VizWiz,What is this?,lego toy,lego car,0.997,0.9,none,data/VizWiz/Images/val/VizWiz_val_00001373.jpg
vizwiz_val_001375,VizWiz,Can you read this?,yes,unanswerable,0.888,0.95,none,data/VizWiz/Images/val/VizWiz_val_00001375.jpg
vizwiz_val_001376,VizWiz,What is this book called?,everythings amazing,tom gates,0.997,0.95,none,data/VizWiz/Images/val/VizWiz_val_00001376.jpg
vizwiz_val_001377,VizWiz,Does it look sunny outside?,yes,unanswerable,0.884,0.7,none,data/VizWiz/Images/val/VizWiz_val_00001377.jpg
vizwiz_val_001381,VizWiz,"Is there a chest piece in this picture? If so, where?",no,unanswerable,0.979,0.95,none,data/VizWiz/Images/val/VizWiz_val_00001381.jpg
vizwiz_val_001383,VizWiz,Can you tell me which of these cans is salmon and which is the tuna?,yes,unanswerable,0.731,0.95,none,data/VizWiz/Images/val/VizWiz_val_00001383.jpg
vizwiz_val_001385,VizWiz,"Do you see the river from there, from this perspective?",yes,unanswerable,0.908,0.9,none,data/VizWiz/Images/val/VizWiz_val_00001385.jpg
vizwiz_val_001391,VizWiz,What is this?,printer,air conditioner,0.998,0.95,none,data/VizWiz/Images/val/VizWiz_val_00001391.jpg
vizwiz_val_001395,VizWiz,What is on this shelf?,beer,unanswerable,0.998,0.95,none,data/VizWiz/Images/val/VizWiz_val_00001395.jpg
vizwiz_val_001397,VizWiz,What is this object?,tv remote,remote control,0.996,0.95,none,data/VizWiz/Images/val/VizWiz_val_00001397.jpg
vizwiz_val_001404,VizWiz,What's in this can?,unanswerable,beans,0.952,0.9,answerability,data/VizWiz/Images/val/VizWiz_val_00001404.jpg
vizwiz_val_001407,VizWiz,What does this say?,macbook pro,unanswerable,0.999,0.95,none,data/VizWiz/Images/val/VizWiz_val_00001407.jpg
vizwiz_val_001410,VizWiz,"Hi do the sheets that are directly behind the, do the top sheets directly behind each respective fit",no,unanswerable,1.000,0.95,none,data/VizWiz/Images/val/VizWiz_val_00001410.jpg
vizwiz_val_001412,VizWiz,What is that?,robe,shirt,0.837,0.95,none,data/VizWiz/Images/val/VizWiz_val_00001412.jpg
vizwiz_val_001413,VizWiz,What kind of cookies are these?,double stuff oreo,double stuf oreo,0.953,0.95,none,data/VizWiz/Images/val/VizWiz_val_00001413.jpg
vizwiz_val_001414,VizWiz,What is this?,unanswerable,gradient,0.701,0.95,answerability,data/VizWiz/Images/val/VizWiz_val_00001414.jpg
vizwiz_val_001415,VizWiz,Is this a can of beans?,yes,unanswerable,0.958,0.7,none,data/VizWiz/Images/val/VizWiz_val_00001415.jpg
vizwiz_val_001417,VizWiz,What is this?,fragrance,perfume,0.956,0.95,none,data/VizWiz/Images/val/VizWiz_val_00001417.jpg
vizwiz_val_001418,VizWiz,What is on this Captcha please?,d8kk,d8kh,0.997,0.95,none,data/VizWiz/Images/val/VizWiz_val_00001418.jpg
vizwiz_val_001424,VizWiz,Please describe this gift card,bath body works,bath & body works,0.963,0.95,none,data/VizWiz/Images/val/VizWiz_val_00001424.jpg
vizwiz_val_001428,VizWiz,What flavor is this?,dark chocolate peanut almond,"dark chocolate, peanut & almond",0.956,0.95,none,data/VizWiz/Images/val/VizWiz_val_00001428.jpg
vizwiz_val_001432,VizWiz,"Is it sunny outside, and what time does the sun set in Dallas, TX?",pm,unanswerable,0.841,0.7,none,data/VizWiz/Images/val/VizWiz_val_00001432.jpg
vizwiz_val_001435,VizWiz,How many degree of temperature on this remote control?,unanswerable,24,0.919,0.9,answerability,data/VizWiz/Images/val/VizWiz_val_00001435.jpg
vizwiz_val_001437,VizWiz,What is this?,football,hat,0.680,0.9,none,data/VizWiz/Images/val/VizWiz_val_00001437.jpg
vizwiz_val_001439,VizWiz,Has the formatting finished?,no,unanswerable,0.997,0.95,none,data/VizWiz/Images/val/VizWiz_val_00001439.jpg
vizwiz_val_001440,VizWiz,What color are the three wires from left to right?,red black white,"red, black, white",0.951,0.95,none,data/VizWiz/Images/val/VizWiz_val_00001440.jpg
vizwiz_val_001443,VizWiz,what's in the picture?,coffee table,unanswerable,0.924,0.95,none,data/VizWiz/Images/val/VizWiz_val_00001443.jpg
vizwiz_val_001445,VizWiz,what's the name,unanswerable,euphoria,0.942,0.85,answerability,data/VizWiz/Images/val/VizWiz_val_00001445.jpg
vizwiz_val_001448,VizWiz,What kind of soda is this?,cherry coca cola,coca-cola cherry,0.708,0.95,none,data/VizWiz/Images/val/VizWiz_val_00001448.jpg
vizwiz_val_001454,VizWiz,Is this on air or dehumidifier?,unanswerable,dehumidifier,0.984,0.7,answerability,data/VizWiz/Images/val/VizWiz_val_00001454.jpg
vizwiz_val_001456,VizWiz,Can you see anything about these articles of clothing that does not match?,no,unanswerable,0.938,0.9,none,data/VizWiz/Images/val/VizWiz_val_00001456.jpg
vizwiz_val_001459,VizWiz,What color jewelry should I wear with this outfit?,silver,unanswerable,1.000,1.0,none,data/VizWiz/Images/val/VizWiz_val_00001459.jpg
vizwiz_val_001465,VizWiz,Is this shirt on the right side?,yes,unanswerable,0.990,0.95,none,data/VizWiz/Images/val/VizWiz_val_00001465.jpg
vizwiz_val_001468,VizWiz,What is this shirt look like,yellow logo on black,yellow purple green,0.850,0.7,none,data/VizWiz/Images/val/VizWiz_val_00001468.jpg
vizwiz_val_001471,VizWiz,What does this knob say?,white colors,whites and colors,0.898,0.95,none,data/VizWiz/Images/val/VizWiz_val_00001471.jpg
vizwiz_val_001477,VizWiz,Can you tell what's on this menu?,no,unanswerable,0.783,0.85,none,data/VizWiz/Images/val/VizWiz_val_00001477.jpg
vizwiz_val_001478,VizWiz,What is this?,shredder,heat sealer,0.861,0.95,none,data/VizWiz/Images/val/VizWiz_val_00001478.jpg
vizwiz_val_001480,VizWiz,What is this?,hand,unanswerable,1.000,0.95,none,data/VizWiz/Images/val/VizWiz_val_00001480.jpg
vizwiz_val_001481,VizWiz,what's this? what's this?,thomas train,thomas tank engine,0.896,0.95,none,data/VizWiz/Images/val/VizWiz_val_00001481.jpg
vizwiz_val_001484,VizWiz,Can you please tell me what each brand is--left and right?,dove lady speed stick,"dove, lady speed stick",0.989,0.95,none,data/VizWiz/Images/val/VizWiz_val_00001484.jpg
vizwiz_val_001485,VizWiz,What is this?,mug,cup,0.878,0.9,none,data/VizWiz/Images/val/VizWiz_val_00001485.jpg
vizwiz_val_001490,VizWiz,What movie is this?,abba,mamma mia,0.719,0.85,none,data/VizWiz/Images/val/VizWiz_val_00001490.jpg
vizwiz_val_001496,VizWiz,What color is this?,grey,white,0.933,0.9,none,data/VizWiz/Images/val/VizWiz_val_00001496.jpg
vizwiz_val_001500,VizWiz,This is an advertisement?,no,unanswerable,0.961,0.95,none,data/VizWiz/Images/val/VizWiz_val_00001500.jpg
vizwiz_val_001501,VizWiz,Can you see what it says on the screen?,no,unanswerable,1.000,0.95,none,data/VizWiz/Images/val/VizWiz_val_00001501.jpg
vizwiz_val_001503,VizWiz,"Hi, can you tell me what color this t-shirt is, please?",white,green,0.754,0.85,none,data/VizWiz/Images/val/VizWiz_val_00001503.jpg
vizwiz_val_001506,VizWiz,What type of key?,ginger peach,unanswerable,1.000,1.0,none,data/VizWiz/Images/val/VizWiz_val_00001506.jpg
vizwiz_val_001509,VizWiz,What's in this image?,applying user settings,laptop screen,0.873,0.95,none,data/VizWiz/Images/val/VizWiz_val_00001509.jpg
vizwiz_val_001510,VizWiz,In this box.,only see yellow,unanswerable,0.967,0.95,none,data/VizWiz/Images/val/VizWiz_val_00001510.jpg
vizwiz_val_001517,VizWiz,What is this?,hershey,unanswerable,0.985,0.95,none,data/VizWiz/Images/val/VizWiz_val_00001517.jpg
vizwiz_val_001521,VizWiz,Is that a paper?,no,unanswerable,0.979,0.85,none,data/VizWiz/Images/val/VizWiz_val_00001521.jpg
vizwiz_val_001522,VizWiz,Is there anybody in the hallway?,no,unanswerable,0.866,0.95,none,data/VizWiz/Images/val/VizWiz_val_00001522.jpg
vizwiz_val_001530,VizWiz,Can you tell me if this cat is cute?,yes,unanswerable,1.000,0.95,none,data/VizWiz/Images/val/VizWiz_val_00001530.jpg
vizwiz_val_001532,VizWiz,Who is the fifth president and who is on the six dollar bill?,abraham lincoln,unanswerable,1.000,0.95,none,data/VizWiz/Images/val/VizWiz_val_00001532.jpg
vizwiz_val_001536,VizWiz,What is in this can?,pineapple chunks,apple juice,0.982,0.85,none,data/VizWiz/Images/val/VizWiz_val_00001536.jpg
vizwiz_val_001537,VizWiz,What is on my screen?,greek alphabet,keyboard layout,0.966,0.95,none,data/VizWiz/Images/val/VizWiz_val_00001537.jpg
vizwiz_val_001538,VizWiz,What is this item?,unanswerable,box,0.998,0.95,answerability,data/VizWiz/Images/val/VizWiz_val_00001538.jpg
vizwiz_val_001541,VizWiz,what color is this?,grey,gray,0.776,0.95,none,data/VizWiz/Images/val/VizWiz_val_00001541.jpg
vizwiz_val_001542,VizWiz,"Given AC parallel to DF, and angle ABE equals to 26, find BDE",unanswerable,26,0.935,0.9,answerability,data/VizWiz/Images/val/VizWiz_val_00001542.jpg
vizwiz_val_001544,VizWiz,"Hi, can you please tell me what flavor this is?",no,cream carbon,0.977,0.9,none,data/VizWiz/Images/val/VizWiz_val_00001544.jpg
vizwiz_val_001547,VizWiz,What is this picture about?,2 animals hugging each other in front pink heart very blurry,love,0.512,0.8,none,data/VizWiz/Images/val/VizWiz_val_00001547.jpg
vizwiz_val_001548,VizWiz,What is this?,wooden letters spelling star,star letters,0.613,0.9,none,data/VizWiz/Images/val/VizWiz_val_00001548.jpg
vizwiz_val_001551,VizWiz,"What is the name of this product, and what weight is it please?",nivea creme,unanswerable,0.988,0.7,none,data/VizWiz/Images/val/VizWiz_val_00001551.jpg
vizwiz_val_001553,VizWiz,Can you tell me what kind of chips these are?,cheetos,unanswerable,1.000,0.95,none,data/VizWiz/Images/val/VizWiz_val_00001553.jpg
vizwiz_val_001554,VizWiz,Is this enough V8 juice?,yes,unanswerable,1.000,0.95,none,data/VizWiz/Images/val/VizWiz_val_00001554.jpg
vizwiz_val_001555,VizWiz,Is this Life is Beautiful?,no,unanswerable,0.979,0.95,none,data/VizWiz/Images/val/VizWiz_val_00001555.jpg
vizwiz_val_001556,VizWiz,What color is this shirt?,tan,brown,0.999,0.95,none,data/VizWiz/Images/val/VizWiz_val_00001556.jpg
vizwiz_val_001557,VizWiz,What's this picture about?,shelves,bookshelf,0.951,0.9,none,data/VizWiz/Images/val/VizWiz_val_00001557.jpg
vizwiz_val_001558,VizWiz,What color is my cap?,brown,unanswerable,1.000,1.0,none,data/VizWiz/Images/val/VizWiz_val_00001558.jpg
vizwiz_val_001559,VizWiz,What is this can?,unanswerable,diced tomatoes,0.903,0.9,answerability,data/VizWiz/Images/val/VizWiz_val_00001559.jpg
vizwiz_val_001563,VizWiz,What's this?,hair pin,spring,0.777,0.7,none,data/VizWiz/Images/val/VizWiz_val_00001563.jpg
vizwiz_val_001564,VizWiz,what kinda soda is this?,mtn dew,mountain dew,1.000,0.95,none,data/VizWiz/Images/val/VizWiz_val_00001564.jpg
vizwiz_val_001568,VizWiz,What is this?,unanswerable,ranch style beans,0.871,0.95,answerability,data/VizWiz/Images/val/VizWiz_val_00001568.jpg
vizwiz_val_001570,VizWiz,What is this?,vitamins,vitamin bottle,0.822,0.95,none,data/VizWiz/Images/val/VizWiz_val_00001570.jpg
vizwiz_val_001571,VizWiz,What color is it?,grey,gray,0.824,0.95,none,data/VizWiz/Images/val/VizWiz_val_00001571.jpg
vizwiz_val_001572,VizWiz,Which chocolate bar is it? Snickers or Mars?,mars,snickers,0.962,0.7,none,data/VizWiz/Images/val/VizWiz_val_00001572.jpg
vizwiz_val_001573,VizWiz,What is this?,cup milk,coffee,0.665,0.95,none,data/VizWiz/Images/val/VizWiz_val_00001573.jpg
vizwiz_val_001576,VizWiz,What color is this?,pink,unanswerable,0.750,0.85,none,data/VizWiz/Images/val/VizWiz_val_00001576.jpg
vizwiz_val_001577,VizWiz,What's this? What's in the vegetables?,spaghetti os,unanswerable,0.939,0.9,none,data/VizWiz/Images/val/VizWiz_val_00001577.jpg
vizwiz_val_001579,VizWiz,Can you tell me what this is?,book,barbie doll playset,0.815,0.95,none,data/VizWiz/Images/val/VizWiz_val_00001579.jpg
vizwiz_val_001581,VizWiz,What is in this bottle?,ubiquinol qh absorb,ubiquinol qh-absorb,0.995,0.95,none,data/VizWiz/Images/val/VizWiz_val_00001581.jpg
vizwiz_val_001586,VizWiz,Which packet contains plain flower?,red white 1,red packet,0.983,0.95,none,data/VizWiz/Images/val/VizWiz_val_00001586.jpg
vizwiz_val_001589,VizWiz,Can you tell me if there are any photos on the CD cover and if so can you give me a description of t,photo billy joel on stage piano,"yes, man playing piano",0.750,0.95,none,data/VizWiz/Images/val/VizWiz_val_00001589.jpg
vizwiz_val_001590,VizWiz,What is this title?,3 degrees,three degrees,0.900,0.95,none,data/VizWiz/Images/val/VizWiz_val_00001590.jpg
vizwiz_val_001596,VizWiz,what color is this haircut?,orange,unanswerable,0.888,0.95,none,data/VizWiz/Images/val/VizWiz_val_00001596.jpg
vizwiz_val_001597,VizWiz,What is it?,unanswerable,keyboard,0.854,0.85,answerability,data/VizWiz/Images/val/VizWiz_val_00001597.jpg
vizwiz_val_001598,VizWiz,what is the name of the product in the can in the picture?,lysol,unanswerable,0.907,0.95,none,data/VizWiz/Images/val/VizWiz_val_00001598.jpg
vizwiz_val_001600,VizWiz,What sent?,sage sweet grass,sage & sweet grass,0.976,0.95,none,data/VizWiz/Images/val/VizWiz_val_00001600.jpg
vizwiz_val_001602,VizWiz,What is this?,bologna,unanswerable,1.000,0.95,none,data/VizWiz/Images/val/VizWiz_val_00001602.jpg
vizwiz_val_001603,VizWiz,what kind of pee is this?,sleepytime herbal tea,unanswerable,1.000,1.0,none,data/VizWiz/Images/val/VizWiz_val_00001603.jpg
vizwiz_val_001605,VizWiz,What kind of chips are these?,doritos,unanswerable,1.000,0.95,none,data/VizWiz/Images/val/VizWiz_val_00001605.jpg
vizwiz_val_001608,VizWiz,What is it?,cork,coin,0.750,0.85,none,data/VizWiz/Images/val/VizWiz_val_00001608.jpg
vizwiz_val_001610,VizWiz,What is this?,dove rich nourishment cream,dove cream,0.789,0.95,none,data/VizWiz/Images/val/VizWiz_val_00001610.jpg
vizwiz_val_001615,VizWiz,What's going on on the screen?,windows logo,unanswerable,0.917,0.9,none,data/VizWiz/Images/val/VizWiz_val_00001615.jpg
vizwiz_val_001618,VizWiz,What color is this?,grey,gray,0.776,0.85,none,data/VizWiz/Images/val/VizWiz_val_00001618.jpg
vizwiz_val_001620,VizWiz,Can you please tell me what that packet is?,lean steak mince,ground beef,0.950,0.95,none,data/VizWiz/Images/val/VizWiz_val_00001620.jpg
vizwiz_val_001623,VizWiz,What do you say?,yuck,coffee,0.977,0.9,none,data/VizWiz/Images/val/VizWiz_val_00001623.jpg
vizwiz_val_001625,VizWiz,What's this?,unanswerable,sun,0.896,0.95,answerability,data/VizWiz/Images/val/VizWiz_val_00001625.jpg
vizwiz_val_001628,VizWiz,What color is this and what is it?,grey black michael kors handbag,beige mk bag,0.695,0.9,none,data/VizWiz/Images/val/VizWiz_val_00001628.jpg
vizwiz_val_001632,VizWiz,What's in the box?,kellogg,cereal,0.980,0.95,none,data/VizWiz/Images/val/VizWiz_val_00001632.jpg
vizwiz_val_001637,VizWiz,What is the title of this book?,unanswerable,will your church navigate these changes?,0.951,0.95,answerability,data/VizWiz/Images/val/VizWiz_val_00001637.jpg
vizwiz_val_001640,VizWiz,What is my computer screen showing?,system error,windows repair screen,0.690,0.95,none,data/VizWiz/Images/val/VizWiz_val_00001640.jpg
vizwiz_val_001644,VizWiz,What does this say?,unanswerable,notice,0.786,0.9,answerability,data/VizWiz/Images/val/VizWiz_val_00001644.jpg
vizwiz_val_001649,VizWiz,Can you tell me what's written on this card?,7259 7694,$7259,0.898,0.95,none,data/VizWiz/Images/val/VizWiz_val_00001649.jpg
vizwiz_val_001652,VizWiz,What is this bottle?,shampoo,tresemme,0.704,0.9,none,data/VizWiz/Images/val/VizWiz_val_00001652.jpg
vizwiz_val_001653,VizWiz,What color is my hand?,white,unanswerable,0.980,0.95,none,data/VizWiz/Images/val/VizWiz_val_00001653.jpg
vizwiz_val_001655,VizWiz,What does this screen say?,nothing,unanswerable,1.000,0.95,none,data/VizWiz/Images/val/VizWiz_val_00001655.jpg
vizwiz_val_001659,VizWiz,What color is that please?,white,gray,0.937,0.95,none,data/VizWiz/Images/val/VizWiz_val_00001659.jpg
vizwiz_val_001660,VizWiz,"Does anyone know what this is and what its use is?  A student of mine had it, it looks like a perfec",dog toy,fidget toy,0.965,0.9,none,data/VizWiz/Images/val/VizWiz_val_00001660.jpg
vizwiz_val_001662,VizWiz,What is that?,phone app,communication device,0.972,0.95,none,data/VizWiz/Images/val/VizWiz_val_00001662.jpg
vizwiz_val_001663,VizWiz,What is the title of this cd?,jazz collection,grand reunion,0.947,0.9,none,data/VizWiz/Images/val/VizWiz_val_00001663.jpg
vizwiz_val_001665,VizWiz,What color is this shirt?,unanswerable,brown,0.934,0.85,answerability,data/VizWiz/Images/val/VizWiz_val_00001665.jpg
vizwiz_val_001668,VizWiz,Does Buddy's face look cute or not?,yes,cute,0.979,0.9,none,data/VizWiz/Images/val/VizWiz_val_00001668.jpg
vizwiz_val_001676,VizWiz,How do you take care of a bird?,leave alone,unanswerable,0.999,1.0,none,data/VizWiz/Images/val/VizWiz_val_00001676.jpg
vizwiz_val_001678,VizWiz,What is this?,fiber n mor,fiber supplement,0.986,0.95,none,data/VizWiz/Images/val/VizWiz_val_00001678.jpg
vizwiz_val_001683,VizWiz,Is there a button on the table? Is there a button on the table?,no,unanswerable,0.996,0.95,none,data/VizWiz/Images/val/VizWiz_val_00001683.jpg
vizwiz_val_001684,VizWiz,What does this look like?,old books,unanswerable,0.993,0.95,none,data/VizWiz/Images/val/VizWiz_val_00001684.jpg
vizwiz_val_001685,VizWiz,i dont know if this will work but will you read the washing directions for this t-shirt?,yes,machine wash cold,0.787,0.95,none,data/VizWiz/Images/val/VizWiz_val_00001685.jpg
vizwiz_val_001686,VizWiz,What is this?,cassette player,radio shack device,0.950,0.85,none,data/VizWiz/Images/val/VizWiz_val_00001686.jpg
vizwiz_val_001689,VizWiz,What is this?,unanswerable,gradient background,0.865,0.95,answerability,data/VizWiz/Images/val/VizWiz_val_00001689.jpg
vizwiz_val_001690,VizWiz,What is this?,blistex,lip balm,0.968,0.95,none,data/VizWiz/Images/val/VizWiz_val_00001690.jpg
vizwiz_val_001691,VizWiz,What is this item?,hot pepper sauce,hot sauce,0.915,0.95,none,data/VizWiz/Images/val/VizWiz_val_00001691.jpg
vizwiz_val_001693,VizWiz,What is this?,cholesterol medication,cholesterol supplement,0.864,0.95,none,data/VizWiz/Images/val/VizWiz_val_00001693.jpg
vizwiz_val_001695,VizWiz,What bill is this?,10 dollar,10 cad,0.731,0.95,none,data/VizWiz/Images/val/VizWiz_val_00001695.jpg
vizwiz_val_001696,VizWiz,What kind of chocolate chips are these?,semi sweet,semi-sweet,0.959,0.95,none,data/VizWiz/Images/val/VizWiz_val_00001696.jpg
vizwiz_val_001699,VizWiz,What do I use this for?,hammer,nailing,0.886,0.95,none,data/VizWiz/Images/val/VizWiz_val_00001699.jpg
vizwiz_val_001700,VizWiz,What is this?,hand,unanswerable,0.987,0.95,none,data/VizWiz/Images/val/VizWiz_val_00001700.jpg
vizwiz_val_001702,VizWiz,Can you please describe this tie.,checkered,brown and white patterned,0.741,0.9,none,data/VizWiz/Images/val/VizWiz_val_00001702.jpg
vizwiz_val_001707,VizWiz,What is this?,trash receptacle,mail box,0.705,0.9,none,data/VizWiz/Images/val/VizWiz_val_00001707.jpg
vizwiz_val_001714,VizWiz,What is the name of this book?,unanswerable,college algebra,0.982,0.95,answerability,data/VizWiz/Images/val/VizWiz_val_00001714.jpg
vizwiz_val_001717,VizWiz,What does this shirt say?,ny,mi,0.636,0.95,none,data/VizWiz/Images/val/VizWiz_val_00001717.jpg
vizwiz_val_001718,VizWiz,What color are these socks?,white,red,0.996,0.85,none,data/VizWiz/Images/val/VizWiz_val_00001718.jpg
vizwiz_val_001719,VizWiz,Is there any tomatoes in the burger?,no,unanswerable,0.925,0.85,none,data/VizWiz/Images/val/VizWiz_val_00001719.jpg
vizwiz_val_001724,VizWiz,What is this color please?,silver,gray,0.696,0.95,none,data/VizWiz/Images/val/VizWiz_val_00001724.jpg
vizwiz_val_001732,VizWiz,What does the screen say?,apple tv update,unanswerable,0.996,0.95,none,data/VizWiz/Images/val/VizWiz_val_00001732.jpg
vizwiz_val_001733,VizWiz,Can you tell what flavor this is?,unanswerable,orange,0.844,0.85,answerability,data/VizWiz/Images/val/VizWiz_val_00001733.jpg
vizwiz_val_001734,VizWiz,What is this?,sauted potato bacon,sautéed potato & bacon,0.964,0.95,none,data/VizWiz/Images/val/VizWiz_val_00001734.jpg
vizwiz_val_001739,VizWiz,What kind of braille display is this?,keyboard,alva usb 640,0.887,0.95,none,data/VizWiz/Images/val/VizWiz_val_00001739.jpg
vizwiz_val_001742,VizWiz,What is this drink?,pepsi,unanswerable,1.000,0.95,none,data/VizWiz/Images/val/VizWiz_val_00001742.jpg
vizwiz_val_001743,VizWiz,What kind of lighter is this?,world gun,gun shaped,0.686,0.95,none,data/VizWiz/Images/val/VizWiz_val_00001743.jpg
vizwiz_val_001745,VizWiz,What's this?,room,unanswerable,1.000,0.95,none,data/VizWiz/Images/val/VizWiz_val_00001745.jpg
vizwiz_val_001746,VizWiz,What NASCAR driver is this?,mr goodwrench,dale earnhardt,0.763,0.95,none,data/VizWiz/Images/val/VizWiz_val_00001746.jpg
vizwiz_val_001748,VizWiz,What about the scenery?,trees houses,unanswerable,0.822,0.9,none,data/VizWiz/Images/val/VizWiz_val_00001748.jpg
vizwiz_val_001755,VizWiz,What color is the drink in my cup?,clear,unanswerable,0.945,0.9,none,data/VizWiz/Images/val/VizWiz_val_00001755.jpg
vizwiz_val_001760,VizWiz,Can you tell me what is lying on the table?  Am I using the right camera?  Tell me what you see a pi,10 dollar bill,unanswerable,0.998,0.95,none,data/VizWiz/Images/val/VizWiz_val_00001760.jpg
vizwiz_val_001761,VizWiz,What is this?,microwave,unanswerable,0.985,0.95,none,data/VizWiz/Images/val/VizWiz_val_00001761.jpg
vizwiz_val_001766,VizWiz,What is this product?,green beans,unanswerable,0.887,0.95,none,data/VizWiz/Images/val/VizWiz_val_00001766.jpg
vizwiz_val_001767,VizWiz,in this box,cross,unanswerable,0.999,0.95,none,data/VizWiz/Images/val/VizWiz_val_00001767.jpg
vizwiz_val_001768,VizWiz,Can you please describe to me what's on the card and its orientation? Thank you.,tilted left titled star woman looks up at star,"star, upright",0.896,0.95,none,data/VizWiz/Images/val/VizWiz_val_00001768.jpg
vizwiz_val_001772,VizWiz,What is in this box?,beer,unanswerable,0.928,0.95,none,data/VizWiz/Images/val/VizWiz_val_00001772.jpg
vizwiz_val_001784,VizWiz,What it is?,whistle,unanswerable,0.964,0.95,none,data/VizWiz/Images/val/VizWiz_val_00001784.jpg
vizwiz_val_001785,VizWiz,What color is this shirt?,red,pink,0.961,0.95,none,data/VizWiz/Images/val/VizWiz_val_00001785.jpg
vizwiz_val_001787,VizWiz,what is this item?,deep fryer,unanswerable,0.998,0.95,none,data/VizWiz/Images/val/VizWiz_val_00001787.jpg
vizwiz_val_001791,VizWiz,What is this?,unanswerable,finger,0.879,0.85,answerability,data/VizWiz/Images/val/VizWiz_val_00001791.jpg
vizwiz_val_001793,VizWiz,What is song is this?,unanswerable,i let her go-go,0.879,0.95,answerability,data/VizWiz/Images/val/VizWiz_val_00001793.jpg
vizwiz_val_001795,VizWiz,What is this bag?,unanswerable,shopping bag,0.972,0.85,answerability,data/VizWiz/Images/val/VizWiz_val_00001795.jpg
vizwiz_val_001796,VizWiz,What's this?,expo echo,expoecho,0.811,0.9,none,data/VizWiz/Images/val/VizWiz_val_00001796.jpg
vizwiz_val_001800,VizWiz,"Sorry, I kind of stammer sometimes. What I was asking was, so basically, when you take a picture of ",no,unanswerable,0.991,1.0,none,data/VizWiz/Images/val/VizWiz_val_00001800.jpg
vizwiz_val_001801,VizWiz,Alright what is the expiration on this carton of milk?,march 21 2012,mar 21 12,0.997,0.95,none,data/VizWiz/Images/val/VizWiz_val_00001801.jpg
vizwiz_val_001802,VizWiz,What is the product?,neoneosporin,unanswerable,0.988,0.95,none,data/VizWiz/Images/val/VizWiz_val_00001802.jpg
vizwiz_val_001804,VizWiz,What's in the picture?,table cups in kitchen,unanswerable,0.808,0.9,none,data/VizWiz/Images/val/VizWiz_val_00001804.jpg
vizwiz_val_001808,VizWiz,What is this?,unanswerable,tartine de camelle,0.742,0.85,answerability,data/VizWiz/Images/val/VizWiz_val_00001808.jpg
vizwiz_val_001810,VizWiz,What is this?,sony playstation controller,game controller,0.840,0.95,none,data/VizWiz/Images/val/VizWiz_val_00001810.jpg
vizwiz_val_001811,VizWiz,What's this?,unanswerable,sun,0.916,0.95,answerability,data/VizWiz/Images/val/VizWiz_val_00001811.jpg
vizwiz_val_001812,VizWiz,What is this?,bead,ladybug,1.000,0.95,none,data/VizWiz/Images/val/VizWiz_val_00001812.jpg
vizwiz_val_001815,VizWiz,What time does this say.,3:42,7:17,0.624,0.95,none,data/VizWiz/Images/val/VizWiz_val_00001815.jpg
vizwiz_val_001820,VizWiz,Who are the wrestlers in on this DVD?,woody piper terry funk,"bobby piper, terry funk",0.769,0.95,none,data/VizWiz/Images/val/VizWiz_val_00001820.jpg
vizwiz_val_001824,VizWiz,What catalogue is this?,bed bath beyond,bed bath & beyond,0.991,0.95,none,data/VizWiz/Images/val/VizWiz_val_00001824.jpg
vizwiz_val_001831,VizWiz,Which DVD is this?,fresh prince bel air,fresh prince of bel-air,0.931,0.95,none,data/VizWiz/Images/val/VizWiz_val_00001831.jpg
vizwiz_val_001833,VizWiz,What does this say?,nothing,unanswerable,1.000,1.0,none,data/VizWiz/Images/val/VizWiz_val_00001833.jpg
vizwiz_val_001835,VizWiz,What's the title of this CD?,quiet 1,quiet one,0.970,0.95,none,data/VizWiz/Images/val/VizWiz_val_00001835.jpg
vizwiz_val_001839,VizWiz,"Morning, I have an outfit on here. Unfortunately my color probe isn't working. I want you to tell me",green pants black sweater white brown checked shirt,"green, black, white",0.910,0.9,none,data/VizWiz/Images/val/VizWiz_val_00001839.jpg
vizwiz_val_001844,VizWiz,"I apologize for the rain, but can you please tell me what's in this bottle?",ketchup,unanswerable,0.965,0.95,none,data/VizWiz/Images/val/VizWiz_val_00001844.jpg
vizwiz_val_001845,VizWiz,What flavor is this?,unanswerable,newman's special blend,0.931,0.95,answerability,data/VizWiz/Images/val/VizWiz_val_00001845.jpg
vizwiz_val_001851,VizWiz,What is this?,notebook,ipad loan record,0.801,0.95,none,data/VizWiz/Images/val/VizWiz_val_00001851.jpg
vizwiz_val_001852,VizWiz,What is this?,unanswerable,sweet pickles,0.564,0.85,answerability,data/VizWiz/Images/val/VizWiz_val_00001852.jpg
vizwiz_val_001856,VizWiz,What does this label say?,vitamin c,unanswerable,0.860,0.85,none,data/VizWiz/Images/val/VizWiz_val_00001856.jpg
vizwiz_val_001858,VizWiz,What is the setting on this dryer?,off,air fluff,0.784,0.95,none,data/VizWiz/Images/val/VizWiz_val_00001858.jpg
vizwiz_val_001862,VizWiz,What color is this shirt?,black,dark grey,0.634,0.85,none,data/VizWiz/Images/val/VizWiz_val_00001862.jpg
vizwiz_val_001863,VizWiz,Yes i need to determine the letters in this captcha image,vjvdsz,unanswerable,0.968,0.7,none,data/VizWiz/Images/val/VizWiz_val_00001863.jpg
vizwiz_val_001866,VizWiz,"Hey, what is this?",rug,carpet,0.992,0.95,none,data/VizWiz/Images/val/VizWiz_val_00001866.jpg
vizwiz_val_001872,VizWiz,What is in this box?,hamburger helper,macaroni,0.809,0.95,none,data/VizWiz/Images/val/VizWiz_val_00001872.jpg
vizwiz_val_001873,VizWiz,What color is this?,grey,gray,0.749,0.95,none,data/VizWiz/Images/val/VizWiz_val_00001873.jpg
vizwiz_val_001875,VizWiz,What bill is this?,1 dollar,one dollar,0.965,0.9,none,data/VizWiz/Images/val/VizWiz_val_00001875.jpg
vizwiz_val_001877,VizWiz,What is this stuffed animal?,snail,unanswerable,0.894,0.95,none,data/VizWiz/Images/val/VizWiz_val_00001877.jpg
vizwiz_val_001878,VizWiz,what is this?,vending machine,pepsi machine,0.959,0.95,none,data/VizWiz/Images/val/VizWiz_val_00001878.jpg
vizwiz_val_001882,VizWiz,Is there an expiration date on this and if so when? Thank you.,01 07 12,01-07-12,0.998,0.95,none,data/VizWiz/Images/val/VizWiz_val_00001882.jpg
vizwiz_val_001885,VizWiz,What is in this box,unanswerable,cake mix,0.930,0.9,answerability,data/VizWiz/Images/val/VizWiz_val_00001885.jpg
vizwiz_val_001886,VizWiz,What is this item please?,prescription pills,prescription bottle,0.938,0.95,none,data/VizWiz/Images/val/VizWiz_val_00001886.jpg
vizwiz_val_001889,VizWiz,Could you please tell me what is on this shirt?,unanswerable,like daddy,0.992,0.95,answerability,data/VizWiz/Images/val/VizWiz_val_00001889.jpg
vizwiz_val_001890,VizWiz,Please describe this picture.,dog nose in bowl,dog eating,0.899,0.95,none,data/VizWiz/Images/val/VizWiz_val_00001890.jpg
vizwiz_val_001893,VizWiz,What color is my shirt?,grey,gray,0.749,0.95,none,data/VizWiz/Images/val/VizWiz_val_00001893.jpg
vizwiz_val_001895,VizWiz,what color,white,grey,0.732,0.9,none,data/VizWiz/Images/val/VizWiz_val_00001895.jpg
vizwiz_val_001898,VizWiz,Can you tell what this says?,no,unanswerable,0.864,0.95,none,data/VizWiz/Images/val/VizWiz_val_00001898.jpg
vizwiz_val_001900,VizWiz,What is that?,camel cigarettes,coffee,0.800,0.9,none,data/VizWiz/Images/val/VizWiz_val_00001900.jpg
vizwiz_val_001902,VizWiz,What is the expiration date?,jan 27 2013,unanswerable,0.999,0.95,none,data/VizWiz/Images/val/VizWiz_val_00001902.jpg
vizwiz_val_001909,VizWiz,Which flavor is this?,broccoli cheese potato,chicken broccoli cheese with potato,0.976,0.95,none,data/VizWiz/Images/val/VizWiz_val_00001909.jpg
vizwiz_val_001912,VizWiz,What kind of rice is this?,4 cheese,four cheese,0.878,0.85,none,data/VizWiz/Images/val/VizWiz_val_00001912.jpg
vizwiz_val_001913,VizWiz,What is this frozen dinner and what is the instructions for conventional oven temperature and number,unanswerable,channa masala,0.955,0.95,answerability,data/VizWiz/Images/val/VizWiz_val_00001913.jpg
vizwiz_val_001915,VizWiz,What kind of meds are these?,alaltoids,unanswerable,0.860,0.95,none,data/VizWiz/Images/val/VizWiz_val_00001915.jpg
vizwiz_val_001917,VizWiz,What is in this cereal box?,special k fruit yogurt,special k fruit & yogurt,0.790,0.95,none,data/VizWiz/Images/val/VizWiz_val_00001917.jpg
vizwiz_val_001919,VizWiz,What type of pills are in this bottle?,dietary supplement,vegetarian capsules,0.979,0.95,none,data/VizWiz/Images/val/VizWiz_val_00001919.jpg
vizwiz_val_001924,VizWiz,Where is the menu button?,directly under large volume button on left side,center,0.917,0.95,none,data/VizWiz/Images/val/VizWiz_val_00001924.jpg
vizwiz_val_001929,VizWiz,What kind of juice is this?,ocean spray,unanswerable,0.993,0.95,none,data/VizWiz/Images/val/VizWiz_val_00001929.jpg
vizwiz_val_001932,VizWiz,Can you tell if this is vitamin C and what the Milligrams are?,yes 500mg,500 mg,0.910,0.9,none,data/VizWiz/Images/val/VizWiz_val_00001932.jpg
vizwiz_val_001936,VizWiz,What type of candy is this?,balls sanded,sanded balls,0.886,0.95,none,data/VizWiz/Images/val/VizWiz_val_00001936.jpg
vizwiz_val_001940,VizWiz,What is it?,ball,basket,0.897,0.95,none,data/VizWiz/Images/val/VizWiz_val_00001940.jpg
vizwiz_val_001941,VizWiz,What kind of potato chips are these?,unanswerable,natural delicious,0.842,0.7,answerability,data/VizWiz/Images/val/VizWiz_val_00001941.jpg
vizwiz_val_001943,VizWiz,Can you tell me what kind of chips are in this bag?,potato,unanswerable,1.000,0.95,none,data/VizWiz/Images/val/VizWiz_val_00001943.jpg
vizwiz_val_001947,VizWiz,What is the title of the book?,auf die lange kommt es,auf die länge kommt es,0.988,0.95,none,data/VizWiz/Images/val/VizWiz_val_00001947.jpg
vizwiz_val_001948,VizWiz,"This is a package of something, What is it?",tomato basil rice,tomato & basil rice,0.877,0.85,none,data/VizWiz/Images/val/VizWiz_val_00001948.jpg
vizwiz_val_001949,VizWiz,what is this,food,macaroni cheese,0.973,0.9,none,data/VizWiz/Images/val/VizWiz_val_00001949.jpg
vizwiz_val_001950,VizWiz,What color is this?,grey,gray,0.743,0.95,none,data/VizWiz/Images/val/VizWiz_val_00001950.jpg
vizwiz_val_001953,VizWiz,What is this?,can,unanswerable,0.955,0.7,none,data/VizWiz/Images/val/VizWiz_val_00001953.jpg
vizwiz_val_001957,VizWiz,What is this product?,unanswerable,apple cider,0.989,0.85,answerability,data/VizWiz/Images/val/VizWiz_val_00001957.jpg
vizwiz_val_001961,VizWiz,Anything on this label.,kitchen dry set 4 bar mop,kitchen dry good,0.950,0.9,none,data/VizWiz/Images/val/VizWiz_val_00001961.jpg
vizwiz_val_001962,VizWiz,What is in that bottle?,soda,coca cola,0.891,0.9,none,data/VizWiz/Images/val/VizWiz_val_00001962.jpg
vizwiz_val_001964,VizWiz,What does it say on this shirt?,nothing,unanswerable,1.000,1.0,none,data/VizWiz/Images/val/VizWiz_val_00001964.jpg
vizwiz_val_001966,VizWiz,What time is it?,4:23,4:22,0.933,0.9,none,data/VizWiz/Images/val/VizWiz_val_00001966.jpg
vizwiz_val_001969,VizWiz,Please just describe what this is.,bag candy,chocolate bag,0.591,0.85,none,data/VizWiz/Images/val/VizWiz_val_00001969.jpg
vizwiz_val_001970,VizWiz,What is this package?,knorr sides,knorr crunchy cape cod fish & rice dinner,0.843,0.9,none,data/VizWiz/Images/val/VizWiz_val_00001970.jpg
vizwiz_val_001972,VizWiz,What is this?,flowers,peony,0.752,0.95,none,data/VizWiz/Images/val/VizWiz_val_00001972.jpg
vizwiz_val_001974,VizWiz,For how long do I cook this in the microwave?,unanswerable,8 minutes,0.998,0.95,answerability,data/VizWiz/Images/val/VizWiz_val_00001974.jpg
vizwiz_val_001976,VizWiz,What color are the three wires from left to right?,red black white,"red, black, white",0.953,0.95,none,data/VizWiz/Images/val/VizWiz_val_00001976.jpg
vizwiz_val_001979,VizWiz,What is this?,unanswerable,poster,0.940,0.95,answerability,data/VizWiz/Images/val/VizWiz_val_00001979.jpg
vizwiz_val_001981,VizWiz,What is this?,cream mushroom soup,campbell's cream of mushroom soup,0.804,0.95,none,data/VizWiz/Images/val/VizWiz_val_00001981.jpg
vizwiz_val_001982,VizWiz,Please describe this for me. Thank you.,black dog,unanswerable,0.887,0.85,none,data/VizWiz/Images/val/VizWiz_val_00001982.jpg
vizwiz_val_001984,VizWiz,What kind of can is this?,beer,ice tea,0.702,0.9,none,data/VizWiz/Images/val/VizWiz_val_00001984.jpg
vizwiz_val_001985,VizWiz,What's on the screen?,black,unanswerable,1.000,1.0,none,data/VizWiz/Images/val/VizWiz_val_00001985.jpg
vizwiz_val_001987,VizWiz,What is this?,ginger ale,ginger drink,0.815,0.95,none,data/VizWiz/Images/val/VizWiz_val_00001987.jpg
vizwiz_val_001989,VizWiz,"What are the, what are the two words in the box that are the captcha?",ryathhe,maybe,1.000,0.95,none,data/VizWiz/Images/val/VizWiz_val_00001989.jpg
vizwiz_val_001995,VizWiz,What is on this card?,heart,valentine's day,0.887,0.95,none,data/VizWiz/Images/val/VizWiz_val_00001995.jpg
vizwiz_val_001996,VizWiz,What is the flavor of this?,orange,unanswerable,0.961,0.95,none,data/VizWiz/Images/val/VizWiz_val_00001996.jpg
vizwiz_val_001999,VizWiz,Can you tell which medallion this is from? Regiment.,47,unanswerable,0.988,0.7,none,data/VizWiz/Images/val/VizWiz_val_00001999.jpg
vizwiz_val_002001,VizWiz,What color is this?,pink,white orange,0.826,0.95,none,data/VizWiz/Images/val/VizWiz_val_00002001.jpg
vizwiz_val_002002,VizWiz,What is this marker?,sport,unanswerable,0.999,1.0,none,data/VizWiz/Images/val/VizWiz_val_00002002.jpg
vizwiz_val_002003,VizWiz,What is this?,thumb,desk,0.862,0.9,none,data/VizWiz/Images/val/VizWiz_val_00002003.jpg
vizwiz_val_002005,VizWiz,What brand of cat food is this?,unanswerable,proactive health,0.878,0.9,answerability,data/VizWiz/Images/val/VizWiz_val_00002005.jpg
vizwiz_val_002008,VizWiz,What is the tv showing?,car racing,unanswerable,1.000,0.95,none,data/VizWiz/Images/val/VizWiz_val_00002008.jpg
vizwiz_val_002009,VizWiz,What color is the embroidery in these jeans?,yellow,white,0.964,0.85,none,data/VizWiz/Images/val/VizWiz_val_00002009.jpg
vizwiz_val_002010,VizWiz,Could you please describe this shirt to me?,black logo,black shirt with logo,0.871,0.9,none,data/VizWiz/Images/val/VizWiz_val_00002010.jpg
vizwiz_val_002016,VizWiz,What are the instructions listed on the box?,cooking instructions,unanswerable,0.954,0.85,none,data/VizWiz/Images/val/VizWiz_val_00002016.jpg
vizwiz_val_002017,VizWiz,What do you see?,toys,unanswerable,0.977,0.95,none,data/VizWiz/Images/val/VizWiz_val_00002017.jpg
vizwiz_val_002019,VizWiz,What does the top of this pamphlet say?,unanswerable,college (area breadth) requirements,0.900,0.95,answerability,data/VizWiz/Images/val/VizWiz_val_00002019.jpg
vizwiz_val_002024,VizWiz,What does the sky look like?,grey,overcast,0.776,0.9,none,data/VizWiz/Images/val/VizWiz_val_00002024.jpg
vizwiz_val_002025,VizWiz,Is the dog lying on his bed?,no,unanswerable,0.980,0.9,none,data/VizWiz/Images/val/VizWiz_val_00002025.jpg
vizwiz_val_002033,VizWiz,What kind of CD case is this?,clear,standard cd case,0.763,0.9,none,data/VizWiz/Images/val/VizWiz_val_00002033.jpg
vizwiz_val_002034,VizWiz,What is this medicine?,all day allergy,all-day allergy,0.799,0.95,none,data/VizWiz/Images/val/VizWiz_val_00002034.jpg
vizwiz_val_002037,VizWiz,What is it?,tv screen,unanswerable,0.999,1.0,none,data/VizWiz/Images/val/VizWiz_val_00002037.jpg
vizwiz_val_002040,VizWiz,What is this?,1 dollar bill,one dollar bill,0.953,0.95,none,data/VizWiz/Images/val/VizWiz_val_00002040.jpg
vizwiz_val_002041,VizWiz,What is this?,keyboard,braille display,0.927,0.95,none,data/VizWiz/Images/val/VizWiz_val_00002041.jpg
vizwiz_val_002044,VizWiz,What seasoning is this?,steak,unanswerable,1.000,0.95,none,data/VizWiz/Images/val/VizWiz_val_00002044.jpg
vizwiz_val_002048,VizWiz,What's on this shirt?,beer logo,lager beer,0.543,0.85,none,data/VizWiz/Images/val/VizWiz_val_00002048.jpg
vizwiz_val_002051,VizWiz,Can you please describe this label?,lotion,body wash,0.768,0.95,none,data/VizWiz/Images/val/VizWiz_val_00002051.jpg
vizwiz_val_002057,VizWiz,What time is it?,unanswerable,5:19,0.923,0.9,answerability,data/VizWiz/Images/val/VizWiz_val_00002057.jpg
vizwiz_val_002058,VizWiz,Is this yogurt fat free?,no,yes,0.853,0.95,none,data/VizWiz/Images/val/VizWiz_val_00002058.jpg
vizwiz_val_002062,VizWiz,Can you see the serial number ____?,no,unanswerable,1.000,0.95,none,data/VizWiz/Images/val/VizWiz_val_00002062.jpg
vizwiz_val_002063,VizWiz,what is this and how much it cost,sword,unanswerable,0.982,0.9,none,data/VizWiz/Images/val/VizWiz_val_00002063.jpg
vizwiz_val_002064,VizWiz,What is this?,cough drops,honey lemon soothing lotion,0.904,0.95,none,data/VizWiz/Images/val/VizWiz_val_00002064.jpg
vizwiz_val_002068,VizWiz,Can you tell me what the buttons or anything says on this screen?,lock filter,auto cubed change filter,0.892,0.9,none,data/VizWiz/Images/val/VizWiz_val_00002068.jpg
vizwiz_val_002070,VizWiz,What is this?,unanswerable,soup,0.862,0.95,answerability,data/VizWiz/Images/val/VizWiz_val_00002070.jpg
vizwiz_val_002072,VizWiz,What does this label say?,unanswerable,vegetarian,0.957,0.85,answerability,data/VizWiz/Images/val/VizWiz_val_00002072.jpg
vizwiz_val_002073,VizWiz,Which packet contains plain flour?,left,red packet,0.978,0.95,none,data/VizWiz/Images/val/VizWiz_val_00002073.jpg
vizwiz_val_002074,VizWiz,What CD is this?,blank,cd-r maxell,0.920,0.95,none,data/VizWiz/Images/val/VizWiz_val_00002074.jpg
vizwiz_val_002083,VizWiz,What does this say?,rock cafe,rooq cafe,0.929,0.9,none,data/VizWiz/Images/val/VizWiz_val_00002083.jpg
vizwiz_val_002087,VizWiz,what is this item?,unanswerable,jar,0.946,0.9,answerability,data/VizWiz/Images/val/VizWiz_val_00002087.jpg
vizwiz_val_002088,VizWiz,What's in this tin? Thanks for your help.,tuna,unanswerable,0.984,0.95,none,data/VizWiz/Images/val/VizWiz_val_00002088.jpg
vizwiz_val_002095,VizWiz,What spice is this?,garlic,unanswerable,0.999,0.95,none,data/VizWiz/Images/val/VizWiz_val_00002095.jpg
vizwiz_val_002102,VizWiz,Can you tell me what these are called?,socks,diapers,0.981,0.85,none,data/VizWiz/Images/val/VizWiz_val_00002102.jpg
vizwiz_val_002103,VizWiz,What color is this?,grey,blue,0.625,0.85,none,data/VizWiz/Images/val/VizWiz_val_00002103.jpg
vizwiz_val_002105,VizWiz,How much sodium is in this package?,unanswerable,270mg,0.994,0.95,answerability,data/VizWiz/Images/val/VizWiz_val_00002105.jpg
vizwiz_val_002106,VizWiz,Can you tell me what's in this box?,no,unanswerable,1.000,0.95,none,data/VizWiz/Images/val/VizWiz_val_00002106.jpg
vizwiz_val_002107,VizWiz,What is this?,thumb,gum,0.992,0.85,none,data/VizWiz/Images/val/VizWiz_val_00002107.jpg
vizwiz_val_002109,VizWiz,What is this?,ipad,tablet,0.997,0.95,none,data/VizWiz/Images/val/VizWiz_val_00002109.jpg
vizwiz_val_002114,VizWiz,What is this?,unanswerable,lotion,0.928,0.9,answerability,data/VizWiz/Images/val/VizWiz_val_00002114.jpg
vizwiz_val_002115,VizWiz,What does this say?,ckin2u,skin2u,0.969,0.85,none,data/VizWiz/Images/val/VizWiz_val_00002115.jpg
vizwiz_val_002116,VizWiz,What is this?,tablet,laptop,0.981,0.9,none,data/VizWiz/Images/val/VizWiz_val_00002116.jpg
vizwiz_val_002123,VizWiz,"What color is this, please?",black,blue,0.818,0.9,none,data/VizWiz/Images/val/VizWiz_val_00002123.jpg
vizwiz_val_002130,VizWiz,IS there shampoo or shower gel in this bottle please?,unanswerable,shower gel,0.908,0.85,answerability,data/VizWiz/Images/val/VizWiz_val_00002130.jpg
vizwiz_val_002131,VizWiz,Whats the weather like?,cloudy,overcast,0.901,0.85,none,data/VizWiz/Images/val/VizWiz_val_00002131.jpg
vizwiz_val_002133,VizWiz,"Can you read the writing on this tag and tell me what it says, please? Thank you.",sport savvy x,sport savvy 2x 63% polyester 34% cotton 3% spandex,0.961,0.95,none,data/VizWiz/Images/val/VizWiz_val_00002133.jpg
vizwiz_val_002134,VizWiz,What time is it?,unanswerable,dusk,0.950,0.7,answerability,data/VizWiz/Images/val/VizWiz_val_00002134.jpg
vizwiz_val_002135,VizWiz,What's on the computer screen?,nothing,unanswerable,0.980,1.0,none,data/VizWiz/Images/val/VizWiz_val_00002135.jpg
vizwiz_val_002136,VizWiz,What is this?,couch,unanswerable,0.833,0.7,none,data/VizWiz/Images/val/VizWiz_val_00002136.jpg
vizwiz_val_002139,VizWiz,What type of fruit is this?,strawberry,lychee,0.985,0.95,none,data/VizWiz/Images/val/VizWiz_val_00002139.jpg
vizwiz_val_002142,VizWiz,What is this?,lotion,unanswerable,0.755,0.7,none,data/VizWiz/Images/val/VizWiz_val_00002142.jpg
vizwiz_val_002144,VizWiz,What is in this can?,unanswerable,"green peas, carrots",0.811,0.9,answerability,data/VizWiz/Images/val/VizWiz_val_00002144.jpg
vizwiz_val_002147,VizWiz,What type of burger is in this box?,veggie,vegetarian,0.757,0.9,none,data/VizWiz/Images/val/VizWiz_val_00002147.jpg
vizwiz_val_002152,VizWiz,What is this?,unanswerable,medicine,0.605,0.95,answerability,data/VizWiz/Images/val/VizWiz_val_00002152.jpg
vizwiz_val_002154,VizWiz,what kind of keyboard is this? who makes it?,apple,macbook air,0.998,0.95,none,data/VizWiz/Images/val/VizWiz_val_00002154.jpg
vizwiz_val_002155,VizWiz,What is this shirt?,heart,grey sweatshirt,0.898,0.9,none,data/VizWiz/Images/val/VizWiz_val_00002155.jpg
vizwiz_val_002157,VizWiz,What is this called?,beans,eastern fine foods,0.756,0.9,none,data/VizWiz/Images/val/VizWiz_val_00002157.jpg
vizwiz_val_002159,VizWiz,What is it?,living room,tv,0.903,0.95,none,data/VizWiz/Images/val/VizWiz_val_00002159.jpg
vizwiz_val_002161,VizWiz,What is this bottle?,vodka,v-kat schnapps,0.945,0.95,none,data/VizWiz/Images/val/VizWiz_val_00002161.jpg
vizwiz_val_002162,VizWiz,What is this?,drum original,soap,0.863,0.95,none,data/VizWiz/Images/val/VizWiz_val_00002162.jpg
vizwiz_val_002164,VizWiz,What color is this ball?,blue,unanswerable,0.998,1.0,none,data/VizWiz/Images/val/VizWiz_val_00002164.jpg
vizwiz_val_002167,VizWiz,Which scent is this?,unanswerable,coconut limequat,0.709,0.9,answerability,data/VizWiz/Images/val/VizWiz_val_00002167.jpg
vizwiz_val_002169,VizWiz,"What is visible on this screen, please?",nothing,unanswerable,1.000,1.0,none,data/VizWiz/Images/val/VizWiz_val_00002169.jpg
vizwiz_val_002172,VizWiz,Please tell me as much as you can about this top.,polka dots,polka dot pattern,0.758,0.9,none,data/VizWiz/Images/val/VizWiz_val_00002172.jpg
vizwiz_val_002174,VizWiz,How would i use this product?,sauce,in pasta,0.621,0.9,none,data/VizWiz/Images/val/VizWiz_val_00002174.jpg
vizwiz_val_002177,VizWiz,"Yes, this is the front of an HP probook laptop. I just need to know if there's anything visible that",no,unanswerable,0.999,0.95,none,data/VizWiz/Images/val/VizWiz_val_00002177.jpg
vizwiz_val_002178,VizWiz,Can you tell me the cooking instruction of this food please?,unanswerable,microwave oven only,0.869,0.9,answerability,data/VizWiz/Images/val/VizWiz_val_00002178.jpg
vizwiz_val_002179,VizWiz,The candle?,yes,unanswerable,0.957,0.9,none,data/VizWiz/Images/val/VizWiz_val_00002179.jpg
vizwiz_val_002180,VizWiz,What color is the sheet?,beige,white,0.649,0.85,none,data/VizWiz/Images/val/VizWiz_val_00002180.jpg
vizwiz_val_002184,VizWiz,Can you please tell me which one the shampoo is?,unanswerable,top one,0.982,0.95,answerability,data/VizWiz/Images/val/VizWiz_val_00002184.jpg
vizwiz_val_002185,VizWiz,what kind of soda is this?,orange fanta,unanswerable,0.829,0.85,none,data/VizWiz/Images/val/VizWiz_val_00002185.jpg
vizwiz_val_002187,VizWiz,What are the directions?,stovetop,unanswerable,0.864,0.95,none,data/VizWiz/Images/val/VizWiz_val_00002187.jpg
vizwiz_val_002189,VizWiz,"Hello, could you please tell what caller this is?",red,unanswerable,1.000,1.0,none,data/VizWiz/Images/val/VizWiz_val_00002189.jpg
vizwiz_val_002192,VizWiz,What is this title?,unanswerable,minnie riperton,0.933,0.95,answerability,data/VizWiz/Images/val/VizWiz_val_00002192.jpg
vizwiz_val_002194,VizWiz,What kind of flower is this?,daisy,unanswerable,1.000,0.95,none,data/VizWiz/Images/val/VizWiz_val_00002194.jpg
vizwiz_val_002196,VizWiz,"Can you see the cooking instructions, please?",no,unanswerable,1.000,0.95,none,data/VizWiz/Images/val/VizWiz_val_00002196.jpg
vizwiz_val_002203,VizWiz,What is this?,fudge covered oreos,fudge covered chocolate cookies,0.966,0.95,none,data/VizWiz/Images/val/VizWiz_val_00002203.jpg
vizwiz_val_002207,VizWiz,What does that option say?,unanswerable,mutation,0.699,0.9,answerability,data/VizWiz/Images/val/VizWiz_val_00002207.jpg
vizwiz_val_002208,VizWiz,What is this?,unanswerable,coffee,0.798,0.9,answerability,data/VizWiz/Images/val/VizWiz_val_00002208.jpg
vizwiz_val_002210,VizWiz,What color is this skirt?,white,grey,0.729,0.9,none,data/VizWiz/Images/val/VizWiz_val_00002210.jpg
vizwiz_val_002212,VizWiz,I know this is a charger for something. Does it say anything in the picture that I just took that sa,htc,unanswerable,0.999,0.95,none,data/VizWiz/Images/val/VizWiz_val_00002212.jpg
vizwiz_val_002215,VizWiz,"Can you tell me what's in this can, please? Thank you.",unanswerable,chicken quesadillas with fiesta,0.976,0.95,answerability,data/VizWiz/Images/val/VizWiz_val_00002215.jpg
vizwiz_val_002216,VizWiz,Is there any text on this side of the paper please?,no,unanswerable,1.000,0.95,none,data/VizWiz/Images/val/VizWiz_val_00002216.jpg
vizwiz_val_002219,VizWiz,What is the picture on this cup?,cartoon,unanswerable,0.875,0.95,none,data/VizWiz/Images/val/VizWiz_val_00002219.jpg
vizwiz_val_002220,VizWiz,What kind of granola bars are these?,chocolate fudge chocolate chip,chocolate fudge & chocolate chip,0.886,0.95,none,data/VizWiz/Images/val/VizWiz_val_00002220.jpg
vizwiz_val_002221,VizWiz,What is the title of this book?,fine fine school,"fine, fine school",0.979,0.95,none,data/VizWiz/Images/val/VizWiz_val_00002221.jpg
vizwiz_val_002222,VizWiz,Tell me about color this piece.,black white,black and gold,0.737,0.85,none,data/VizWiz/Images/val/VizWiz_val_00002222.jpg
vizwiz_val_002225,VizWiz,Can you describe this shirt? Thanks.,grey t shirt,grey sweatshirt,0.961,0.9,none,data/VizWiz/Images/val/VizWiz_val_00002225.jpg
vizwiz_val_002226,VizWiz,"What is this, please?",food,burgers,0.816,0.95,none,data/VizWiz/Images/val/VizWiz_val_00002226.jpg
vizwiz_val_002227,VizWiz,What is this item?,hot spicy trail mix,unanswerable,0.910,0.85,none,data/VizWiz/Images/val/VizWiz_val_00002227.jpg
vizwiz_val_002229,VizWiz,Can you please tell me what's in this bottle?,tomato sauce,unanswerable,0.993,0.7,none,data/VizWiz/Images/val/VizWiz_val_00002229.jpg
vizwiz_val_002230,VizWiz,"Hello, well I hope you can read this picture, now see if it stops it.",birthday card,unanswerable,1.000,0.95,none,data/VizWiz/Images/val/VizWiz_val_00002230.jpg
vizwiz_val_002234,VizWiz,What is this product?,vegemite,vegetable spread,0.732,0.95,none,data/VizWiz/Images/val/VizWiz_val_00002234.jpg
vizwiz_val_002235,VizWiz,What is this?,blank,unanswerable,0.997,1.0,none,data/VizWiz/Images/val/VizWiz_val_00002235.jpg
vizwiz_val_002236,VizWiz,Please explain this shirt.,red picture,motorcycle,0.949,0.85,none,data/VizWiz/Images/val/VizWiz_val_00002236.jpg
vizwiz_val_002244,VizWiz,What is this?,scrapbook,tray,0.800,0.95,none,data/VizWiz/Images/val/VizWiz_val_00002244.jpg
vizwiz_val_002245,VizWiz,what is this?,chicken fried steak,unanswerable,0.964,0.95,none,data/VizWiz/Images/val/VizWiz_val_00002245.jpg
vizwiz_val_002246,VizWiz,What is this?,fall preview new york,book cover,0.564,0.9,none,data/VizWiz/Images/val/VizWiz_val_00002246.jpg
vizwiz_val_002250,VizWiz,What is this? What item is this?,meat,unanswerable,0.884,0.9,none,data/VizWiz/Images/val/VizWiz_val_00002250.jpg
vizwiz_val_002253,VizWiz,What is this a bottle of?,suave shampoo,unanswerable,0.999,0.95,none,data/VizWiz/Images/val/VizWiz_val_00002253.jpg
vizwiz_val_002255,VizWiz,Which way do I turn the button for high?,right,clockwise,0.992,0.85,none,data/VizWiz/Images/val/VizWiz_val_00002255.jpg
vizwiz_val_002256,VizWiz,What's in the picture?,washer dryer,washing machines,0.837,0.95,none,data/VizWiz/Images/val/VizWiz_val_00002256.jpg
vizwiz_val_002257,VizWiz,What type is this?  What type of tobacco is this?,jsp blue,cigarettes,0.923,0.9,none,data/VizWiz/Images/val/VizWiz_val_00002257.jpg
vizwiz_val_002262,VizWiz,How does it look?,good,unanswerable,0.984,1.0,none,data/VizWiz/Images/val/VizWiz_val_00002262.jpg
vizwiz_val_002263,VizWiz,What is this?,cake mix,unanswerable,0.881,0.85,none,data/VizWiz/Images/val/VizWiz_val_00002263.jpg
vizwiz_val_002264,VizWiz,How much is this?,5,unanswerable,0.965,0.9,none,data/VizWiz/Images/val/VizWiz_val_00002264.jpg
vizwiz_val_002267,VizWiz,May I know what is this please?,tea,tulsi chai masala,0.919,0.95,none,data/VizWiz/Images/val/VizWiz_val_00002267.jpg
vizwiz_val_002268,VizWiz,What is this?,kitchen,living room,0.926,0.9,none,data/VizWiz/Images/val/VizWiz_val_00002268.jpg
vizwiz_val_002274,VizWiz,What is this item?,can beans,organic beans,0.944,0.85,none,data/VizWiz/Images/val/VizWiz_val_00002274.jpg
vizwiz_val_002277,VizWiz,What is this?,picture,bookmark,0.810,0.9,none,data/VizWiz/Images/val/VizWiz_val_00002277.jpg
vizwiz_val_002279,VizWiz,What is in this bottle?,lotion,body wash,0.995,0.95,none,data/VizWiz/Images/val/VizWiz_val_00002279.jpg
vizwiz_val_002281,VizWiz,What color is my dog?,white,yellow,0.999,0.95,none,data/VizWiz/Images/val/VizWiz_val_00002281.jpg
vizwiz_val_002285,VizWiz,i suspect this is a pizza box is that correct?,yes,unanswerable,0.970,0.3,none,data/VizWiz/Images/val/VizWiz_val_00002285.jpg
vizwiz_val_002286,VizWiz,"Hi, could you please tell me what's in the can in my right hand? Thank you.",unanswerable,ground meat,0.983,0.7,answerability,data/VizWiz/Images/val/VizWiz_val_00002286.jpg
vizwiz_val_002290,VizWiz,Whats in this?,man walking,people walking dog,0.692,0.95,none,data/VizWiz/Images/val/VizWiz_val_00002290.jpg
vizwiz_val_002291,VizWiz,What color is this shirt?,red,blue,0.843,0.9,none,data/VizWiz/Images/val/VizWiz_val_00002291.jpg
vizwiz_val_002294,VizWiz,Can you see what's on this label please?,yes,drug facts,0.990,0.9,none,data/VizWiz/Images/val/VizWiz_val_00002294.jpg
vizwiz_val_002297,VizWiz,What are the oven cooking instructions for this hot pie?,350 for 1 hr,unanswerable,1.000,0.95,none,data/VizWiz/Images/val/VizWiz_val_00002297.jpg
vizwiz_val_002300,VizWiz,Can you please identify this tin?,bug spray,insect spray,0.829,0.9,none,data/VizWiz/Images/val/VizWiz_val_00002300.jpg
vizwiz_val_002302,VizWiz,What color is this?,grey,gray,0.768,0.95,none,data/VizWiz/Images/val/VizWiz_val_00002302.jpg
vizwiz_val_002303,VizWiz,What kind of plant is this?,some beauty plant,dracaena,0.975,0.85,none,data/VizWiz/Images/val/VizWiz_val_00002303.jpg
vizwiz_val_002306,VizWiz,Where is my black braille book?,on blanket,under blanket,0.862,0.9,none,data/VizWiz/Images/val/VizWiz_val_00002306.jpg
vizwiz_val_002307,VizWiz,What does the dial indicate as the top facing number?,475,500,0.929,0.95,none,data/VizWiz/Images/val/VizWiz_val_00002307.jpg
vizwiz_val_002308,VizWiz,what is the scientific name of this leaf?,green leaf,unanswerable,1.000,0.95,none,data/VizWiz/Images/val/VizWiz_val_00002308.jpg
vizwiz_val_002313,VizWiz,Where on this screen do I accept the license terms for Windows?,bottom right corner,checkbox,0.506,0.95,none,data/VizWiz/Images/val/VizWiz_val_00002313.jpg
vizwiz_val_002318,VizWiz,when does this expire?,dec 23 2013,dec 28 2013,1.000,0.9,none,data/VizWiz/Images/val/VizWiz_val_00002318.jpg
vizwiz_val_002326,VizWiz,What is this?,unanswerable,welcome sign,0.934,0.7,answerability,data/VizWiz/Images/val/VizWiz_val_00002326.jpg
vizwiz_val_002328,VizWiz,"Can you please tell me what the dryer's set to, and which way does it turn it to increase the temper",currently at normal turn left for jeans then heavy duty,unanswerable,0.806,0.7,none,data/VizWiz/Images/val/VizWiz_val_00002328.jpg
vizwiz_val_002336,VizWiz,What kind of bottle is this?,liquor,alcohol,0.976,0.7,none,data/VizWiz/Images/val/VizWiz_val_00002336.jpg
vizwiz_val_002337,VizWiz,What color is this Starburst?,yellow,orange,0.984,0.85,none,data/VizWiz/Images/val/VizWiz_val_00002337.jpg
vizwiz_val_002339,VizWiz,What is that computer screen showing?,nothing,unanswerable,1.000,0.95,none,data/VizWiz/Images/val/VizWiz_val_00002339.jpg
vizwiz_val_002340,VizWiz,Can you tell me whats on this CD?,scott,unanswerable,0.965,0.95,none,data/VizWiz/Images/val/VizWiz_val_00002340.jpg
vizwiz_val_002346,VizWiz,Please tell me what color shirt this is. Thank you.,white,beige,0.963,0.9,none,data/VizWiz/Images/val/VizWiz_val_00002346.jpg
vizwiz_val_002347,VizWiz,I turned the box to the next side. Can you tell me what type of vitamin pill this is? Thank you.,womens 1 daily,women's one daily,0.886,0.95,none,data/VizWiz/Images/val/VizWiz_val_00002347.jpg
vizwiz_val_002348,VizWiz,What's this?,tee ball,t-ball set,0.935,0.9,none,data/VizWiz/Images/val/VizWiz_val_00002348.jpg
vizwiz_val_002350,VizWiz,What color is this phone case?,brown,black,0.888,0.9,none,data/VizWiz/Images/val/VizWiz_val_00002350.jpg
vizwiz_val_002362,VizWiz,What type of food is this?,frozen meal,unanswerable,0.908,0.95,none,data/VizWiz/Images/val/VizWiz_val_00002362.jpg
vizwiz_val_002365,VizWiz,What is the name of this seasoning?,mrs dash,mrs. dash,0.977,0.95,none,data/VizWiz/Images/val/VizWiz_val_00002365.jpg
vizwiz_val_002366,VizWiz,Do I need to go to the right or left to get to the heavy load end.  About how far do you think?,turn right half turn,"right, 1/4 turn",0.903,0.9,none,data/VizWiz/Images/val/VizWiz_val_00002366.jpg
vizwiz_val_002373,VizWiz,What is this?,cleaning product,cleaner,0.812,0.9,none,data/VizWiz/Images/val/VizWiz_val_00002373.jpg
vizwiz_val_002374,VizWiz,How big is ZWY?,unanswerable,39 degrees,0.911,0.9,answerability,data/VizWiz/Images/val/VizWiz_val_00002374.jpg
vizwiz_val_002375,VizWiz,What is in this?,crystal light,drink mix,0.966,0.9,none,data/VizWiz/Images/val/VizWiz_val_00002375.jpg
vizwiz_val_002378,VizWiz,What is this?,can,sweet onions,0.727,0.9,none,data/VizWiz/Images/val/VizWiz_val_00002378.jpg
vizwiz_val_002381,VizWiz,How does this picture look?,blurry,unanswerable,0.878,0.95,none,data/VizWiz/Images/val/VizWiz_val_00002381.jpg
vizwiz_val_002383,VizWiz,What kind of chips are these?,flamin hot cheetos,flamin' hot cheetos,0.910,0.95,none,data/VizWiz/Images/val/VizWiz_val_00002383.jpg
vizwiz_val_002384,VizWiz,What is in this little bottle?,nothing,unanswerable,0.999,0.95,none,data/VizWiz/Images/val/VizWiz_val_00002384.jpg
vizwiz_val_002386,VizWiz,Does this microwave say on it?,5:26,hamilton beach,0.925,0.95,none,data/VizWiz/Images/val/VizWiz_val_00002386.jpg
vizwiz_val_002387,VizWiz,What is on this label?,unanswerable,buddha's tears,0.922,0.95,answerability,data/VizWiz/Images/val/VizWiz_val_00002387.jpg
vizwiz_val_002393,VizWiz,Can you please tell me if this thermostat is set to cool and what the readings are? Thank you.,fan on systems off 9:47pm,unanswerable,1.000,0.95,none,data/VizWiz/Images/val/VizWiz_val_00002393.jpg
vizwiz_val_002394,VizWiz,What does my hand look like?,ring on finger,unanswerable,0.984,0.95,none,data/VizWiz/Images/val/VizWiz_val_00002394.jpg
vizwiz_val_002395,VizWiz,What is in this bottle?,motrin,ibuprofen,0.981,0.95,none,data/VizWiz/Images/val/VizWiz_val_00002395.jpg
vizwiz_val_002397,VizWiz,What is currently displayed on the screen?,452940,unanswerable,0.973,0.95,none,data/VizWiz/Images/val/VizWiz_val_00002397.jpg
vizwiz_val_002399,VizWiz,What dinner is this?,beef peppers,beef & peppers,0.949,0.95,none,data/VizWiz/Images/val/VizWiz_val_00002399.jpg
vizwiz_val_002400,VizWiz,What's this?,wood floor,wooden table,0.855,0.95,none,data/VizWiz/Images/val/VizWiz_val_00002400.jpg
vizwiz_val_002404,VizWiz,What is this?,salad,noodle dish,0.936,0.95,none,data/VizWiz/Images/val/VizWiz_val_00002404.jpg
vizwiz_val_002405,VizWiz,What does the soap bottle say on it?,anti bacterial,anti-bacterial,0.980,0.85,none,data/VizWiz/Images/val/VizWiz_val_00002405.jpg
vizwiz_val_002406,VizWiz,"I know this is some kind of food. I just want to know what flavor is it, or what kind?",beef tips,unanswerable,0.999,0.95,none,data/VizWiz/Images/val/VizWiz_val_00002406.jpg
vizwiz_val_002409,VizWiz,What colors are in this jacket? Is it summer or winter?,yellow brown blue winter,unanswerable,0.938,0.7,none,data/VizWiz/Images/val/VizWiz_val_00002409.jpg
vizwiz_val_002411,VizWiz,What color was it and what was the view please?,unanswerable,white wall,0.914,0.95,answerability,data/VizWiz/Images/val/VizWiz_val_00002411.jpg
vizwiz_val_002414,VizWiz,What's on the screen?,nothing,unanswerable,0.997,0.95,none,data/VizWiz/Images/val/VizWiz_val_00002414.jpg
vizwiz_val_002415,VizWiz,What's this?,galaxy flutes,chocolate bar,0.989,0.95,none,data/VizWiz/Images/val/VizWiz_val_00002415.jpg
vizwiz_val_002417,VizWiz,What is this picture?,black white men in courtroom,unanswerable,0.987,0.95,none,data/VizWiz/Images/val/VizWiz_val_00002417.jpg
vizwiz_val_002421,VizWiz,what product is this please and thank you.,jam,vegetarian sauce,1.000,0.9,none,data/VizWiz/Images/val/VizWiz_val_00002421.jpg
vizwiz_val_002425,VizWiz,What's in this container?,windex,window cleaner,0.814,0.9,none,data/VizWiz/Images/val/VizWiz_val_00002425.jpg
vizwiz_val_002429,VizWiz,Can you tell me what this is?,canned food,unanswerable,0.989,0.95,none,data/VizWiz/Images/val/VizWiz_val_00002429.jpg
vizwiz_val_002431,VizWiz,What is in this bottle and what does the label say?,adult tussin cough cold,cough medicine,0.782,0.95,none,data/VizWiz/Images/val/VizWiz_val_00002431.jpg
vizwiz_val_002432,VizWiz,What is this item?,seasoning,hot sauce,0.978,0.95,none,data/VizWiz/Images/val/VizWiz_val_00002432.jpg
vizwiz_val_002433,VizWiz,What is the color of,brown,gold,0.991,0.9,none,data/VizWiz/Images/val/VizWiz_val_00002433.jpg
vizwiz_val_002443,VizWiz,What is this?,deep conditioner,hair conditioner,0.826,0.95,none,data/VizWiz/Images/val/VizWiz_val_00002443.jpg
vizwiz_val_002444,VizWiz,"I'm sorry ???, this is just a quick test. Seems to be an issue with my camera; could someone describ",chairs tables,restaurant table chairs,0.813,0.95,none,data/VizWiz/Images/val/VizWiz_val_00002444.jpg
vizwiz_val_002445,VizWiz,I cannot see can you tell me if this is the left or the right headphone?,right,unanswerable,0.997,0.95,none,data/VizWiz/Images/val/VizWiz_val_00002445.jpg
vizwiz_val_002446,VizWiz,What is this fox?,chicken burgers,unanswerable,1.000,1.0,none,data/VizWiz/Images/val/VizWiz_val_00002446.jpg
vizwiz_val_002447,VizWiz,What's this?,laptop,keyboard,0.881,0.85,none,data/VizWiz/Images/val/VizWiz_val_00002447.jpg
vizwiz_val_002448,VizWiz,"I'm trying to learn to take better pictures. So, can you tell me in basic terms, which items are vis",blue bag green object gold writing,"t-shirt, wallet",0.861,0.9,none,data/VizWiz/Images/val/VizWiz_val_00002448.jpg
vizwiz_val_002449,VizWiz,What is this and what is the creator of this product?,unanswerable,scale samsonite,0.836,0.85,answerability,data/VizWiz/Images/val/VizWiz_val_00002449.jpg
vizwiz_val_002450,VizWiz,What kind of soup is this?,traditional,unanswerable,0.958,0.95,none,data/VizWiz/Images/val/VizWiz_val_00002450.jpg
vizwiz_val_002452,VizWiz,What color is my dog?,tan,brown,0.972,0.95,none,data/VizWiz/Images/val/VizWiz_val_00002452.jpg
vizwiz_val_002454,VizWiz,Is this better? Can you tell the flavor?,fruit punch,unanswerable,0.884,0.85,none,data/VizWiz/Images/val/VizWiz_val_00002454.jpg
vizwiz_val_002457,VizWiz,What's in this?,nuts,unanswerable,0.974,0.95,none,data/VizWiz/Images/val/VizWiz_val_00002457.jpg
vizwiz_val_002458,VizWiz,What picture is this?,night,unanswerable,0.999,1.0,none,data/VizWiz/Images/val/VizWiz_val_00002458.jpg
vizwiz_val_002459,VizWiz,Could you please tell me what this shirt says?,chicago blues tuesdays,chicago blues wednesdays,0.919,0.95,none,data/VizWiz/Images/val/VizWiz_val_00002459.jpg
vizwiz_val_002461,VizWiz,What am I looking at?,television,tv,0.959,0.95,none,data/VizWiz/Images/val/VizWiz_val_00002461.jpg
vizwiz_val_002463,VizWiz,Could you please read this?,gods gift,god's gift,0.982,0.95,none,data/VizWiz/Images/val/VizWiz_val_00002463.jpg
vizwiz_val_002465,VizWiz,What flavor is this?,citrus,unanswerable,0.855,0.7,none,data/VizWiz/Images/val/VizWiz_val_00002465.jpg
vizwiz_val_002466,VizWiz,What is in this picture?,grass,unanswerable,0.893,0.95,none,data/VizWiz/Images/val/VizWiz_val_00002466.jpg
vizwiz_val_002467,VizWiz,What's in this bottle?,this bottle rutland,glass cleaner,0.994,0.85,none,data/VizWiz/Images/val/VizWiz_val_00002467.jpg
vizwiz_val_002472,VizWiz,Please confirm the oven setting.,broil,unanswerable,0.979,0.95,none,data/VizWiz/Images/val/VizWiz_val_00002472.jpg
vizwiz_val_002478,VizWiz,What's this?,computer,keyboard,0.706,0.95,none,data/VizWiz/Images/val/VizWiz_val_00002478.jpg
vizwiz_val_002484,VizWiz,What color is this shirt?,pink,unanswerable,0.999,1.0,none,data/VizWiz/Images/val/VizWiz_val_00002484.jpg
vizwiz_val_002488,VizWiz,Can you tell me what the conventional oven preheat temperature is and for how many minutes?,375 for 20 to 25 minutes,"375°f, 20-25 minutes",0.992,0.95,none,data/VizWiz/Images/val/VizWiz_val_00002488.jpg
vizwiz_val_002492,VizWiz,What is in this can?,soda,unanswerable,0.999,0.95,none,data/VizWiz/Images/val/VizWiz_val_00002492.jpg
vizwiz_val_002495,VizWiz,Which coffee is this?,express tauro,expressi tauro,0.813,0.95,none,data/VizWiz/Images/val/VizWiz_val_00002495.jpg
vizwiz_val_002498,VizWiz,What is this?,unanswerable,pink blanket,0.695,0.85,answerability,data/VizWiz/Images/val/VizWiz_val_00002498.jpg
vizwiz_val_002499,VizWiz,What is this?,leg,fabric,0.897,0.9,none,data/VizWiz/Images/val/VizWiz_val_00002499.jpg
vizwiz_val_002500,VizWiz,What is this?,candy,unanswerable,1.000,0.95,none,data/VizWiz/Images/val/VizWiz_val_00002500.jpg
vizwiz_val_002501,VizWiz,What is the writing on this box.,smart ones,angel hair marinara,0.762,0.9,none,data/VizWiz/Images/val/VizWiz_val_00002501.jpg
vizwiz_val_002503,VizWiz,What is this?,wrapping paper,unanswerable,0.821,0.85,none,data/VizWiz/Images/val/VizWiz_val_00002503.jpg
vizwiz_val_002504,VizWiz,what cereal is this?,alpha bits,unanswerable,0.998,0.95,none,data/VizWiz/Images/val/VizWiz_val_00002504.jpg
vizwiz_val_002507,VizWiz,What color is this?,yellow red white,yellow black red,0.782,0.7,none,data/VizWiz/Images/val/VizWiz_val_00002507.jpg
vizwiz_val_002508,VizWiz,Which country does this belong to?,iran,malaysia,0.862,0.95,none,data/VizWiz/Images/val/VizWiz_val_00002508.jpg
vizwiz_val_002511,VizWiz,what is this?,can,unanswerable,0.954,0.95,none,data/VizWiz/Images/val/VizWiz_val_00002511.jpg
vizwiz_val_002513,VizWiz,"What is in this tin, please?",vegetable,green beans,0.888,0.9,none,data/VizWiz/Images/val/VizWiz_val_00002513.jpg
vizwiz_val_002516,VizWiz,What is this a picture of?,box,celebration candy,0.798,0.9,none,data/VizWiz/Images/val/VizWiz_val_00002516.jpg
vizwiz_val_002517,VizWiz,What type of tile is this?,ceramic,marble,0.997,0.85,none,data/VizWiz/Images/val/VizWiz_val_00002517.jpg
vizwiz_val_002518,VizWiz,Can you help me? What is this?,sheet,unanswerable,0.735,0.95,none,data/VizWiz/Images/val/VizWiz_val_00002518.jpg
vizwiz_val_002519,VizWiz,What color is this fabric?,white green dots,white with green dots,0.925,0.95,none,data/VizWiz/Images/val/VizWiz_val_00002519.jpg
vizwiz_val_002520,VizWiz,How much?,1 dollar,$1.00,0.996,0.95,none,data/VizWiz/Images/val/VizWiz_val_00002520.jpg
vizwiz_val_002522,VizWiz,What kind of pop is this?,unanswerable,no pop,0.712,0.85,answerability,data/VizWiz/Images/val/VizWiz_val_00002522.jpg
vizwiz_val_002523,VizWiz,What does it say on the display?,nothing,unanswerable,1.000,0.95,none,data/VizWiz/Images/val/VizWiz_val_00002523.jpg
vizwiz_val_002525,VizWiz,What is this box?,computer software,product key card,0.867,0.95,none,data/VizWiz/Images/val/VizWiz_val_00002525.jpg
vizwiz_val_002529,VizWiz,"What are the, what are the instructions on the screen?",unanswerable,press tab enter,0.921,,answerability,data/VizWiz/Images/val/VizWiz_val_00002529.jpg
vizwiz_val_002533,VizWiz,What type of food?,cornbread mix,cornbread muffin mix,0.910,0.95,none,data/VizWiz/Images/val/VizWiz_val_00002533.jpg
vizwiz_val_002534,VizWiz,"I'm not sure if this is the purple one you were talking about, but it should be. I don't know what c",purple,unanswerable,0.996,0.95,none,data/VizWiz/Images/val/VizWiz_val_00002534.jpg
vizwiz_val_002536,VizWiz,What kind of fish is this?,catfish,unanswerable,0.999,0.95,none,data/VizWiz/Images/val/VizWiz_val_00002536.jpg
vizwiz_val_002542,VizWiz,What is color for this laptop?,black,unanswerable,0.984,0.95,none,data/VizWiz/Images/val/VizWiz_val_00002542.jpg
vizwiz_val_002545,VizWiz,How much of the page in this photo cross is visible? Thank you.,90%,unanswerable,1.000,0.95,none,data/VizWiz/Images/val/VizWiz_val_00002545.jpg
vizwiz_val_002546,VizWiz,What is this?,itunes giftcard,itunes card,0.929,0.95,none,data/VizWiz/Images/val/VizWiz_val_00002546.jpg
vizwiz_val_002548,VizWiz,What am I looking at?,book,envelopes,0.824,0.9,none,data/VizWiz/Images/val/VizWiz_val_00002548.jpg
vizwiz_val_002556,VizWiz,"Now can you see the order number for this necklace and bracelet, and this Avon booklet?",558 503,568-503,0.984,0.95,none,data/VizWiz/Images/val/VizWiz_val_00002556.jpg
vizwiz_val_002557,VizWiz,What do you see?,door,unanswerable,0.879,0.95,none,data/VizWiz/Images/val/VizWiz_val_00002557.jpg
vizwiz_val_002561,VizWiz,What kind of coffee is this?,dunkin donuts,dunkin' donuts,0.985,0.95,none,data/VizWiz/Images/val/VizWiz_val_00002561.jpg
vizwiz_val_002565,VizWiz,what is this item,unanswerable,perfume,0.890,0.9,answerability,data/VizWiz/Images/val/VizWiz_val_00002565.jpg
vizwiz_val_002569,VizWiz,Can you tell me what this food item is?,manwich,vegetables,0.786,0.85,none,data/VizWiz/Images/val/VizWiz_val_00002569.jpg
vizwiz_val_002570,VizWiz,"What color is this t-shirt, and what are the colors in it?",white blue,unanswerable,0.987,0.95,none,data/VizWiz/Images/val/VizWiz_val_00002570.jpg
vizwiz_val_002573,VizWiz,What is the expiration date?,dec 03 2011,unanswerable,0.991,0.9,none,data/VizWiz/Images/val/VizWiz_val_00002573.jpg
vizwiz_val_002574,VizWiz,What color is this t-shirt?,white,grey,0.901,0.95,none,data/VizWiz/Images/val/VizWiz_val_00002574.jpg
vizwiz_val_002576,VizWiz,Which color has it?,white,silver,0.986,0.95,none,data/VizWiz/Images/val/VizWiz_val_00002576.jpg
vizwiz_val_002577,VizWiz,What is in this package? What is it?,ready to bake bunny cookies,bunny shape sugar cookies,0.891,0.95,none,data/VizWiz/Images/val/VizWiz_val_00002577.jpg
vizwiz_val_002578,VizWiz,which pot pie is this?,cheesy ham potato,banquet,1.000,0.9,none,data/VizWiz/Images/val/VizWiz_val_00002578.jpg
vizwiz_val_002583,VizWiz,What is this object?,wall,door,0.824,0.7,none,data/VizWiz/Images/val/VizWiz_val_00002583.jpg
vizwiz_val_002585,VizWiz,Which meal is this?  It's waiting for time to run out?,spaghetti,unanswerable,0.988,0.95,none,data/VizWiz/Images/val/VizWiz_val_00002585.jpg
vizwiz_val_002586,VizWiz,Can you please describe this card and its orientation? Thank you.,this card palace,"tower, upright",0.929,0.95,none,data/VizWiz/Images/val/VizWiz_val_00002586.jpg
vizwiz_val_002589,VizWiz,What color is this t-shirt?,white,unanswerable,0.888,0.85,none,data/VizWiz/Images/val/VizWiz_val_00002589.jpg
vizwiz_val_002592,VizWiz,What is this?,oreos,oreo cookies,0.816,0.95,none,data/VizWiz/Images/val/VizWiz_val_00002592.jpg
vizwiz_val_002593,VizWiz,What temperature is the oven set at?,425,unanswerable,0.996,0.95,none,data/VizWiz/Images/val/VizWiz_val_00002593.jpg
vizwiz_val_002594,VizWiz,how many nachos over to the left and or right is the setting bulky?,1 notch to right,unanswerable,0.999,1.0,none,data/VizWiz/Images/val/VizWiz_val_00002594.jpg
vizwiz_val_002595,VizWiz,What spice is this?,garlic salt,garden salt,0.921,0.95,none,data/VizWiz/Images/val/VizWiz_val_00002595.jpg
vizwiz_val_002596,VizWiz,What is this?,chinese food,unanswerable,0.689,0.9,none,data/VizWiz/Images/val/VizWiz_val_00002596.jpg
vizwiz_val_002597,VizWiz,What is this box?,breakfast sandwich,bacon egg cheese croissant sandwiches,0.931,0.95,none,data/VizWiz/Images/val/VizWiz_val_00002597.jpg
vizwiz_val_002599,VizWiz,What is in this can?,tomato sauce,unanswerable,1.000,0.95,none,data/VizWiz/Images/val/VizWiz_val_00002599.jpg
vizwiz_val_002605,VizWiz,What is this shirt?,disney world,unanswerable,0.815,0.85,none,data/VizWiz/Images/val/VizWiz_val_00002605.jpg
vizwiz_val_002608,VizWiz,What color is this dress?,brown white,brown and white,0.840,0.95,none,data/VizWiz/Images/val/VizWiz_val_00002608.jpg
vizwiz_val_002609,VizWiz,What is this?,dvd,chess game,0.760,0.95,none,data/VizWiz/Images/val/VizWiz_val_00002609.jpg
vizwiz_val_002610,VizWiz,What color is that? Thank you.,grey,black,0.982,0.95,none,data/VizWiz/Images/val/VizWiz_val_00002610.jpg
vizwiz_val_002611,VizWiz,What kind of oatmeal is this and thank you.,cinnamon spice,cinnamon & spice,0.920,0.95,none,data/VizWiz/Images/val/VizWiz_val_00002611.jpg
vizwiz_val_002612,VizWiz,What do the big gray clouds look like in the sky?,clouds,dark and stormy,0.740,0.9,none,data/VizWiz/Images/val/VizWiz_val_00002612.jpg
vizwiz_val_002613,VizWiz,Is it asking? What? Should be. I am.,peanut butter granola bars,unanswerable,0.996,1.0,none,data/VizWiz/Images/val/VizWiz_val_00002613.jpg
vizwiz_val_002615,VizWiz,What is the picture on that CD?,man woman,20 son of lo from 70's,0.824,0.95,none,data/VizWiz/Images/val/VizWiz_val_00002615.jpg
vizwiz_val_002616,VizWiz,How about the weather?,25 degrees c,unanswerable,0.888,0.95,none,data/VizWiz/Images/val/VizWiz_val_00002616.jpg
vizwiz_val_002619,VizWiz,What flavor are these?,unanswerable,thai,0.943,0.9,answerability,data/VizWiz/Images/val/VizWiz_val_00002619.jpg
vizwiz_val_002620,VizWiz,What does the screen say?,acer,unanswerable,1.000,0.95,none,data/VizWiz/Images/val/VizWiz_val_00002620.jpg
vizwiz_val_002629,VizWiz,What is the object in this image?,tv,television,0.860,0.9,none,data/VizWiz/Images/val/VizWiz_val_00002629.jpg
vizwiz_val_002633,VizWiz,What shirt is this?,niagara falls,unanswerable,0.980,0.95,none,data/VizWiz/Images/val/VizWiz_val_00002633.jpg
vizwiz_val_002643,VizWiz,What color are these rosary beads?,yellow green blue red,"green, red, yellow, blue",0.807,0.9,none,data/VizWiz/Images/val/VizWiz_val_00002643.jpg
vizwiz_val_002646,VizWiz,What is this?,sink,unanswerable,0.825,0.95,none,data/VizWiz/Images/val/VizWiz_val_00002646.jpg
vizwiz_val_002647,VizWiz,What does this say?,jergens new soft shimmer skin radiance moisturizer,jergens soft shimmer skin radiance moisturizer,0.928,0.95,none,data/VizWiz/Images/val/VizWiz_val_00002647.jpg
vizwiz_val_002651,VizWiz,What is this bottle and what's the dosage if you can see it?  Thank you.,aspirin cant see dosage,aspirin 81mg,0.921,0.95,none,data/VizWiz/Images/val/VizWiz_val_00002651.jpg
vizwiz_val_002657,VizWiz,what color is this?,blue,white,0.622,0.85,none,data/VizWiz/Images/val/VizWiz_val_00002657.jpg
vizwiz_val_002662,VizWiz,"What is in this can, please?",fruit,unanswerable,1.000,0.95,none,data/VizWiz/Images/val/VizWiz_val_00002662.jpg
vizwiz_val_002665,VizWiz,What are the title and author of the CD?,washingtons golden delicious music series,washington's golden delicious music series,0.986,0.95,none,data/VizWiz/Images/val/VizWiz_val_00002665.jpg
vizwiz_val_002666,VizWiz,"Hi, are you able to describe this trainer to me, please.",white red blue,new balance,0.929,0.95,none,data/VizWiz/Images/val/VizWiz_val_00002666.jpg
vizwiz_val_002670,VizWiz,What kind of flour is this? All purpose or self rising?,unanswerable,self rising,0.919,0.95,answerability,data/VizWiz/Images/val/VizWiz_val_00002670.jpg
vizwiz_val_002671,VizWiz,What is this?,cell phone,mobile hotspot,0.995,0.95,none,data/VizWiz/Images/val/VizWiz_val_00002671.jpg
vizwiz_val_002676,VizWiz,What is this item?,grilled chicken spanish rice,grilled chicken with spanish rice,0.965,0.95,none,data/VizWiz/Images/val/VizWiz_val_00002676.jpg
vizwiz_val_002677,VizWiz,What do you see?,flowers,unanswerable,0.894,0.95,none,data/VizWiz/Images/val/VizWiz_val_00002677.jpg
vizwiz_val_002681,VizWiz,Which button is the second floor button?,top,2,0.656,0.95,none,data/VizWiz/Images/val/VizWiz_val_00002681.jpg
vizwiz_val_002682,VizWiz,Is this love?,no,unanswerable,1.000,1.0,none,data/VizWiz/Images/val/VizWiz_val_00002682.jpg
vizwiz_val_002683,VizWiz,What is this little package?,kool aid,unanswerable,0.986,0.95,none,data/VizWiz/Images/val/VizWiz_val_00002683.jpg
vizwiz_val_002684,VizWiz,What am I looking at?,lightbulb,light bulb,0.997,0.95,none,data/VizWiz/Images/val/VizWiz_val_00002684.jpg
vizwiz_val_002685,VizWiz,"can you give me the cooking directions for this product, thank you",place spoon bake,unanswerable,0.863,0.95,none,data/VizWiz/Images/val/VizWiz_val_00002685.jpg
vizwiz_val_002692,VizWiz,What is it?,microwave,unanswerable,0.862,0.85,none,data/VizWiz/Images/val/VizWiz_val_00002692.jpg
vizwiz_val_002693,VizWiz,what am I looking at?,desk,unanswerable,0.896,0.85,none,data/VizWiz/Images/val/VizWiz_val_00002693.jpg
vizwiz_val_002694,VizWiz,I'm wondering about the main buttons on this microwave. What I need to cook something for a number o,unanswerable,number pad,0.886,0.95,answerability,data/VizWiz/Images/val/VizWiz_val_00002694.jpg
vizwiz_val_002696,VizWiz,Is this wallet for male or female?,male,unanswerable,0.975,0.75,none,data/VizWiz/Images/val/VizWiz_val_00002696.jpg
vizwiz_val_002698,VizWiz,Sky look like in this picture.,cloudy,stormy,0.813,0.85,none,data/VizWiz/Images/val/VizWiz_val_00002698.jpg
vizwiz_val_002699,VizWiz,What color is the carpet,brown,unanswerable,0.878,0.7,none,data/VizWiz/Images/val/VizWiz_val_00002699.jpg
vizwiz_val_002704,VizWiz,What color is this?,grey,gray,0.749,0.85,none,data/VizWiz/Images/val/VizWiz_val_00002704.jpg
vizwiz_val_002706,VizWiz,What color is this?,grey,black,0.998,0.95,none,data/VizWiz/Images/val/VizWiz_val_00002706.jpg
vizwiz_val_002711,VizWiz,What spice is this?,sugar,unanswerable,1.000,0.95,none,data/VizWiz/Images/val/VizWiz_val_00002711.jpg
vizwiz_val_002715,VizWiz,What kind of hand soap is this?,papaya mango,papaya & mango,0.989,0.95,none,data/VizWiz/Images/val/VizWiz_val_00002715.jpg
vizwiz_val_002717,VizWiz,Does this outfit go together? Hopefully there's enough light. Thank you.,yes,unanswerable,0.975,1.0,none,data/VizWiz/Images/val/VizWiz_val_00002717.jpg
vizwiz_val_002722,VizWiz,What does this list include?,bandages,first aid items,0.741,0.95,none,data/VizWiz/Images/val/VizWiz_val_00002722.jpg
vizwiz_val_002724,VizWiz,this is the display of a treadmill could you tell me the distance please.,4.22,unanswerable,1.000,0.95,none,data/VizWiz/Images/val/VizWiz_val_00002724.jpg
vizwiz_val_002726,VizWiz,What color is the dryer and what time is it?,white,unanswerable,0.990,,none,data/VizWiz/Images/val/VizWiz_val_00002726.jpg
vizwiz_val_002739,VizWiz,What's the temperature set at?,75,65,0.748,0.95,none,data/VizWiz/Images/val/VizWiz_val_00002739.jpg
vizwiz_val_002742,VizWiz,What is this item?,ipod nano case,sound case,0.568,0.95,none,data/VizWiz/Images/val/VizWiz_val_00002742.jpg
vizwiz_val_002743,VizWiz,What color is this?,aqua,mint,0.756,0.95,none,data/VizWiz/Images/val/VizWiz_val_00002743.jpg
vizwiz_val_002747,VizWiz,what is on this page?,tarot card instructions,prediction,0.994,0.9,none,data/VizWiz/Images/val/VizWiz_val_00002747.jpg
vizwiz_val_002748,VizWiz,Can you see what label is on the can of coke?  I'm just wondering if it's something that got stuck t,no,unanswerable,1.000,0.95,none,data/VizWiz/Images/val/VizWiz_val_00002748.jpg
vizwiz_val_002749,VizWiz,Can you please tell me what the oven temperature is set to?,broil,unanswerable,1.000,0.95,none,data/VizWiz/Images/val/VizWiz_val_00002749.jpg
vizwiz_val_002750,VizWiz,What type of spice is this?,onion sea salt,onion & sea salt,0.951,0.95,none,data/VizWiz/Images/val/VizWiz_val_00002750.jpg
vizwiz_val_002755,VizWiz,What is this?,bag,unanswerable,1.000,0.95,none,data/VizWiz/Images/val/VizWiz_val_00002755.jpg
vizwiz_val_002756,VizWiz,What is the title of this book?,english italian italian english dictionary,english-italian italian-english dictionary,0.945,0.95,none,data/VizWiz/Images/val/VizWiz_val_00002756.jpg
vizwiz_val_002759,VizWiz,What is this?,1 dollar bill,one dollar bill,0.943,0.95,none,data/VizWiz/Images/val/VizWiz_val_00002759.jpg
vizwiz_val_002762,VizWiz,Cooking directions.,microwave 4 minutes,unanswerable,1.000,0.95,none,data/VizWiz/Images/val/VizWiz_val_00002762.jpg
vizwiz_val_002764,VizWiz,What is this?,xm radio,pioneer car radio,0.657,0.95,none,data/VizWiz/Images/val/VizWiz_val_00002764.jpg
vizwiz_val_002767,VizWiz,what wash cycle do i have this on?,heavy,unanswerable,0.998,0.95,none,data/VizWiz/Images/val/VizWiz_val_00002767.jpg
vizwiz_val_002768,VizWiz,What make and flavor of coffee is this please?,tullys italian roast,tully's italian roast,0.997,0.95,none,data/VizWiz/Images/val/VizWiz_val_00002768.jpg
vizwiz_val_002769,VizWiz,"What is in this package? And if you can include a brand name, that would help. Thank you.",parmesan tilapia sea cuisine,parmesan cheese,0.975,0.85,none,data/VizWiz/Images/val/VizWiz_val_00002769.jpg
vizwiz_val_002771,VizWiz,what is this product?,chex mix,cheetos,0.778,0.95,none,data/VizWiz/Images/val/VizWiz_val_00002771.jpg
vizwiz_val_002775,VizWiz,What kind of bird is this?,parakeet,golden pheasant,0.971,0.9,none,data/VizWiz/Images/val/VizWiz_val_00002775.jpg
vizwiz_val_002776,VizWiz,"What color is that, please?",black,unanswerable,0.890,0.7,none,data/VizWiz/Images/val/VizWiz_val_00002776.jpg
vizwiz_val_002779,VizWiz,Please describe the picture.,shrub grass,unanswerable,0.997,0.95,none,data/VizWiz/Images/val/VizWiz_val_00002779.jpg
vizwiz_val_002780,VizWiz,What is this?,turkey tenderloin in gravy,turkey tenderloin gravy,0.939,0.95,none,data/VizWiz/Images/val/VizWiz_val_00002780.jpg
vizwiz_val_002781,VizWiz,What is in this box?,sausages onion gravy,sausages & onion gravy,0.985,0.95,none,data/VizWiz/Images/val/VizWiz_val_00002781.jpg
vizwiz_val_002786,VizWiz,What is this?,teddy bear,stuffed bear,0.911,0.95,none,data/VizWiz/Images/val/VizWiz_val_00002786.jpg
vizwiz_val_002789,VizWiz,What is this?,can vegetables,vegetable soup,0.807,0.85,none,data/VizWiz/Images/val/VizWiz_val_00002789.jpg
vizwiz_val_002792,VizWiz,Whats in the bag?,chocolate chips,milk chocolate morsels,0.984,0.95,none,data/VizWiz/Images/val/VizWiz_val_00002792.jpg
vizwiz_val_002796,VizWiz,What color is this shirt?,black,unanswerable,0.812,0.7,none,data/VizWiz/Images/val/VizWiz_val_00002796.jpg
vizwiz_val_002799,VizWiz,What is this a picture of?,pens,unanswerable,0.987,0.95,none,data/VizWiz/Images/val/VizWiz_val_00002799.jpg
vizwiz_val_002802,VizWiz,What color is this?,burgundy,maroon,0.811,0.9,none,data/VizWiz/Images/val/VizWiz_val_00002802.jpg
vizwiz_val_002803,VizWiz,What is this?,chicken florentine alfredo,frozen pasta,0.893,0.95,none,data/VizWiz/Images/val/VizWiz_val_00002803.jpg
vizwiz_val_002805,VizWiz,Can you tell me the detail of the food in this thing?,herb crusted white fish pasta in tomato basil sauce green beans carrots,herb crusted fish,0.990,0.95,none,data/VizWiz/Images/val/VizWiz_val_00002805.jpg
vizwiz_val_002806,VizWiz,What type of lotion is this?,body lotion,body butter,0.915,0.85,none,data/VizWiz/Images/val/VizWiz_val_00002806.jpg
vizwiz_val_002809,VizWiz,Would you please tell me what the sky in this photograph looks like?,stormy,dark and cloudy,0.842,0.9,none,data/VizWiz/Images/val/VizWiz_val_00002809.jpg
vizwiz_val_002811,VizWiz,Dinner bowl is this?,marie callenders,unanswerable,0.992,0.95,none,data/VizWiz/Images/val/VizWiz_val_00002811.jpg
vizwiz_val_002812,VizWiz,Can you tell me what this card is?,blue 2,unanswerable,0.993,0.95,none,data/VizWiz/Images/val/VizWiz_val_00002812.jpg
vizwiz_val_002815,VizWiz,What's in this container?,lysol,all purpose cleaner,0.964,0.9,none,data/VizWiz/Images/val/VizWiz_val_00002815.jpg
vizwiz_val_002820,VizWiz,What are the colors of these three cable ties?,red red yellow,"red, red, yellow",0.871,0.95,none,data/VizWiz/Images/val/VizWiz_val_00002820.jpg
vizwiz_val_002821,VizWiz,What is this?,cake mix,bowl of batter,0.631,0.9,none,data/VizWiz/Images/val/VizWiz_val_00002821.jpg
vizwiz_val_002824,VizWiz,"Does the screen say anything, show any text or color at all?",blue,unanswerable,0.958,0.95,none,data/VizWiz/Images/val/VizWiz_val_00002824.jpg
vizwiz_val_002829,VizWiz,What is this?,andes mints,cigarettes,0.893,0.95,none,data/VizWiz/Images/val/VizWiz_val_00002829.jpg
vizwiz_val_002830,VizWiz,Can you tell me what this knob is on?,unanswerable,washing machine,0.973,0.9,answerability,data/VizWiz/Images/val/VizWiz_val_00002830.jpg
vizwiz_val_002831,VizWiz,What is this?,unanswerable,sleep aid,0.998,0.9,answerability,data/VizWiz/Images/val/VizWiz_val_00002831.jpg
vizwiz_val_002837,VizWiz,What are the directions?,heat drop bake,"heat, drop, bake",0.882,0.95,none,data/VizWiz/Images/val/VizWiz_val_00002837.jpg
vizwiz_val_002838,VizWiz,What is this?,rc cola,soda can,0.796,0.95,none,data/VizWiz/Images/val/VizWiz_val_00002838.jpg
vizwiz_val_002840,VizWiz,What is this?,can,unanswerable,0.948,0.95,none,data/VizWiz/Images/val/VizWiz_val_00002840.jpg
vizwiz_val_002841,VizWiz,What colors are on this shirt?,brown black silver,"blue, red, brown, black, white",0.622,0.95,none,data/VizWiz/Images/val/VizWiz_val_00002841.jpg
vizwiz_val_002843,VizWiz,What is the temperature on this thermostat?,50,unanswerable,1.000,0.95,none,data/VizWiz/Images/val/VizWiz_val_00002843.jpg
vizwiz_val_002847,VizWiz,What color is the wall?,pink,purple,0.974,0.95,none,data/VizWiz/Images/val/VizWiz_val_00002847.jpg
vizwiz_val_002850,VizWiz,Can you please describe this card in this orientation? Thank You,cups,unanswerable,0.978,0.95,none,data/VizWiz/Images/val/VizWiz_val_00002850.jpg
vizwiz_val_002852,VizWiz,Is this on fan now?,no,unanswerable,0.999,0.95,none,data/VizWiz/Images/val/VizWiz_val_00002852.jpg
vizwiz_val_002853,VizWiz,What is this a picture of?,sea sky,painting,0.923,0.9,none,data/VizWiz/Images/val/VizWiz_val_00002853.jpg
vizwiz_val_002854,VizWiz,What dinner is this?,healthy choice,barbecue steak,0.887,0.9,none,data/VizWiz/Images/val/VizWiz_val_00002854.jpg
vizwiz_val_002856,VizWiz,What is this?,unanswerable,fiber supplement,0.990,0.9,answerability,data/VizWiz/Images/val/VizWiz_val_00002856.jpg
vizwiz_val_002858,VizWiz,What denomination is this?,5,five dollars,0.870,0.95,none,data/VizWiz/Images/val/VizWiz_val_00002858.jpg
vizwiz_val_002859,VizWiz,What is in this bag?,vegetables,unanswerable,0.788,0.95,none,data/VizWiz/Images/val/VizWiz_val_00002859.jpg
vizwiz_val_002861,VizWiz,What color is this shirt?,white pink,pink and white,0.749,0.85,none,data/VizWiz/Images/val/VizWiz_val_00002861.jpg
vizwiz_val_002862,VizWiz,What is this coin?,quarter,unanswerable,0.997,0.95,none,data/VizWiz/Images/val/VizWiz_val_00002862.jpg
vizwiz_val_002865,VizWiz,What do you see in this picture?,nothing,unanswerable,1.000,1.0,none,data/VizWiz/Images/val/VizWiz_val_00002865.jpg
vizwiz_val_002867,VizWiz,What kind of coffee is this?,dark,caffé verona,0.869,0.95,none,data/VizWiz/Images/val/VizWiz_val_00002867.jpg
vizwiz_val_002868,VizWiz,What is this?,lamp,pringles,0.811,0.95,none,data/VizWiz/Images/val/VizWiz_val_00002868.jpg
vizwiz_val_002869,VizWiz,Tell me the value of this card.,6,9,0.819,0.95,none,data/VizWiz/Images/val/VizWiz_val_00002869.jpg
vizwiz_val_002871,VizWiz,What is this?,diced tomatoes,canned tomatoes,0.821,0.9,none,data/VizWiz/Images/val/VizWiz_val_00002871.jpg
vizwiz_val_002874,VizWiz,What does this box say?,nothing,unanswerable,1.000,1.0,none,data/VizWiz/Images/val/VizWiz_val_00002874.jpg
vizwiz_val_002877,VizWiz,I moved closer.  See if we can identify this product.  Thank you.,baked potato cheddar bacon bits,chunky soup,0.923,0.95,none,data/VizWiz/Images/val/VizWiz_val_00002877.jpg
vizwiz_val_002881,VizWiz,What are the characters in this CAPTCHA image?,472 dahwit,472 damvr,0.902,0.95,none,data/VizWiz/Images/val/VizWiz_val_00002881.jpg
vizwiz_val_002882,VizWiz,What does this say?,harry potter deathly hallows,unanswerable,0.997,0.95,none,data/VizWiz/Images/val/VizWiz_val_00002882.jpg
vizwiz_val_002884,VizWiz,What color is it?,gold,unanswerable,0.812,0.9,none,data/VizWiz/Images/val/VizWiz_val_00002884.jpg
vizwiz_val_002891,VizWiz,What kind of dog is this?,dalmation,dalmatian,0.972,0.95,none,data/VizWiz/Images/val/VizWiz_val_00002891.jpg
vizwiz_val_002894,VizWiz,Can you read these words please?,unanswerable,acer,0.985,0.9,answerability,data/VizWiz/Images/val/VizWiz_val_00002894.jpg
vizwiz_val_002896,VizWiz,What is this shirt?,pink,unanswerable,0.917,0.95,none,data/VizWiz/Images/val/VizWiz_val_00002896.jpg
vizwiz_val_002897,VizWiz,Last time I asked I got the answer design. I need color. What color is the design?,tan white,brown and white,0.892,0.95,none,data/VizWiz/Images/val/VizWiz_val_00002897.jpg
vizwiz_val_002902,VizWiz,Can you please describe the card and is it right side up?,xi strength no,"strength, no",0.777,0.9,none,data/VizWiz/Images/val/VizWiz_val_00002902.jpg
vizwiz_val_002904,VizWiz,Could you read the writing that's on this tag please? Thank you.,yes i can read,unanswerable,0.991,0.9,none,data/VizWiz/Images/val/VizWiz_val_00002904.jpg
vizwiz_val_002907,VizWiz,What CD is this?,feed flock,fled flock,0.790,0.9,none,data/VizWiz/Images/val/VizWiz_val_00002907.jpg
vizwiz_val_002909,VizWiz,What is this can?,beans,unanswerable,0.981,0.95,none,data/VizWiz/Images/val/VizWiz_val_00002909.jpg
vizwiz_val_002911,VizWiz,What does this food label say?,uncle bens,mexican fiesta rice,0.997,0.95,none,data/VizWiz/Images/val/VizWiz_val_00002911.jpg
vizwiz_val_002913,VizWiz,Please can you tell me the name of the CD? Thanks.,unanswerable,gold,0.720,0.85,answerability,data/VizWiz/Images/val/VizWiz_val_00002913.jpg
vizwiz_val_002914,VizWiz,What is in the picture?,dashboard,car interior,0.874,0.9,none,data/VizWiz/Images/val/VizWiz_val_00002914.jpg
vizwiz_val_002924,VizWiz,What season is this?,spaghetti,unanswerable,0.984,0.95,none,data/VizWiz/Images/val/VizWiz_val_00002924.jpg
vizwiz_val_002926,VizWiz,Can you please describe this flower to me? Thank you.,this rose,pink rose bud,0.729,0.95,none,data/VizWiz/Images/val/VizWiz_val_00002926.jpg
vizwiz_val_002930,VizWiz,What is currently on the TV screen?,nothing,unanswerable,0.994,0.95,none,data/VizWiz/Images/val/VizWiz_val_00002930.jpg
vizwiz_val_002931,VizWiz,What does my TV screen say?,this cable box not authorized for service please call your cable division,unanswerable,0.866,0.95,none,data/VizWiz/Images/val/VizWiz_val_00002931.jpg
vizwiz_val_002934,VizWiz,What is this?,unanswerable,jar,0.809,0.85,answerability,data/VizWiz/Images/val/VizWiz_val_00002934.jpg
vizwiz_val_002935,VizWiz,"Tell me what this bottle say, please. I don't know what it say. Please help me, please.",lawry marinade,unanswerable,0.960,0.85,none,data/VizWiz/Images/val/VizWiz_val_00002935.jpg
vizwiz_val_002936,VizWiz,What denomination of currency is this?,1 dollar,one dollar,0.694,0.95,none,data/VizWiz/Images/val/VizWiz_val_00002936.jpg
vizwiz_val_002939,VizWiz,"All right they are closed now. I don't think there are any labels on there though, but if there are ",label on left 1,unanswerable,0.982,0.9,none,data/VizWiz/Images/val/VizWiz_val_00002939.jpg
vizwiz_val_002940,VizWiz,So is this button speed?  Is that a down or up arrow?,no,unanswerable,0.843,0.9,none,data/VizWiz/Images/val/VizWiz_val_00002940.jpg
vizwiz_val_002941,VizWiz,"OK, I have the flap open. Let's see if this actually works.",empty,unanswerable,1.000,0.95,none,data/VizWiz/Images/val/VizWiz_val_00002941.jpg
vizwiz_val_002942,VizWiz,What is this?,box,food,0.664,0.95,none,data/VizWiz/Images/val/VizWiz_val_00002942.jpg
vizwiz_val_002947,VizWiz,I mean is it good what I'm wearing today?,yes,unanswerable,1.000,0.95,none,data/VizWiz/Images/val/VizWiz_val_00002947.jpg
vizwiz_val_002948,VizWiz,What is on the screen?,painting,anime character,0.967,0.85,none,data/VizWiz/Images/val/VizWiz_val_00002948.jpg
vizwiz_val_002954,VizWiz,What brand is this?,moist meaty,moist & meaty,0.957,0.9,none,data/VizWiz/Images/val/VizWiz_val_00002954.jpg
vizwiz_val_002955,VizWiz,What color are the ropes from top to bottom?,blue green red yellow,"blue, green, red, yellow",0.954,0.95,none,data/VizWiz/Images/val/VizWiz_val_00002955.jpg
vizwiz_val_002956,VizWiz,What is this?,bottle water,water bottle,0.999,0.95,none,data/VizWiz/Images/val/VizWiz_val_00002956.jpg
vizwiz_val_002961,VizWiz,What color is this cartridge?,black,yellow,0.938,0.9,none,data/VizWiz/Images/val/VizWiz_val_00002961.jpg
vizwiz_val_002962,VizWiz,Is there a test piece here?,unanswerable,yes,0.813,0.7,answerability,data/VizWiz/Images/val/VizWiz_val_00002962.jpg
vizwiz_val_002964,VizWiz,what color is this shirt?,blue white,unanswerable,0.989,0.7,none,data/VizWiz/Images/val/VizWiz_val_00002964.jpg
vizwiz_val_002969,VizWiz,What is this item?,paper,hot sauce,0.974,0.85,none,data/VizWiz/Images/val/VizWiz_val_00002969.jpg
vizwiz_val_002971,VizWiz,"This is a heat and air conditioning thermostat, I need to know if it is set on the off position or i",off,unanswerable,0.988,0.95,none,data/VizWiz/Images/val/VizWiz_val_00002971.jpg
vizwiz_val_002973,VizWiz,What color is my jeans?,blue,unanswerable,1.000,1.0,none,data/VizWiz/Images/val/VizWiz_val_00002973.jpg
vizwiz_val_002976,VizWiz,What kind of beverage is this?,soda,unanswerable,0.746,0.85,none,data/VizWiz/Images/val/VizWiz_val_00002976.jpg
vizwiz_val_002977,VizWiz,What is this?,dollar bill,unanswerable,0.892,0.7,none,data/VizWiz/Images/val/VizWiz_val_00002977.jpg
vizwiz_val_002985,VizWiz,How many servings are in this candy bar?,2,unanswerable,0.997,0.95,none,data/VizWiz/Images/val/VizWiz_val_00002985.jpg
vizwiz_val_002992,VizWiz,What color is my shirt?,blue,unanswerable,1.000,1.0,none,data/VizWiz/Images/val/VizWiz_val_00002992.jpg
vizwiz_val_002995,VizWiz,Lights in the room turned on or off?,on,off,0.985,0.85,none,data/VizWiz/Images/val/VizWiz_val_00002995.jpg
vizwiz_val_002996,VizWiz,It's not recording. What is this perfume? You don't double tap or anything? No.,carried away,unanswerable,1.000,1.0,none,data/VizWiz/Images/val/VizWiz_val_00002996.jpg
vizwiz_val_002997,VizWiz,What is that please?,plastic drink bottle,unanswerable,1.000,0.95,none,data/VizWiz/Images/val/VizWiz_val_00002997.jpg
vizwiz_val_002999,VizWiz,What's the color of the pants and the shirt?,brown tan,"black, white",0.689,0.9,none,data/VizWiz/Images/val/VizWiz_val_00002999.jpg
vizwiz_val_003007,VizWiz,what type of canned food is this?,unanswerable,key lime pie,0.831,0.85,answerability,data/VizWiz/Images/val/VizWiz_val_00003007.jpg
vizwiz_val_003009,VizWiz,Will you tell me what this item is please.,unanswerable,computer screen,0.993,0.9,answerability,data/VizWiz/Images/val/VizWiz_val_00003009.jpg
vizwiz_val_003010,VizWiz,What is that?,knee,unanswerable,0.802,0.9,none,data/VizWiz/Images/val/VizWiz_val_00003010.jpg
vizwiz_val_003013,VizWiz,What color is this?,grey,gray,0.902,0.95,none,data/VizWiz/Images/val/VizWiz_val_00003013.jpg
vizwiz_val_003014,VizWiz,What color is this?,grey,gray,0.834,0.8,none,data/VizWiz/Images/val/VizWiz_val_00003014.jpg
vizwiz_val_003015,VizWiz,What is that badge?,porsche,peugeot,0.958,0.95,none,data/VizWiz/Images/val/VizWiz_val_00003015.jpg
vizwiz_val_003017,VizWiz,What's in this capture?,unanswerable,symbols you see in barbe,0.831,0.85,answerability,data/VizWiz/Images/val/VizWiz_val_00003017.jpg
vizwiz_val_003018,VizWiz,What does it say on this shirt?,mommys big guy,mommy's big guy,0.966,0.95,none,data/VizWiz/Images/val/VizWiz_val_00003018.jpg
vizwiz_val_003021,VizWiz,What is the expiration date on this bus pass?,dec 17 11,dec-17-11,0.988,0.95,none,data/VizWiz/Images/val/VizWiz_val_00003021.jpg
vizwiz_val_003022,VizWiz,"Excuse me, tell me what you can see exactly in this picture.",fridge,refrigerator,0.955,0.95,none,data/VizWiz/Images/val/VizWiz_val_00003022.jpg
vizwiz_val_003026,VizWiz,Which temperature?,unanswerable,outdoor,0.908,0.95,answerability,data/VizWiz/Images/val/VizWiz_val_00003026.jpg
vizwiz_val_003027,VizWiz,What is this can?,pork beans,pork and beans,0.787,0.95,none,data/VizWiz/Images/val/VizWiz_val_00003027.jpg
vizwiz_val_003034,VizWiz,What is this product?,vodka,alcohol,0.988,0.85,none,data/VizWiz/Images/val/VizWiz_val_00003034.jpg
vizwiz_val_003035,VizWiz,What is the name of this item?,trivia,truvia,0.938,0.95,none,data/VizWiz/Images/val/VizWiz_val_00003035.jpg
vizwiz_val_003037,VizWiz,What device does this adapter go to?,cell phone,unanswerable,0.998,0.95,none,data/VizWiz/Images/val/VizWiz_val_00003037.jpg
vizwiz_val_003038,VizWiz,In this bottle.,soda,unanswerable,0.990,0.95,none,data/VizWiz/Images/val/VizWiz_val_00003038.jpg
vizwiz_val_003042,VizWiz,What product is this?,mac n cheese,macaroni cheese,0.995,0.85,none,data/VizWiz/Images/val/VizWiz_val_00003042.jpg
vizwiz_val_003044,VizWiz,Could you tell me what kind of bill this is? Because I'm looking for a twenty and I think this is a ,10,ten,0.846,0.9,none,data/VizWiz/Images/val/VizWiz_val_00003044.jpg
vizwiz_val_003045,VizWiz,What is this? Can i drink this?,soap no,soap dispenser,0.715,0.95,none,data/VizWiz/Images/val/VizWiz_val_00003045.jpg
vizwiz_val_003047,VizWiz,What flavor of coffee is this please? Third times a charm.,unanswerable,mocha,0.513,0.9,answerability,data/VizWiz/Images/val/VizWiz_val_00003047.jpg
vizwiz_val_003049,VizWiz,What kind of food is this?,unanswerable,black beans,0.953,0.9,answerability,data/VizWiz/Images/val/VizWiz_val_00003049.jpg
vizwiz_val_003050,VizWiz,What's on the screen?,black backround white line,unanswerable,0.997,0.95,none,data/VizWiz/Images/val/VizWiz_val_00003050.jpg
vizwiz_val_003051,VizWiz,this garment.,shirt,unanswerable,0.953,0.7,none,data/VizWiz/Images/val/VizWiz_val_00003051.jpg
vizwiz_val_003052,VizWiz,What is this?,beer,alcohol bottle,0.850,0.7,none,data/VizWiz/Images/val/VizWiz_val_00003052.jpg
vizwiz_val_003054,VizWiz,Do you see any kind of an ID number on this photo that starts with a four?,no,unanswerable,1.000,0.95,none,data/VizWiz/Images/val/VizWiz_val_00003054.jpg
vizwiz_val_003057,VizWiz,WHAT IS THIS?,popcorn,banana delight,0.729,0.9,none,data/VizWiz/Images/val/VizWiz_val_00003057.jpg
vizwiz_val_003060,VizWiz,What color is this shirt and does it have striped? Thank you.,plain mauve,grey no,0.837,0.9,none,data/VizWiz/Images/val/VizWiz_val_00003060.jpg
vizwiz_val_003063,VizWiz,What is this bottle?,strawberry pomegranate,unanswerable,0.881,0.95,none,data/VizWiz/Images/val/VizWiz_val_00003063.jpg
vizwiz_val_003065,VizWiz,What's in this tin?,fish,sauce,0.805,0.9,none,data/VizWiz/Images/val/VizWiz_val_00003065.jpg
vizwiz_val_003066,VizWiz,What is this item?,robo sweeper,robot vacuum,0.761,0.95,none,data/VizWiz/Images/val/VizWiz_val_00003066.jpg
vizwiz_val_003068,VizWiz,What is this?,proton tablets,medication,0.902,0.95,none,data/VizWiz/Images/val/VizWiz_val_00003068.jpg
vizwiz_val_003072,VizWiz,"Can you tell me what color this shirt is and what the design is on the front, please?",yellow 2011 vision walk,"yellow, vision walk 2011",0.925,0.95,none,data/VizWiz/Images/val/VizWiz_val_00003072.jpg
vizwiz_val_003073,VizWiz,What color is this shirt?,unanswerable,grey,0.754,0.85,answerability,data/VizWiz/Images/val/VizWiz_val_00003073.jpg
vizwiz_val_003075,VizWiz,Can you please tell me what this letter says?  Thank you.,feb 29 to march 2nd 2012 they will be testing fire alarms,unanswerable,0.990,0.9,none,data/VizWiz/Images/val/VizWiz_val_00003075.jpg
vizwiz_val_003077,VizWiz,What is this?,timer,thermometer,0.954,0.85,none,data/VizWiz/Images/val/VizWiz_val_00003077.jpg
vizwiz_val_003080,VizWiz,which flavors are these?,shrimp,mi goreng,0.996,0.95,none,data/VizWiz/Images/val/VizWiz_val_00003080.jpg
vizwiz_val_003081,VizWiz,What is in this can?,beans,unanswerable,0.954,0.95,none,data/VizWiz/Images/val/VizWiz_val_00003081.jpg
vizwiz_val_003082,VizWiz,What is this?,frozen dinner,unanswerable,1.000,0.95,none,data/VizWiz/Images/val/VizWiz_val_00003082.jpg
vizwiz_val_003085,VizWiz,What flavor and brand of cake is this please? Thank you.,french roast,unanswerable,1.000,0.95,none,data/VizWiz/Images/val/VizWiz_val_00003085.jpg
vizwiz_val_003087,VizWiz,What is the name of this product?,unanswerable,hill country fare,0.867,0.9,answerability,data/VizWiz/Images/val/VizWiz_val_00003087.jpg
vizwiz_val_003091,VizWiz,What is the product?,polysporin,first aid antibiotic spray,0.849,0.95,none,data/VizWiz/Images/val/VizWiz_val_00003091.jpg
vizwiz_val_003092,VizWiz,What is this?,samuel adams cherry wheat ale,beer,0.670,0.95,none,data/VizWiz/Images/val/VizWiz_val_00003092.jpg
vizwiz_val_003093,VizWiz,What is this?,pudding,unanswerable,0.935,0.85,none,data/VizWiz/Images/val/VizWiz_val_00003093.jpg
vizwiz_val_003096,VizWiz,What is it?,box,external hard drive,0.928,0.95,none,data/VizWiz/Images/val/VizWiz_val_00003096.jpg
vizwiz_val_003099,VizWiz,Finally from left to right what are the two bottom buttons the bigger buttons on the bottom?,stop reset start,time/more stop/reset,0.837,0.9,none,data/VizWiz/Images/val/VizWiz_val_00003099.jpg
vizwiz_val_003100,VizWiz,What did I just take a picture of,ground,concrete path,0.888,0.9,none,data/VizWiz/Images/val/VizWiz_val_00003100.jpg
vizwiz_val_003101,VizWiz,Is this broke?,no,unanswerable,1.000,0.95,none,data/VizWiz/Images/val/VizWiz_val_00003101.jpg
vizwiz_val_003105,VizWiz,What is this?,label,wine bottle,0.986,0.95,none,data/VizWiz/Images/val/VizWiz_val_00003105.jpg
vizwiz_val_003107,VizWiz,What is this?,vitamins,vitamin bottle,0.883,0.95,none,data/VizWiz/Images/val/VizWiz_val_00003107.jpg
vizwiz_val_003108,VizWiz,What's on this shirt? Thanks.,does bother you that im always right,text,0.661,0.95,none,data/VizWiz/Images/val/VizWiz_val_00003108.jpg
vizwiz_val_003113,VizWiz,What's in front?,unanswerable,glass door,0.916,0.85,answerability,data/VizWiz/Images/val/VizWiz_val_00003113.jpg
vizwiz_val_003114,VizWiz,"Sorry about that, what does this say?",emerson,unanswerable,0.996,0.85,none,data/VizWiz/Images/val/VizWiz_val_00003114.jpg
vizwiz_val_003115,VizWiz,What is the color?,white,unanswerable,0.874,0.7,none,data/VizWiz/Images/val/VizWiz_val_00003115.jpg
vizwiz_val_003118,VizWiz,What coin is this?,penny,unanswerable,0.998,0.95,none,data/VizWiz/Images/val/VizWiz_val_00003118.jpg
vizwiz_val_003121,VizWiz,"Hi, I was wondering if you could tell me the color of this t-shirt and there's a logo up on the left",no,teal true religion,0.839,0.95,none,data/VizWiz/Images/val/VizWiz_val_00003121.jpg
vizwiz_val_003125,VizWiz,Is there a picture forming on this map?,yes,unanswerable,0.999,0.95,none,data/VizWiz/Images/val/VizWiz_val_00003125.jpg
vizwiz_val_003126,VizWiz,Just needing to know what this bottle of wine is?,red,unanswerable,1.000,0.95,none,data/VizWiz/Images/val/VizWiz_val_00003126.jpg
vizwiz_val_003127,VizWiz,What is that?,atlas,unanswerable,1.000,0.95,none,data/VizWiz/Images/val/VizWiz_val_00003127.jpg
vizwiz_val_003137,VizWiz,Getting closer to the boyle?,yes,unanswerable,1.000,0.95,none,data/VizWiz/Images/val/VizWiz_val_00003137.jpg
vizwiz_val_003140,VizWiz,Simplify the following expression.,d,3.42,0.891,1.0,none,data/VizWiz/Images/val/VizWiz_val_00003140.jpg
vizwiz_val_003144,VizWiz,Please tell me what is on the screen,green lights,unanswerable,0.994,0.95,none,data/VizWiz/Images/val/VizWiz_val_00003144.jpg
vizwiz_val_003145,VizWiz,Do you see any type of water bugs or anything?,no,unanswerable,0.969,0.95,none,data/VizWiz/Images/val/VizWiz_val_00003145.jpg
vizwiz_val_003147,VizWiz,What is this?,rug,soap,0.893,0.95,none,data/VizWiz/Images/val/VizWiz_val_00003147.jpg
vizwiz_val_003148,VizWiz,Where's the shirt of the person in the photo?,in picture,unanswerable,0.975,0.95,none,data/VizWiz/Images/val/VizWiz_val_00003148.jpg
vizwiz_val_003149,VizWiz,Do I have to ho - oh. What is this?,hand,unanswerable,0.999,1.0,none,data/VizWiz/Images/val/VizWiz_val_00003149.jpg
vizwiz_val_003150,VizWiz,Does this strip have one or two pink lines? One can be lighter than the other one.,1,one,0.881,0.9,none,data/VizWiz/Images/val/VizWiz_val_00003150.jpg
vizwiz_val_003155,VizWiz,"Summary, what is on this page?",advertisement for food,food advertisement,0.740,0.95,none,data/VizWiz/Images/val/VizWiz_val_00003155.jpg
vizwiz_val_003159,VizWiz,What kind of soda pop?,coca cola,coca-cola zero,0.841,0.95,none,data/VizWiz/Images/val/VizWiz_val_00003159.jpg
vizwiz_val_003168,VizWiz,What color is this shirt?,grey,green,0.805,0.9,none,data/VizWiz/Images/val/VizWiz_val_00003168.jpg
vizwiz_val_003173,VizWiz,What is a picture?,kitten,picture,0.668,0.95,none,data/VizWiz/Images/val/VizWiz_val_00003173.jpg
vizwiz_val_003175,VizWiz,What kind of drink is this?,sunkist,orange soda,0.866,0.95,none,data/VizWiz/Images/val/VizWiz_val_00003175.jpg
vizwiz_val_003183,VizWiz,What object is this and what color is it?,pink candles,candles pink,0.780,0.95,none,data/VizWiz/Images/val/VizWiz_val_00003183.jpg
vizwiz_val_003184,VizWiz,what is in the box?,unanswerable,bread crumbs,0.834,0.9,answerability,data/VizWiz/Images/val/VizWiz_val_00003184.jpg
vizwiz_val_003187,VizWiz,Does this need to be refrigerated?,yes,unanswerable,0.866,0.9,none,data/VizWiz/Images/val/VizWiz_val_00003187.jpg
vizwiz_val_003197,VizWiz,Are you able to tell me how far the water is from the top of this pool?,no,unanswerable,1.000,1.0,none,data/VizWiz/Images/val/VizWiz_val_00003197.jpg
vizwiz_val_003202,VizWiz,Is this card right side up or upside down? Thank you,upside down,right side up,1.000,0.95,none,data/VizWiz/Images/val/VizWiz_val_00003202.jpg
vizwiz_val_003206,VizWiz,"Tell me, how big is it?",32,unanswerable,0.998,0.9,none,data/VizWiz/Images/val/VizWiz_val_00003206.jpg
vizwiz_val_003207,VizWiz,What color is the carpet?,beige,brown,0.687,0.85,none,data/VizWiz/Images/val/VizWiz_val_00003207.jpg
vizwiz_val_003209,VizWiz,What are the colors in these?,pink brown white,"pink, gray, white",0.826,0.85,none,data/VizWiz/Images/val/VizWiz_val_00003209.jpg
vizwiz_val_003211,VizWiz,What is this please,gum container,unanswerable,0.997,0.95,none,data/VizWiz/Images/val/VizWiz_val_00003211.jpg
vizwiz_val_003212,VizWiz,Can you make out the picture I took? Just testing this.,yes,unanswerable,0.980,0.95,none,data/VizWiz/Images/val/VizWiz_val_00003212.jpg
vizwiz_val_003216,VizWiz,"Okay, the camera's about four inches from this thing, I don't really know how close to get. Can you ",unanswerable,04702582be,0.962,0.95,answerability,data/VizWiz/Images/val/VizWiz_val_00003216.jpg
vizwiz_val_003218,VizWiz,What is this?,rocks,frozen chicken,0.883,0.9,none,data/VizWiz/Images/val/VizWiz_val_00003218.jpg
vizwiz_val_003224,VizWiz,I want to know what this is.  I'm sorry didn't use the front facing camera the first time.  Ignore t,unanswerable,water cooler,0.961,0.95,answerability,data/VizWiz/Images/val/VizWiz_val_00003224.jpg
vizwiz_val_003232,VizWiz,what flavor is this?,salmon basil,salmon with basil,1.000,0.95,none,data/VizWiz/Images/val/VizWiz_val_00003232.jpg
vizwiz_val_003233,VizWiz,"Can you tell me what number it is, thank you?",3248849084,3248549084,0.998,0.95,none,data/VizWiz/Images/val/VizWiz_val_00003233.jpg
vizwiz_val_003240,VizWiz,What is this?,shepards pie,shepherd's pie,0.943,0.9,none,data/VizWiz/Images/val/VizWiz_val_00003240.jpg
vizwiz_val_003243,VizWiz,What is my color of what is color of my shirt?,white,unanswerable,0.826,0.85,none,data/VizWiz/Images/val/VizWiz_val_00003243.jpg
vizwiz_val_003246,VizWiz,What's on the screen?,nothing,unanswerable,0.996,0.95,none,data/VizWiz/Images/val/VizWiz_val_00003246.jpg
vizwiz_val_003247,VizWiz,"Can you tell what this is? If it's a gift card, does it have a dollar amount or where it's to?",$25 starbucks gift card,starbucks gift card $25,0.915,0.95,none,data/VizWiz/Images/val/VizWiz_val_00003247.jpg
vizwiz_val_003249,VizWiz,what does the sky look like in this picture,blue few white clouds,blue with clouds,0.985,0.95,none,data/VizWiz/Images/val/VizWiz_val_00003249.jpg
vizwiz_val_003251,VizWiz,Is this picture on Google?,no,unanswerable,1.000,0.95,none,data/VizWiz/Images/val/VizWiz_val_00003251.jpg
vizwiz_val_003257,VizWiz,Can you tell me what colors are on my shirt?,grey black white,"black, white, gray",0.969,0.95,none,data/VizWiz/Images/val/VizWiz_val_00003257.jpg
vizwiz_val_003259,VizWiz,what kind of snake is this?,cobra,unanswerable,0.992,0.95,none,data/VizWiz/Images/val/VizWiz_val_00003259.jpg
vizwiz_val_003261,VizWiz,What is this item?,whiskers paws,notebook,0.973,0.95,none,data/VizWiz/Images/val/VizWiz_val_00003261.jpg
vizwiz_val_003262,VizWiz,What's this?,fridge,refrigerator,0.987,0.95,none,data/VizWiz/Images/val/VizWiz_val_00003262.jpg
vizwiz_val_003263,VizWiz,Record >> What kind of flower is this?,white,hydrangea,0.898,0.95,none,data/VizWiz/Images/val/VizWiz_val_00003263.jpg
vizwiz_val_003265,VizWiz,What color is this blouse?,blue,teal,0.931,0.95,none,data/VizWiz/Images/val/VizWiz_val_00003265.jpg
vizwiz_val_003266,VizWiz,What temperature is the thermostat set?,unanswerable,75,0.943,0.9,answerability,data/VizWiz/Images/val/VizWiz_val_00003266.jpg
vizwiz_val_003267,VizWiz,What is it?,foot,fingernail,0.768,0.85,none,data/VizWiz/Images/val/VizWiz_val_00003267.jpg
vizwiz_val_003268,VizWiz,barcode is this,unanswerable,4119004561,0.990,0.9,answerability,data/VizWiz/Images/val/VizWiz_val_00003268.jpg
vizwiz_val_003271,VizWiz,What is this.,glass cleaner,unanswerable,0.836,0.95,none,data/VizWiz/Images/val/VizWiz_val_00003271.jpg
vizwiz_val_003272,VizWiz,What is in this box?,fisherman pie,fisherman's pie,0.990,0.95,none,data/VizWiz/Images/val/VizWiz_val_00003272.jpg
vizwiz_val_003274,VizWiz,What this is picture please.,hand,unanswerable,0.938,0.95,none,data/VizWiz/Images/val/VizWiz_val_00003274.jpg
vizwiz_val_003276,VizWiz,What's written on this bottle?,nivea,unanswerable,0.987,0.95,none,data/VizWiz/Images/val/VizWiz_val_00003276.jpg
vizwiz_val_003277,VizWiz,What kind of yogurt is this?,unanswerable,low fat,0.809,0.85,answerability,data/VizWiz/Images/val/VizWiz_val_00003277.jpg
vizwiz_val_003278,VizWiz,What is in this can?,soda,unanswerable,0.968,0.95,none,data/VizWiz/Images/val/VizWiz_val_00003278.jpg
vizwiz_val_003284,VizWiz,How long do I cook this for?,unanswerable,4 minutes,0.938,0.95,answerability,data/VizWiz/Images/val/VizWiz_val_00003284.jpg
vizwiz_val_003285,VizWiz,What is written on the bottle?,office 2000,microsoft office 2010,0.967,0.95,none,data/VizWiz/Images/val/VizWiz_val_00003285.jpg
vizwiz_val_003286,VizWiz,Can you tell me how much i weigh please?,1,unanswerable,1.000,1.0,none,data/VizWiz/Images/val/VizWiz_val_00003286.jpg
vizwiz_val_003295,VizWiz,In this picture.,couch shelf,unanswerable,1.000,0.95,none,data/VizWiz/Images/val/VizWiz_val_00003295.jpg
vizwiz_val_003297,VizWiz,WHat is this?,money,one dollar bill,0.986,0.95,none,data/VizWiz/Images/val/VizWiz_val_00003297.jpg
vizwiz_val_003298,VizWiz,What is this?,body wash,perfume,0.867,0.85,none,data/VizWiz/Images/val/VizWiz_val_00003298.jpg
vizwiz_val_003300,VizWiz,Please tell me what is in this package. Thank you,unanswerable,red beets,0.998,0.95,answerability,data/VizWiz/Images/val/VizWiz_val_00003300.jpg
vizwiz_val_003301,VizWiz,Could you tell me what kind of chips these are please,classic,unanswerable,0.989,0.9,none,data/VizWiz/Images/val/VizWiz_val_00003301.jpg
vizwiz_val_003302,VizWiz,What type of earl is this?,unanswerable,satay beef,0.804,0.9,answerability,data/VizWiz/Images/val/VizWiz_val_00003302.jpg
vizwiz_val_003303,VizWiz,"Ya, I just got this apple on my phone and I'm blind and to find what's in this can. Let's sell it.",corn,unanswerable,0.963,0.9,none,data/VizWiz/Images/val/VizWiz_val_00003303.jpg
vizwiz_val_003304,VizWiz,Can you tell me the cooking directions for these egg rolls?,unanswerable,conventional oven: preheat oven to 425°f. remove egg roll(s) from carton and inner wrapper. place egg roll(s) on baking tray and place on top oven rack. cook 20-22 minutes,0.960,0.95,answerability,data/VizWiz/Images/val/VizWiz_val_00003304.jpg
vizwiz_val_003305,VizWiz,What does that mean?,milk,thanks to our people,0.784,0.9,none,data/VizWiz/Images/val/VizWiz_val_00003305.jpg
vizwiz_val_003306,VizWiz,What is in this can?,soup,unanswerable,1.000,0.95,none,data/VizWiz/Images/val/VizWiz_val_00003306.jpg
vizwiz_val_003307,VizWiz,What is this spice?,onion sea salt,onion & sea salt,0.967,0.9,none,data/VizWiz/Images/val/VizWiz_val_00003307.jpg
vizwiz_val_003309,VizWiz,What is it?,purse,handbag,0.942,0.95,none,data/VizWiz/Images/val/VizWiz_val_00003309.jpg
vizwiz_val_003310,VizWiz,what can you see in the picture what can you see in the picture,sky,unanswerable,1.000,0.95,none,data/VizWiz/Images/val/VizWiz_val_00003310.jpg
vizwiz_val_003316,VizWiz,what is this,chewing tobacco,longhorn pouches,0.808,0.95,none,data/VizWiz/Images/val/VizWiz_val_00003316.jpg
vizwiz_val_003317,VizWiz,What is the title of this book?,unanswerable,grandpa's teeth,0.995,0.95,answerability,data/VizWiz/Images/val/VizWiz_val_00003317.jpg
vizwiz_val_003319,VizWiz,Which buttons are the volume?,middle left,vol,0.817,0.95,none,data/VizWiz/Images/val/VizWiz_val_00003319.jpg
vizwiz_val_003322,VizWiz,Any copying instructions.,no,unanswerable,1.000,1.0,none,data/VizWiz/Images/val/VizWiz_val_00003322.jpg
vizwiz_val_003324,VizWiz,What kind of vegetable is this?,onion,radish,0.973,0.95,none,data/VizWiz/Images/val/VizWiz_val_00003324.jpg
vizwiz_val_003327,VizWiz,"Is this some kind of bone?  Or a horn, by chance?",horn,bone,0.995,0.85,none,data/VizWiz/Images/val/VizWiz_val_00003327.jpg
vizwiz_val_003336,VizWiz,"What colors are on this hat, and is there writing?",red black yes,"black, red, yes",0.881,0.95,none,data/VizWiz/Images/val/VizWiz_val_00003336.jpg
vizwiz_val_003339,VizWiz,What is this?,money,unanswerable,0.995,0.95,none,data/VizWiz/Images/val/VizWiz_val_00003339.jpg
vizwiz_val_003341,VizWiz,What is this a picture of?,drawing,concept art,0.663,0.85,none,data/VizWiz/Images/val/VizWiz_val_00003341.jpg
vizwiz_val_003342,VizWiz,"Hey there, what's in this bottle?",lemon juice,unanswerable,1.000,0.95,none,data/VizWiz/Images/val/VizWiz_val_00003342.jpg
vizwiz_val_003345,VizWiz,What is that set on?,unanswerable,counter,0.880,0.95,answerability,data/VizWiz/Images/val/VizWiz_val_00003345.jpg
vizwiz_val_003352,VizWiz,What is it?,unanswerable,person working,0.617,0.7,answerability,data/VizWiz/Images/val/VizWiz_val_00003352.jpg
vizwiz_val_003353,VizWiz,what is on this shirt?,words,thoom,0.834,0.7,none,data/VizWiz/Images/val/VizWiz_val_00003353.jpg
vizwiz_val_003354,VizWiz,"What is is this, and is it hot?",heater not hot,"grill, no",0.980,,none,data/VizWiz/Images/val/VizWiz_val_00003354.jpg
vizwiz_val_003357,VizWiz,What is this?,internet security,bookstore advertisement,0.844,0.95,none,data/VizWiz/Images/val/VizWiz_val_00003357.jpg
vizwiz_val_003358,VizWiz,What color is this?,grey,gray,0.749,0.95,none,data/VizWiz/Images/val/VizWiz_val_00003358.jpg
vizwiz_val_003360,VizWiz,What CD is this?,unanswerable,diana ross,0.946,0.9,answerability,data/VizWiz/Images/val/VizWiz_val_00003360.jpg
vizwiz_val_003365,VizWiz,What is in this can?,beans,unanswerable,1.000,0.95,none,data/VizWiz/Images/val/VizWiz_val_00003365.jpg
vizwiz_val_003366,VizWiz,What is this?,fully cooked turkey sausage,turkey sausage patties,0.990,0.95,none,data/VizWiz/Images/val/VizWiz_val_00003366.jpg
vizwiz_val_003382,VizWiz,What kind of beer is this?,becks,beck's non-alcoholic,0.911,0.95,none,data/VizWiz/Images/val/VizWiz_val_00003382.jpg
vizwiz_val_003385,VizWiz,What spice is this?,mrs dash,unanswerable,1.000,0.95,none,data/VizWiz/Images/val/VizWiz_val_00003385.jpg
vizwiz_val_003386,VizWiz,What is this please?,6 cheese tortellini,six cheese tortellini,0.868,0.95,none,data/VizWiz/Images/val/VizWiz_val_00003386.jpg
vizwiz_val_003387,VizWiz,What language is currently selected?,english,unanswerable,0.999,0.95,none,data/VizWiz/Images/val/VizWiz_val_00003387.jpg
vizwiz_val_003388,VizWiz,Yes I need to know the captcha image in this picture? Thank you.,6i5v,unanswerable,1.000,0.95,none,data/VizWiz/Images/val/VizWiz_val_00003388.jpg
vizwiz_val_003390,VizWiz,What's that?,backseat car,jacket,0.984,0.95,none,data/VizWiz/Images/val/VizWiz_val_00003390.jpg
vizwiz_val_003391,VizWiz,What's the picture?,tv,family,0.746,0.85,none,data/VizWiz/Images/val/VizWiz_val_00003391.jpg
vizwiz_val_003392,VizWiz,What does this screen say?,computer unable to start,startup repair,0.968,0.95,none,data/VizWiz/Images/val/VizWiz_val_00003392.jpg
vizwiz_val_003395,VizWiz,For how long do I cook this in the microwave?,unanswerable,9 minutes,0.993,0.95,answerability,data/VizWiz/Images/val/VizWiz_val_00003395.jpg
vizwiz_val_003397,VizWiz,What is in this spray bottle?,unanswerable,cleaner,0.806,0.95,answerability,data/VizWiz/Images/val/VizWiz_val_00003397.jpg
vizwiz_val_003399,VizWiz,What is this movie?,gone wind,unanswerable,1.000,0.95,none,data/VizWiz/Images/val/VizWiz_val_00003399.jpg
vizwiz_val_003401,VizWiz,What breed of dog is this?,golden retriever,labrador,0.951,0.9,none,data/VizWiz/Images/val/VizWiz_val_00003401.jpg
vizwiz_val_003406,VizWiz,What color is this pillow?,grey,gray,0.881,0.95,none,data/VizWiz/Images/val/VizWiz_val_00003406.jpg
vizwiz_val_003408,VizWiz,Which kind of food is this?,tip,chicken,0.892,0.9,none,data/VizWiz/Images/val/VizWiz_val_00003408.jpg
vizwiz_val_003409,VizWiz,What is it?,baby oil,shower gel,0.999,0.95,none,data/VizWiz/Images/val/VizWiz_val_00003409.jpg
vizwiz_val_003411,VizWiz,What is this?,pill bottle,unanswerable,0.803,0.85,none,data/VizWiz/Images/val/VizWiz_val_00003411.jpg
vizwiz_val_003419,VizWiz,Can you tell me what colors these pants are and the stripes that's in the pants?  Thank you.,black red stripe,black and red,0.780,0.9,none,data/VizWiz/Images/val/VizWiz_val_00003419.jpg
vizwiz_val_003421,VizWiz,"Can someone please tell me what type of meat is in this package? I'm not sure, I can't identify it.",chicken,pork chops,0.933,0.95,none,data/VizWiz/Images/val/VizWiz_val_00003421.jpg
vizwiz_val_003423,VizWiz,What's on the screen?,leaves,time date,0.761,0.95,none,data/VizWiz/Images/val/VizWiz_val_00003423.jpg
vizwiz_val_003424,VizWiz,"Alright take a look at the remote, try to find the source or the input button and try to describe it",left column last row first button input,bottom left,0.935,0.95,none,data/VizWiz/Images/val/VizWiz_val_00003424.jpg
vizwiz_val_003425,VizWiz,What is this?,marshmallows,frozen chicken,0.805,0.85,none,data/VizWiz/Images/val/VizWiz_val_00003425.jpg
vizwiz_val_003427,VizWiz,What is the title of this DVD?,planes trains automobiles,"planes, trains and automobiles",0.998,0.95,none,data/VizWiz/Images/val/VizWiz_val_00003427.jpg
vizwiz_val_003429,VizWiz,"Tell me, what's the best meal there--I mean, in McDonald's. Because I'm a new customer.",number 1,unanswerable,0.985,,none,data/VizWiz/Images/val/VizWiz_val_00003429.jpg
vizwiz_val_003430,VizWiz,Can you please tell me the brand and name of these cookies?,pillsbury,2 boxes tops chocolate chunk chip,0.740,0.85,none,data/VizWiz/Images/val/VizWiz_val_00003430.jpg
vizwiz_val_003433,VizWiz,What is this?,money,unanswerable,0.853,0.95,none,data/VizWiz/Images/val/VizWiz_val_00003433.jpg
vizwiz_val_003437,VizWiz,Is my iPad on the table?,no,yes,1.000,0.95,none,data/VizWiz/Images/val/VizWiz_val_00003437.jpg
vizwiz_val_003439,VizWiz,What is this instrument?,guitar,mandolin,1.000,0.95,none,data/VizWiz/Images/val/VizWiz_val_00003439.jpg
vizwiz_val_003441,VizWiz,What does this say?,unanswerable,instructions,0.872,0.95,answerability,data/VizWiz/Images/val/VizWiz_val_00003441.jpg
vizwiz_val_003455,VizWiz,What kind of flower is this?,tulip,unanswerable,0.923,0.85,none,data/VizWiz/Images/val/VizWiz_val_00003455.jpg
vizwiz_val_003456,VizWiz,what's in the tin?,baked beans sausages,baked beans & sausages,0.941,0.95,none,data/VizWiz/Images/val/VizWiz_val_00003456.jpg
vizwiz_val_003458,VizWiz,This is a view from above. What is the shape of this speaker?,triangle,unanswerable,0.831,0.7,none,data/VizWiz/Images/val/VizWiz_val_00003458.jpg
vizwiz_val_003463,VizWiz,Simplify the following expression.,d,1 1/9,0.930,0.95,none,data/VizWiz/Images/val/VizWiz_val_00003463.jpg
vizwiz_val_003464,VizWiz,"What are, what are the numbers on this card?",z3xwcvy78914,23x wcvy 78914,0.918,0.95,none,data/VizWiz/Images/val/VizWiz_val_00003464.jpg
vizwiz_val_003468,VizWiz,What is this?,office,gumball machine,0.988,0.95,none,data/VizWiz/Images/val/VizWiz_val_00003468.jpg
vizwiz_val_003471,VizWiz,What is this?,juice,smooth juicy,0.704,0.95,none,data/VizWiz/Images/val/VizWiz_val_00003471.jpg
vizwiz_val_003472,VizWiz,What color is it?,grey,silver,0.783,0.9,none,data/VizWiz/Images/val/VizWiz_val_00003472.jpg
vizwiz_val_003477,VizWiz,can you tell me what this is please?,unanswerable,beer,0.947,0.9,answerability,data/VizWiz/Images/val/VizWiz_val_00003477.jpg
vizwiz_val_003481,VizWiz,What is this?,man,unanswerable,0.909,0.9,none,data/VizWiz/Images/val/VizWiz_val_00003481.jpg
vizwiz_val_003483,VizWiz,What is this product?,gift box,tablecloth,0.997,0.95,none,data/VizWiz/Images/val/VizWiz_val_00003483.jpg
vizwiz_val_003484,VizWiz,What color is this?,grey,blue,0.967,0.9,none,data/VizWiz/Images/val/VizWiz_val_00003484.jpg
vizwiz_val_003485,VizWiz,what is in the tin in my right hand,soup,unanswerable,1.000,0.95,none,data/VizWiz/Images/val/VizWiz_val_00003485.jpg
vizwiz_val_003487,VizWiz,Can you tell what this item is?,cleaner,unanswerable,0.991,0.95,none,data/VizWiz/Images/val/VizWiz_val_00003487.jpg
vizwiz_val_003489,VizWiz,"Okay, we're onto something here. I put it a little closer, hopefully to focus in on that lower secti",350f 40 45 min,"350°f, 40-45 minutes",0.942,0.9,none,data/VizWiz/Images/val/VizWiz_val_00003489.jpg
vizwiz_val_003491,VizWiz,What is that can?,soup,unanswerable,0.908,0.85,none,data/VizWiz/Images/val/VizWiz_val_00003491.jpg
vizwiz_val_003492,VizWiz,"What is the picture of? In other words, what's in the picture?",man gun,man with rifle,0.711,0.95,none,data/VizWiz/Images/val/VizWiz_val_00003492.jpg
vizwiz_val_003493,VizWiz,What is this?,baby food,baby formula,0.823,0.95,none,data/VizWiz/Images/val/VizWiz_val_00003493.jpg
vizwiz_val_003494,VizWiz,Is this...,spray n wash max,laundry stain remover,0.940,0.95,none,data/VizWiz/Images/val/VizWiz_val_00003494.jpg
vizwiz_val_003496,VizWiz,Which wine is this?,cecilia zucca,unanswerable,0.909,0.85,none,data/VizWiz/Images/val/VizWiz_val_00003496.jpg
vizwiz_val_003499,VizWiz,What color are those pants?,grey,gray,0.764,0.95,none,data/VizWiz/Images/val/VizWiz_val_00003499.jpg
vizwiz_val_003501,VizWiz,What color is this shirt?,white green black blue red orange,unanswerable,0.996,0.95,none,data/VizWiz/Images/val/VizWiz_val_00003501.jpg
vizwiz_val_003506,VizWiz,For how long do i cook this in the microwave?,unanswerable,9-5 min,0.949,0.95,answerability,data/VizWiz/Images/val/VizWiz_val_00003506.jpg
vizwiz_val_003507,VizWiz,can you tell if the soup?,no,unanswerable,1.000,0.95,none,data/VizWiz/Images/val/VizWiz_val_00003507.jpg
vizwiz_val_003512,VizWiz,What does this say?,jet puffed marshmallow creme,jet-puffed marshmallow creme,0.931,0.95,none,data/VizWiz/Images/val/VizWiz_val_00003512.jpg
vizwiz_val_003516,VizWiz,"Hi, what's outside the window?",railing,trees building,0.560,0.9,none,data/VizWiz/Images/val/VizWiz_val_00003516.jpg
vizwiz_val_003521,VizWiz,Does this match?,yes,unanswerable,0.996,1.0,none,data/VizWiz/Images/val/VizWiz_val_00003521.jpg
vizwiz_val_003523,VizWiz,What's in this can?,condensed milk,unanswerable,0.887,0.85,none,data/VizWiz/Images/val/VizWiz_val_00003523.jpg
vizwiz_val_003524,VizWiz,What is this item?,unanswerable,clipboard,0.987,0.85,answerability,data/VizWiz/Images/val/VizWiz_val_00003524.jpg
vizwiz_val_003525,VizWiz,What is in this jar?,unanswerable,tomatoes,0.927,0.9,answerability,data/VizWiz/Images/val/VizWiz_val_00003525.jpg
vizwiz_val_003526,VizWiz,What is this?,kitchen counter food,unanswerable,0.981,0.95,none,data/VizWiz/Images/val/VizWiz_val_00003526.jpg
vizwiz_val_003528,VizWiz,What is in this screen?,unanswerable,facebook,0.839,0.9,answerability,data/VizWiz/Images/val/VizWiz_val_00003528.jpg
vizwiz_val_003533,VizWiz,can you please me what this is thank you,dishwasher finish,dishwasher tablet,0.840,0.9,none,data/VizWiz/Images/val/VizWiz_val_00003533.jpg
vizwiz_val_003534,VizWiz,can you please describe this card to me and its orientation? thank you.,card turned to left says swords image 5 swords,"swords card, upright",0.748,0.85,none,data/VizWiz/Images/val/VizWiz_val_00003534.jpg
vizwiz_val_003536,VizWiz,How should I cook this pasta dish?,oven,unanswerable,1.000,0.95,none,data/VizWiz/Images/val/VizWiz_val_00003536.jpg
vizwiz_val_003537,VizWiz,Hello there. Is there any writing in this picture? Its a spherical sheer blue and I'm going to turn ,yes,unanswerable,0.997,1.0,none,data/VizWiz/Images/val/VizWiz_val_00003537.jpg
vizwiz_val_003540,VizWiz,Someone tell me what is this gift before I wrap it as a Christmas present.  Thank you.,picture frame,unanswerable,0.998,0.95,none,data/VizWiz/Images/val/VizWiz_val_00003540.jpg
vizwiz_val_003542,VizWiz,What is it?,wallet,phone case,0.977,0.95,none,data/VizWiz/Images/val/VizWiz_val_00003542.jpg
vizwiz_val_003544,VizWiz,What is this?,whey protein,protein powder,0.828,0.95,none,data/VizWiz/Images/val/VizWiz_val_00003544.jpg
vizwiz_val_003547,VizWiz,What is it?,coca cola 0,coca cola zero,0.990,0.95,none,data/VizWiz/Images/val/VizWiz_val_00003547.jpg
vizwiz_val_003549,VizWiz,What is this?,ashtray,table with items,0.710,0.95,none,data/VizWiz/Images/val/VizWiz_val_00003549.jpg
vizwiz_val_003550,VizWiz,Does this sweater and this shirt go together?,yes,unanswerable,0.990,1.0,none,data/VizWiz/Images/val/VizWiz_val_00003550.jpg
vizwiz_val_003557,VizWiz,What is this?,sno caps candy,chocolate bar,0.784,0.9,none,data/VizWiz/Images/val/VizWiz_val_00003557.jpg
vizwiz_val_003558,VizWiz,Is this.,mug,coffee cup,0.716,0.9,none,data/VizWiz/Images/val/VizWiz_val_00003558.jpg
vizwiz_val_003559,VizWiz,"What specifically is on this card, and is it right side up or upside down?",fool upside down,joker upside down,0.788,0.9,none,data/VizWiz/Images/val/VizWiz_val_00003559.jpg
vizwiz_val_003560,VizWiz,What color are these pants?,blue,gray,0.606,0.85,none,data/VizWiz/Images/val/VizWiz_val_00003560.jpg
vizwiz_val_003561,VizWiz,What kind of can food is this?,bamboo shoots,garlic shoots,0.722,0.7,none,data/VizWiz/Images/val/VizWiz_val_00003561.jpg
vizwiz_val_003562,VizWiz,"Just, just a quick idea on this.",swregfserg,mlb 12 show,0.916,0.95,none,data/VizWiz/Images/val/VizWiz_val_00003562.jpg
vizwiz_val_003564,VizWiz,What kind of flower is this?,daisy,lantana,0.990,0.9,none,data/VizWiz/Images/val/VizWiz_val_00003564.jpg
vizwiz_val_003567,VizWiz,What is this?,face wash,bottle,0.902,0.95,none,data/VizWiz/Images/val/VizWiz_val_00003567.jpg
vizwiz_val_003568,VizWiz,Franklin considered moral perfection to be an?,unanswerable,illusion promoted by ministers and religion,0.999,0.9,answerability,data/VizWiz/Images/val/VizWiz_val_00003568.jpg
vizwiz_val_003570,VizWiz,What kind of dinner bowl is this?,meatballs sausage marinara,unanswerable,0.834,0.9,none,data/VizWiz/Images/val/VizWiz_val_00003570.jpg
vizwiz_val_003578,VizWiz,what color is this shirt?,blue,white with stripes,0.785,0.9,none,data/VizWiz/Images/val/VizWiz_val_00003578.jpg
vizwiz_val_003580,VizWiz,What is this document?,singapore third series,coin booklet,0.577,0.95,none,data/VizWiz/Images/val/VizWiz_val_00003580.jpg
vizwiz_val_003584,VizWiz,Can you tell me the pin on the back of this router?,no,unanswerable,1.000,0.95,none,data/VizWiz/Images/val/VizWiz_val_00003584.jpg
vizwiz_val_003585,VizWiz,What can is this?,unanswerable,cream soup,0.611,0.85,answerability,data/VizWiz/Images/val/VizWiz_val_00003585.jpg
vizwiz_val_003587,VizWiz,What color is this?,grey,brown,0.993,0.9,none,data/VizWiz/Images/val/VizWiz_val_00003587.jpg
vizwiz_val_003589,VizWiz,What color is this?,black,unanswerable,0.878,0.85,none,data/VizWiz/Images/val/VizWiz_val_00003589.jpg
vizwiz_val_003590,VizWiz,What color is this shirt?,black,unanswerable,1.000,1.0,none,data/VizWiz/Images/val/VizWiz_val_00003590.jpg
vizwiz_val_003591,VizWiz,What is this?,smart ass game,board game,0.998,0.95,none,data/VizWiz/Images/val/VizWiz_val_00003591.jpg
vizwiz_val_003596,VizWiz,What color is this t-shirt?,grey,gray,0.788,0.95,none,data/VizWiz/Images/val/VizWiz_val_00003596.jpg
vizwiz_val_003598,VizWiz,Thank you for your help.,unanswerable,deodorant,0.986,0.95,answerability,data/VizWiz/Images/val/VizWiz_val_00003598.jpg
vizwiz_val_003599,VizWiz,What is this?,water bottle,shower gel,0.659,0.85,none,data/VizWiz/Images/val/VizWiz_val_00003599.jpg
vizwiz_val_003602,VizWiz,What kind of soup is this?,progresso,unanswerable,0.995,0.95,none,data/VizWiz/Images/val/VizWiz_val_00003602.jpg
vizwiz_val_003604,VizWiz,Can this sweater work with business attire as well as with a more casual outfit?,yes,unanswerable,0.888,0.7,none,data/VizWiz/Images/val/VizWiz_val_00003604.jpg
vizwiz_val_003618,VizWiz,What is this?,jiffy cornbread mix,jiffy corn muffin mix,0.983,0.95,none,data/VizWiz/Images/val/VizWiz_val_00003618.jpg
vizwiz_val_003619,VizWiz,"Hi, could you please tell me what color these shoes are, please?",grey black,black and white,0.857,0.95,none,data/VizWiz/Images/val/VizWiz_val_00003619.jpg
vizwiz_val_003622,VizWiz,"Can someone tell me what the security question is on the screen, please?",arawak,unanswerable,1.000,1.0,none,data/VizWiz/Images/val/VizWiz_val_00003622.jpg
vizwiz_val_003624,VizWiz,It's it cola?,no,unanswerable,0.866,0.95,none,data/VizWiz/Images/val/VizWiz_val_00003624.jpg
vizwiz_val_003626,VizWiz,Can you tell what type of cheese is in this package?,honey vanilla,unanswerable,1.000,1.0,none,data/VizWiz/Images/val/VizWiz_val_00003626.jpg
vizwiz_val_003628,VizWiz,What is this?,almonds,can,0.506,0.85,none,data/VizWiz/Images/val/VizWiz_val_00003628.jpg
vizwiz_val_003632,VizWiz,what is this? please describe.,this leg,foot in air,0.868,0.95,none,data/VizWiz/Images/val/VizWiz_val_00003632.jpg
vizwiz_val_003633,VizWiz,What is in this box? Can you see the brand name?,brown serve turkey sausage,turkey links,0.820,0.95,none,data/VizWiz/Images/val/VizWiz_val_00003633.jpg
vizwiz_val_003636,VizWiz,What dinner is this?,chili beans,chili with beans,0.933,0.95,none,data/VizWiz/Images/val/VizWiz_val_00003636.jpg
vizwiz_val_003639,VizWiz,What is this please?,unanswerable,soup,0.638,0.95,answerability,data/VizWiz/Images/val/VizWiz_val_00003639.jpg
vizwiz_val_003640,VizWiz,What are the . . .  What are the letters and words?,lt8hjawb,ltghjaub,0.866,0.95,none,data/VizWiz/Images/val/VizWiz_val_00003640.jpg
vizwiz_val_003642,VizWiz,What are these?,unanswerable,lights,0.899,0.85,answerability,data/VizWiz/Images/val/VizWiz_val_00003642.jpg
vizwiz_val_003644,VizWiz,Let's try this here again. I've done as you've requested and hopefully we can get what's in this tub,soup,unanswerable,1.000,1.0,none,data/VizWiz/Images/val/VizWiz_val_00003644.jpg
vizwiz_val_003647,VizWiz,OK can you see the bishop now?,yes,unanswerable,0.948,0.95,none,data/VizWiz/Images/val/VizWiz_val_00003647.jpg
vizwiz_val_003648,VizWiz,What window screen do you see on my computer monitor?,unanswerable,startup repair,0.999,0.95,answerability,data/VizWiz/Images/val/VizWiz_val_00003648.jpg
vizwiz_val_003651,VizWiz,Does it tell what is in this can of food?,garbanzo beans,yes,0.960,0.95,none,data/VizWiz/Images/val/VizWiz_val_00003651.jpg
vizwiz_val_003656,VizWiz,What does the the CAPTCHA say?,w2nmv5fz,unanswerable,0.996,0.95,none,data/VizWiz/Images/val/VizWiz_val_00003656.jpg
vizwiz_val_003658,VizWiz,whats the name of the CD,patsy cline,fingerprints,1.000,0.95,none,data/VizWiz/Images/val/VizWiz_val_00003658.jpg
vizwiz_val_003661,VizWiz,What kind of oatmeal is this?,maple brown sugar,maple & brown sugar,0.897,0.95,none,data/VizWiz/Images/val/VizWiz_val_00003661.jpg
vizwiz_val_003665,VizWiz,"Is the air conditioner set to air, fan, or dehumidifier?",dehumidifier,dehumidify,0.891,0.9,none,data/VizWiz/Images/val/VizWiz_val_00003665.jpg
vizwiz_val_003667,VizWiz,What does that photo say?,tnpeyt,unanswerable,0.998,0.95,none,data/VizWiz/Images/val/VizWiz_val_00003667.jpg
vizwiz_val_003668,VizWiz,What is it?,wall,unanswerable,0.996,1.0,none,data/VizWiz/Images/val/VizWiz_val_00003668.jpg
vizwiz_val_003670,VizWiz,What kind of coffee is this?,starbucks caffe verona,cafe verona,0.910,0.9,none,data/VizWiz/Images/val/VizWiz_val_00003670.jpg
vizwiz_val_003671,VizWiz,What is this?,peanut sauce mix,kare-kare mix,0.746,0.95,none,data/VizWiz/Images/val/VizWiz_val_00003671.jpg
vizwiz_val_003672,VizWiz,What is in this box?,crackers,cookies,0.982,0.85,none,data/VizWiz/Images/val/VizWiz_val_00003672.jpg
vizwiz_val_003674,VizWiz,Call that plate that guides the gear stick?,unanswerable,gear knob,0.804,0.7,answerability,data/VizWiz/Images/val/VizWiz_val_00003674.jpg
vizwiz_val_003677,VizWiz,Which one of these is cream of mushroom soup?,0,unanswerable,1.000,0.95,none,data/VizWiz/Images/val/VizWiz_val_00003677.jpg
vizwiz_val_003679,VizWiz,Is this box?,unanswerable,yes,0.746,0.7,answerability,data/VizWiz/Images/val/VizWiz_val_00003679.jpg
vizwiz_val_003680,VizWiz,What song is this?,unanswerable,i let her,0.998,0.95,answerability,data/VizWiz/Images/val/VizWiz_val_00003680.jpg
vizwiz_val_003681,VizWiz,What's in this photo?,bowl on paper confetti,yellow candy,0.811,0.95,none,data/VizWiz/Images/val/VizWiz_val_00003681.jpg
vizwiz_val_003683,VizWiz,Which flavor is this one?,chicken broccoli cheese potato,chicken broccoli cheese with potato,0.990,0.95,none,data/VizWiz/Images/val/VizWiz_val_00003683.jpg
vizwiz_val_003690,VizWiz,What is this?,bluetooth headset,headset box,0.939,0.95,none,data/VizWiz/Images/val/VizWiz_val_00003690.jpg
vizwiz_val_003691,VizWiz,What kind of soda is this? And thank you so much for your time in answering.,sprite,lemon lime,0.807,0.95,none,data/VizWiz/Images/val/VizWiz_val_00003691.jpg
vizwiz_val_003693,VizWiz,Who is this dog?,sam,unanswerable,0.998,0.95,none,data/VizWiz/Images/val/VizWiz_val_00003693.jpg
vizwiz_val_003696,VizWiz,What is this?,keys,keychain,0.782,0.95,none,data/VizWiz/Images/val/VizWiz_val_00003696.jpg
vizwiz_val_003697,VizWiz,What kind of cigar is this?Does this vibrate?I don't know.,american spirit,unanswerable,1.000,0.95,none,data/VizWiz/Images/val/VizWiz_val_00003697.jpg
vizwiz_val_003698,VizWiz,What is this?,money,dollar bill,0.750,0.95,none,data/VizWiz/Images/val/VizWiz_val_00003698.jpg
vizwiz_val_003704,VizWiz,What does this say?,verve sociable,verve is sociable,0.954,0.9,none,data/VizWiz/Images/val/VizWiz_val_00003704.jpg
vizwiz_val_003706,VizWiz,could you give me the name and possible the brand of lavender bath soap this is,living garden,unanswerable,0.997,0.95,none,data/VizWiz/Images/val/VizWiz_val_00003706.jpg
vizwiz_val_003711,VizWiz,What is this?,unanswerable,chocolate,0.882,0.9,answerability,data/VizWiz/Images/val/VizWiz_val_00003711.jpg
vizwiz_val_003712,VizWiz,What is that in the wall?,decal,wall mural,0.693,0.95,none,data/VizWiz/Images/val/VizWiz_val_00003712.jpg
vizwiz_val_003714,VizWiz,Now record a question. Read the text on the picture. And then double tap.,unanswerable,fiber one 90 calorie brownie,0.952,0.95,answerability,data/VizWiz/Images/val/VizWiz_val_00003714.jpg
vizwiz_val_003719,VizWiz,"What color are, what color is the, yeah?",black white,unanswerable,0.989,0.95,none,data/VizWiz/Images/val/VizWiz_val_00003719.jpg
vizwiz_val_003728,VizWiz,Is the color?,brown,unanswerable,0.999,0.95,none,data/VizWiz/Images/val/VizWiz_val_00003728.jpg
vizwiz_val_003729,VizWiz,What is this?,eyewear,alcohol,0.750,0.85,none,data/VizWiz/Images/val/VizWiz_val_00003729.jpg
vizwiz_val_003730,VizWiz,Body lotion or body wash.,unanswerable,body lotion,0.967,0.7,answerability,data/VizWiz/Images/val/VizWiz_val_00003730.jpg
vizwiz_val_003731,VizWiz,What is in this container?,wipes,disinfecting towelettes,0.996,0.95,none,data/VizWiz/Images/val/VizWiz_val_00003731.jpg
vizwiz_val_003737,VizWiz,"Ok here's the first side of the box, hopefully this picture will come out and we'll be successful in",unanswerable,chile ruelle,0.585,0.95,answerability,data/VizWiz/Images/val/VizWiz_val_00003737.jpg
vizwiz_val_003740,VizWiz,What is this bottle?,lotion,unanswerable,0.978,0.95,none,data/VizWiz/Images/val/VizWiz_val_00003740.jpg
vizwiz_val_003742,VizWiz,What is the name of this product?,odor gone,odo gold,0.952,0.95,none,data/VizWiz/Images/val/VizWiz_val_00003742.jpg
vizwiz_val_003743,VizWiz,What is this?,lake,river,0.925,0.9,none,data/VizWiz/Images/val/VizWiz_val_00003743.jpg
vizwiz_val_003746,VizWiz,What is this?,moussaka,food package,0.596,0.85,none,data/VizWiz/Images/val/VizWiz_val_00003746.jpg
vizwiz_val_003747,VizWiz,What is this title.,unanswerable,best,0.953,0.95,answerability,data/VizWiz/Images/val/VizWiz_val_00003747.jpg
vizwiz_val_003753,VizWiz,Where are the whiteboard markers?,shelf,on side,0.925,0.95,none,data/VizWiz/Images/val/VizWiz_val_00003753.jpg
vizwiz_val_003758,VizWiz,"I need to know what that measures, if you would. Thank you.",18.5,unanswerable,1.000,0.95,none,data/VizWiz/Images/val/VizWiz_val_00003758.jpg
vizwiz_val_003762,VizWiz,What is on this picture? Thank you.,prokaryotic eukaryotic cells,prokaryotic and eukaryotic cells,0.898,0.95,none,data/VizWiz/Images/val/VizWiz_val_00003762.jpg
vizwiz_val_003765,VizWiz,does the screen say anything now?,no,unanswerable,0.969,0.95,none,data/VizWiz/Images/val/VizWiz_val_00003765.jpg
vizwiz_val_003769,VizWiz,What is this?,sorbet maker,ice cream maker,0.991,0.95,none,data/VizWiz/Images/val/VizWiz_val_00003769.jpg
vizwiz_val_003772,VizWiz,What color is my shirt?,yellow,green,0.749,0.9,none,data/VizWiz/Images/val/VizWiz_val_00003772.jpg
vizwiz_val_003773,VizWiz,What kind of soup is this?,progresso,vegetable,0.935,0.7,none,data/VizWiz/Images/val/VizWiz_val_00003773.jpg
vizwiz_val_003775,VizWiz,What is this?,bottle,unanswerable,0.999,0.95,none,data/VizWiz/Images/val/VizWiz_val_00003775.jpg
vizwiz_val_003779,VizWiz,What can you see in the picture?,coffee mug,blue mug,0.672,0.95,none,data/VizWiz/Images/val/VizWiz_val_00003779.jpg
vizwiz_val_003789,VizWiz,i know these are cigarettes but what kind of cigarettes are they,decade,menthol,0.852,0.95,none,data/VizWiz/Images/val/VizWiz_val_00003789.jpg
vizwiz_val_003792,VizWiz,What product is this?,book shelf,unanswerable,1.000,0.95,none,data/VizWiz/Images/val/VizWiz_val_00003792.jpg
vizwiz_val_003795,VizWiz,What color is this bell?,black,blue,0.997,0.95,none,data/VizWiz/Images/val/VizWiz_val_00003795.jpg
vizwiz_val_003796,VizWiz,What is this?,lacoste cologne,lacoste perfume,0.870,0.95,none,data/VizWiz/Images/val/VizWiz_val_00003796.jpg
vizwiz_val_003801,VizWiz,What is this item?,unanswerable,speaker,0.995,0.85,answerability,data/VizWiz/Images/val/VizWiz_val_00003801.jpg
vizwiz_val_003802,VizWiz,I found this in the wild. Can I keep it as a pet?,yes,unanswerable,1.000,0.95,none,data/VizWiz/Images/val/VizWiz_val_00003802.jpg
vizwiz_val_003803,VizWiz,What color is the shirt?,black white,black yellow,0.870,0.95,none,data/VizWiz/Images/val/VizWiz_val_00003803.jpg
vizwiz_val_003804,VizWiz,What is the caller ID? Caller ID? Thank you.,25389186,unanswerable,0.864,0.85,none,data/VizWiz/Images/val/VizWiz_val_00003804.jpg
vizwiz_val_003818,VizWiz,What is on this captcha please?,vvqa,yuga,0.896,0.95,none,data/VizWiz/Images/val/VizWiz_val_00003818.jpg
vizwiz_val_003821,VizWiz,What is this?,tree,papaya,0.877,0.95,none,data/VizWiz/Images/val/VizWiz_val_00003821.jpg
vizwiz_val_003824,VizWiz,What does this say?,creamline milk,creamine milk,0.712,0.9,none,data/VizWiz/Images/val/VizWiz_val_00003824.jpg
vizwiz_val_003826,VizWiz,Can you tell what this is?,mixed fruit,canned fruit,0.932,0.9,none,data/VizWiz/Images/val/VizWiz_val_00003826.jpg
vizwiz_val_003831,VizWiz,What is this?,text,unanswerable,0.989,0.95,none,data/VizWiz/Images/val/VizWiz_val_00003831.jpg
vizwiz_val_003832,VizWiz,What's in this bottle?,bbq sauce,unanswerable,0.999,0.95,none,data/VizWiz/Images/val/VizWiz_val_00003832.jpg
vizwiz_val_003833,VizWiz,What are the colors and designs of this skirt?,blue white purple lines swirling together,multi-colored patterned,0.556,0.85,none,data/VizWiz/Images/val/VizWiz_val_00003833.jpg
vizwiz_val_003834,VizWiz,What is this a model of?,sprite,soda bottle,0.755,0.95,none,data/VizWiz/Images/val/VizWiz_val_00003834.jpg
vizwiz_val_003836,VizWiz,How many ounces is this?,20,23.7,0.975,0.95,none,data/VizWiz/Images/val/VizWiz_val_00003836.jpg
vizwiz_val_003837,VizWiz,What is this?,unanswerable,wine,0.930,0.9,answerability,data/VizWiz/Images/val/VizWiz_val_00003837.jpg
vizwiz_val_003839,VizWiz,Describe this shirt to me.,grey white stripes,striped polo shirt,0.980,0.95,none,data/VizWiz/Images/val/VizWiz_val_00003839.jpg
vizwiz_val_003840,VizWiz,What kind of Progresso soup is this?,unanswerable,traditional,0.995,0.7,answerability,data/VizWiz/Images/val/VizWiz_val_00003840.jpg
vizwiz_val_003849,VizWiz,"Alright so what do we got here from left to right, or biggest to littlest, however you want to do it",unanswerable,"chili, beans, beans, pickles",0.873,0.85,answerability,data/VizWiz/Images/val/VizWiz_val_00003849.jpg
vizwiz_val_003850,VizWiz,What is this?,air filter,breadboard,0.999,0.95,none,data/VizWiz/Images/val/VizWiz_val_00003850.jpg
vizwiz_val_003853,VizWiz,What is in my hand? And what color is it?,blue shaver,"electric razor, blue",0.845,0.95,none,data/VizWiz/Images/val/VizWiz_val_00003853.jpg
vizwiz_val_003856,VizWiz,What is this book?,diary wimpy kid ugly truth,diary of wimpy kid: ugly truth,0.998,0.95,none,data/VizWiz/Images/val/VizWiz_val_00003856.jpg
vizwiz_val_003859,VizWiz,This is Brian. What color is this?,grey,unanswerable,1.000,1.0,none,data/VizWiz/Images/val/VizWiz_val_00003859.jpg
vizwiz_val_003866,VizWiz,Can you please tell me what these numbers say? Thank you.,0.0 5.0 233,"0.0 mph, 5.0, 233",0.914,0.95,none,data/VizWiz/Images/val/VizWiz_val_00003866.jpg
vizwiz_val_003868,VizWiz,How many MLs is this can?,unanswerable,375,0.902,0.95,answerability,data/VizWiz/Images/val/VizWiz_val_00003868.jpg
vizwiz_val_003872,VizWiz,What is this?,unanswerable,toothpaste,0.866,0.7,answerability,data/VizWiz/Images/val/VizWiz_val_00003872.jpg
vizwiz_val_003873,VizWiz,What is the picture on this box?,flowers,unanswerable,0.997,0.95,none,data/VizWiz/Images/val/VizWiz_val_00003873.jpg
vizwiz_val_003881,VizWiz,What does this do?,holds item up,unanswerable,0.971,0.95,none,data/VizWiz/Images/val/VizWiz_val_00003881.jpg
vizwiz_val_003882,VizWiz,What color is this?,white,gray,0.932,0.95,none,data/VizWiz/Images/val/VizWiz_val_00003882.jpg
vizwiz_val_003883,VizWiz,What kind of card is this?,barnes noble gift card,birthday gift card,0.963,0.95,none,data/VizWiz/Images/val/VizWiz_val_00003883.jpg
vizwiz_val_003884,VizWiz,Can you tell what dinner this is?,country fried chicken gravy,country fried chicken & gravy,0.966,0.95,none,data/VizWiz/Images/val/VizWiz_val_00003884.jpg
vizwiz_val_003885,VizWiz,What is this can?,sunscreen,unanswerable,0.854,0.95,none,data/VizWiz/Images/val/VizWiz_val_00003885.jpg
vizwiz_val_003886,VizWiz,"What is on these cells, and how many things are there on these cells?",toys at least 22,"cars, many",0.892,0.9,none,data/VizWiz/Images/val/VizWiz_val_00003886.jpg
vizwiz_val_003888,VizWiz,What is this item?,snack mix,unanswerable,0.903,0.85,none,data/VizWiz/Images/val/VizWiz_val_00003888.jpg
vizwiz_val_003889,VizWiz,What's in this picture?,city,unanswerable,0.909,0.9,none,data/VizWiz/Images/val/VizWiz_val_00003889.jpg
vizwiz_val_003890,VizWiz,What's this?,box,unanswerable,0.964,0.95,none,data/VizWiz/Images/val/VizWiz_val_00003890.jpg
vizwiz_val_003891,VizWiz,What does this menu say please?,unanswerable,pizza menu,0.899,0.9,answerability,data/VizWiz/Images/val/VizWiz_val_00003891.jpg
vizwiz_val_003892,VizWiz,Is this ice cream?,no,unanswerable,0.994,0.95,none,data/VizWiz/Images/val/VizWiz_val_00003892.jpg
vizwiz_val_003898,VizWiz,What color are these pants?,blue,unanswerable,0.993,0.95,none,data/VizWiz/Images/val/VizWiz_val_00003898.jpg
vizwiz_val_003899,VizWiz,Is this a cable?,no,yes,0.998,0.95,none,data/VizWiz/Images/val/VizWiz_val_00003899.jpg
vizwiz_val_003901,VizWiz,What's in this picture?,shirt,blue jeans,0.800,0.95,none,data/VizWiz/Images/val/VizWiz_val_00003901.jpg
vizwiz_val_003904,VizWiz,What is the photo on the shirt and what does it say?,crocodile no words,alligator,0.944,0.95,none,data/VizWiz/Images/val/VizWiz_val_00003904.jpg
vizwiz_val_003905,VizWiz,OK now which Harry Potter book is this?,goblet fire,goblet of fire,0.964,0.95,none,data/VizWiz/Images/val/VizWiz_val_00003905.jpg
vizwiz_val_003913,VizWiz,What color is the battery charging light?,orange,red,0.950,0.7,none,data/VizWiz/Images/val/VizWiz_val_00003913.jpg
vizwiz_val_003922,VizWiz,This is a blank screen. What color is it? Is there any text there?,green yes,"dark green, yes",0.878,0.95,none,data/VizWiz/Images/val/VizWiz_val_00003922.jpg
vizwiz_val_003925,VizWiz,What kind of clouds are those?,white,cumulus,0.999,0.9,none,data/VizWiz/Images/val/VizWiz_val_00003925.jpg
vizwiz_val_003927,VizWiz,What does this display say?,8888,0000 ml/hr,0.980,0.95,none,data/VizWiz/Images/val/VizWiz_val_00003927.jpg
vizwiz_val_003928,VizWiz,What kind of vitamins are these?,unanswerable,niacin inositol,0.913,0.9,answerability,data/VizWiz/Images/val/VizWiz_val_00003928.jpg
vizwiz_val_003929,VizWiz,What order did the controls appear in Low-high warm or high-low warm?,off low high warm,low-high-warm,0.809,0.9,none,data/VizWiz/Images/val/VizWiz_val_00003929.jpg
vizwiz_val_003930,VizWiz,What movie is this?,4 deuces,four deuces,0.962,0.95,none,data/VizWiz/Images/val/VizWiz_val_00003930.jpg
vizwiz_val_003933,VizWiz,What is this?,food,peruvian rice,0.737,0.9,none,data/VizWiz/Images/val/VizWiz_val_00003933.jpg
vizwiz_val_003939,VizWiz,What is that?,window,curtain,0.995,0.95,none,data/VizWiz/Images/val/VizWiz_val_00003939.jpg
vizwiz_val_003941,VizWiz,Does that say what kind of frozen dinner it is? i cant tell myself,no,unanswerable,1.000,1.0,none,data/VizWiz/Images/val/VizWiz_val_00003941.jpg
vizwiz_val_003942,VizWiz,What does this photo say?,password how can we help you reset,"password, how can we help you reset it?",0.985,0.95,none,data/VizWiz/Images/val/VizWiz_val_00003942.jpg
vizwiz_val_003945,VizWiz,What does this symbol mean?,daniel bruce designs logo,unanswerable,1.000,0.95,none,data/VizWiz/Images/val/VizWiz_val_00003945.jpg
vizwiz_val_003947,VizWiz,What is this?,oven,kitchen,0.974,0.95,none,data/VizWiz/Images/val/VizWiz_val_00003947.jpg
vizwiz_val_003948,VizWiz,Can you please tell me what the computer screen says?,widgets visible including calculator clock 2 identifiable ones,unanswerable,1.000,1.0,none,data/VizWiz/Images/val/VizWiz_val_00003948.jpg
vizwiz_val_003953,VizWiz,How much sodium is in each serving of these beans?,unanswerable,30mg,0.986,0.95,answerability,data/VizWiz/Images/val/VizWiz_val_00003953.jpg
vizwiz_val_003956,VizWiz,"What flavor of, what flavor of Doritos are these?",sweet chili heat,unanswerable,0.990,0.95,none,data/VizWiz/Images/val/VizWiz_val_00003956.jpg
vizwiz_val_003958,VizWiz,Can you please tell me what this says? Thank you.,us bank payment card quick reference guide,u.s. bank payment card quick-reference guide,0.939,0.95,none,data/VizWiz/Images/val/VizWiz_val_00003958.jpg
vizwiz_val_003962,VizWiz,What is on this computer screen?,nothing,unanswerable,0.992,0.95,none,data/VizWiz/Images/val/VizWiz_val_00003962.jpg
vizwiz_val_003965,VizWiz,Can you tell me what this is?,frozen dinner,marie's dinners,0.821,0.95,none,data/VizWiz/Images/val/VizWiz_val_00003965.jpg
vizwiz_val_003967,VizWiz,What kind of chips are these?,lays classic,lay's classic,0.977,0.95,none,data/VizWiz/Images/val/VizWiz_val_00003967.jpg
vizwiz_val_003972,VizWiz,What page is this.  And can you tell me if it's upside down or right side up.,330 upside down,"330, right side up",0.979,0.95,none,data/VizWiz/Images/val/VizWiz_val_00003972.jpg
vizwiz_val_003975,VizWiz,What's the crock pot setting?,high,unanswerable,0.952,0.95,none,data/VizWiz/Images/val/VizWiz_val_00003975.jpg
vizwiz_val_003976,VizWiz,What is this?,unanswerable,electronic component,0.943,0.9,answerability,data/VizWiz/Images/val/VizWiz_val_00003976.jpg
vizwiz_val_003978,VizWiz,Could you tell me what it says on the TV screen? Thank you.,unanswerable,software update required,0.950,0.95,answerability,data/VizWiz/Images/val/VizWiz_val_00003978.jpg
vizwiz_val_003980,VizWiz,What kind of yogurt is this?,unanswerable,light nonfat,0.896,0.9,answerability,data/VizWiz/Images/val/VizWiz_val_00003980.jpg
vizwiz_val_003981,VizWiz,What is this?,water bottle,bottles,0.759,0.9,none,data/VizWiz/Images/val/VizWiz_val_00003981.jpg
vizwiz_val_003983,VizWiz,Can you describe what you see on the screen? Hopefully it's some sort of a menu. I'm trying to boot ,blank screen,unanswerable,1.000,0.95,none,data/VizWiz/Images/val/VizWiz_val_00003983.jpg
vizwiz_val_003989,VizWiz,What is this?,external hard drive,braille device,0.932,0.95,none,data/VizWiz/Images/val/VizWiz_val_00003989.jpg
vizwiz_val_003994,VizWiz,What Clorox is my shirt?,blue,unanswerable,1.000,1.0,none,data/VizWiz/Images/val/VizWiz_val_00003994.jpg
vizwiz_val_003998,VizWiz,What is this?,food,dessert tray,0.930,0.95,none,data/VizWiz/Images/val/VizWiz_val_00003998.jpg
vizwiz_val_004002,VizWiz,What is this?,granola,cereal,0.781,0.95,none,data/VizWiz/Images/val/VizWiz_val_00004002.jpg
vizwiz_val_004004,VizWiz,What color is this rug?,pinks greys,multi-colored,0.638,0.95,none,data/VizWiz/Images/val/VizWiz_val_00004004.jpg
vizwiz_val_004006,VizWiz,"What is this, please?",dresser,unanswerable,0.963,0.95,none,data/VizWiz/Images/val/VizWiz_val_00004006.jpg
vizwiz_val_004008,VizWiz,What is this?,soup,canned food,0.819,0.85,none,data/VizWiz/Images/val/VizWiz_val_00004008.jpg
vizwiz_val_004019,VizWiz,What is this?,grilled onions mushrooms,grilled onion mushroom,0.900,0.95,none,data/VizWiz/Images/val/VizWiz_val_00004019.jpg
vizwiz_val_004021,VizWiz,What is this?,baking soda,unanswerable,1.000,0.95,none,data/VizWiz/Images/val/VizWiz_val_00004021.jpg
vizwiz_val_004022,VizWiz,"What is this? What color of fish, please. Thank you.",white sheet,unanswerable,1.000,1.0,none,data/VizWiz/Images/val/VizWiz_val_00004022.jpg
vizwiz_val_004025,VizWiz,What is this?,teabags,tea bags,0.761,0.95,none,data/VizWiz/Images/val/VizWiz_val_00004025.jpg
vizwiz_val_004027,VizWiz,What color is my shirt?,blue,unanswerable,1.000,1.0,none,data/VizWiz/Images/val/VizWiz_val_00004027.jpg
vizwiz_val_004032,VizWiz,What flavor is this energy bar?,unanswerable,almond crunch,0.868,0.9,answerability,data/VizWiz/Images/val/VizWiz_val_00004032.jpg
vizwiz_val_004034,VizWiz,What color is this?,grey,blue red yellow,0.828,0.95,none,data/VizWiz/Images/val/VizWiz_val_00004034.jpg
vizwiz_val_004038,VizWiz,Can you please tell me all the spices that are in this cabinet?,celery salt oregano mrs dash lawry seasoned salt,"celery salt, oregano",0.973,0.85,none,data/VizWiz/Images/val/VizWiz_val_00004038.jpg
vizwiz_val_004043,VizWiz,What is this?,ziti,pasta,0.918,0.95,none,data/VizWiz/Images/val/VizWiz_val_00004043.jpg
vizwiz_val_004045,VizWiz,What's in this packet?,haribo tangfastics,candy,0.791,0.95,none,data/VizWiz/Images/val/VizWiz_val_00004045.jpg
vizwiz_val_004050,VizWiz,What is this?,pink ball,television,0.813,0.9,none,data/VizWiz/Images/val/VizWiz_val_00004050.jpg
vizwiz_val_004054,VizWiz,Here is another picture. Positive or negative?,negative,positive,0.758,0.9,none,data/VizWiz/Images/val/VizWiz_val_00004054.jpg
vizwiz_val_004055,VizWiz,What's this chairs color?,blue,unanswerable,1.000,0.95,none,data/VizWiz/Images/val/VizWiz_val_00004055.jpg
vizwiz_val_004056,VizWiz,What is this spice and what color is it?,golden yellow maybe cumin tumeric,turmeric yellow,0.993,0.9,none,data/VizWiz/Images/val/VizWiz_val_00004056.jpg
vizwiz_val_004059,VizWiz,How clear is this picture?,clear,unanswerable,0.987,0.95,none,data/VizWiz/Images/val/VizWiz_val_00004059.jpg
vizwiz_val_004061,VizWiz,What does this label say?,meat pack,lean beef steak,0.789,0.9,none,data/VizWiz/Images/val/VizWiz_val_00004061.jpg
vizwiz_val_004065,VizWiz,What is this?,money,ten pound note,0.882,0.95,none,data/VizWiz/Images/val/VizWiz_val_00004065.jpg
vizwiz_val_004070,VizWiz,What does this say?,40,unanswerable,0.997,0.95,none,data/VizWiz/Images/val/VizWiz_val_00004070.jpg
vizwiz_val_004071,VizWiz,What is this ?,100 dollar bill,hundred dollar bill,0.948,0.95,none,data/VizWiz/Images/val/VizWiz_val_00004071.jpg
vizwiz_val_004075,VizWiz,whats in this bag,vegetables,unanswerable,0.996,0.95,none,data/VizWiz/Images/val/VizWiz_val_00004075.jpg
vizwiz_val_004081,VizWiz,"An atom of which of these elements most likely forms an ion? Al, Br, Ca or Mg?",al,br,1.000,0.95,none,data/VizWiz/Images/val/VizWiz_val_00004081.jpg
vizwiz_val_004082,VizWiz,Can you tell me the order of the buttons on this remote control?,yes,unanswerable,1.000,0.95,none,data/VizWiz/Images/val/VizWiz_val_00004082.jpg
vizwiz_val_004083,VizWiz,Hello there could you please tell me going from left to right on this dial what the temperate range ,off low high,unanswerable,0.988,0.95,none,data/VizWiz/Images/val/VizWiz_val_00004083.jpg
vizwiz_val_004084,VizWiz,What is in the drawer and please describe.,clutter,unanswerable,0.891,0.85,none,data/VizWiz/Images/val/VizWiz_val_00004084.jpg
vizwiz_val_004085,VizWiz,What are the three buttons above the dial from left to right?,popcorn auto reheat auto cook,unanswerable,0.882,0.95,none,data/VizWiz/Images/val/VizWiz_val_00004085.jpg
vizwiz_val_004089,VizWiz,Do you see anything on this screen that says boot order?,no,unanswerable,0.998,0.95,none,data/VizWiz/Images/val/VizWiz_val_00004089.jpg
vizwiz_val_004090,VizWiz,Is the label showing? And what is in this bottle?,unanswerable,"yes, supplement facts",0.793,0.9,answerability,data/VizWiz/Images/val/VizWiz_val_00004090.jpg
vizwiz_val_004092,VizWiz,Which color is it?,black silver,black and silver,0.860,0.95,none,data/VizWiz/Images/val/VizWiz_val_00004092.jpg
vizwiz_val_004094,VizWiz,What is this?,kodak,printer,0.956,0.9,none,data/VizWiz/Images/val/VizWiz_val_00004094.jpg
vizwiz_val_004095,VizWiz,Can you describe the tie?,black background white gold squares,black with pattern,0.915,0.85,none,data/VizWiz/Images/val/VizWiz_val_00004095.jpg
vizwiz_val_004096,VizWiz,Tell me what the Ipad screen says.  Thank you very much.,nothing,unanswerable,0.999,0.95,none,data/VizWiz/Images/val/VizWiz_val_00004096.jpg
vizwiz_val_004097,VizWiz,What color are these towels?,white,light blue,0.816,0.9,none,data/VizWiz/Images/val/VizWiz_val_00004097.jpg
vizwiz_val_004105,VizWiz,what is this and how many things are in each shelf?,videos games about 20 on each shelf,"video games, 20+",0.677,0.9,none,data/VizWiz/Images/val/VizWiz_val_00004105.jpg
vizwiz_val_004107,VizWiz,Hello can you please tell me what this is or is it still-is this really blurry? Thank you very much.,really blurry,unanswerable,0.918,0.95,none,data/VizWiz/Images/val/VizWiz_val_00004107.jpg
vizwiz_val_004110,VizWiz,What kind of chips are these?,unanswerable,sweet & sour,0.765,0.85,answerability,data/VizWiz/Images/val/VizWiz_val_00004110.jpg
vizwiz_val_004120,VizWiz,What is it?,unanswerable,shopping cart,0.749,0.9,answerability,data/VizWiz/Images/val/VizWiz_val_00004120.jpg
vizwiz_val_004126,VizWiz,What color is this shirt?,brown,unanswerable,0.911,0.7,none,data/VizWiz/Images/val/VizWiz_val_00004126.jpg
vizwiz_val_004128,VizWiz,"I wanna know exactly what I'm seeing, but I'm not real sure right now because I just started.",bright light,sunrise or sunset,0.800,0.95,none,data/VizWiz/Images/val/VizWiz_val_00004128.jpg
vizwiz_val_004132,VizWiz,What setting is this?,fn,unanswerable,0.997,0.7,none,data/VizWiz/Images/val/VizWiz_val_00004132.jpg
vizwiz_val_004138,VizWiz,What is in this box?,baked chicken mushroom sauce,baked chicken with mushroom sauce,0.931,0.95,none,data/VizWiz/Images/val/VizWiz_val_00004138.jpg
vizwiz_val_004140,VizWiz,Is this currently set on the off position?,yes,unanswerable,1.000,0.95,none,data/VizWiz/Images/val/VizWiz_val_00004140.jpg
vizwiz_val_004142,VizWiz,What is it?,modem,laptop,0.911,0.85,none,data/VizWiz/Images/val/VizWiz_val_00004142.jpg
vizwiz_val_004143,VizWiz,What does this pregnancy test show?,negative,unanswerable,0.996,0.95,none,data/VizWiz/Images/val/VizWiz_val_00004143.jpg
vizwiz_val_004146,VizWiz,Tell me what color this yarn is please.,teal,blue,1.000,0.95,none,data/VizWiz/Images/val/VizWiz_val_00004146.jpg
vizwiz_val_004148,VizWiz,Which flavor was this?,braised beef portobello tortellini,braised beef and portobello tortelloni,0.949,0.95,none,data/VizWiz/Images/val/VizWiz_val_00004148.jpg
vizwiz_val_004149,VizWiz,What is this?,braille machine,refreshable braille display,0.909,0.95,none,data/VizWiz/Images/val/VizWiz_val_00004149.jpg
vizwiz_val_004154,VizWiz,What is this question?,brush,unanswerable,0.932,0.95,none,data/VizWiz/Images/val/VizWiz_val_00004154.jpg
vizwiz_val_004155,VizWiz,What do you see in this image?,table,unanswerable,0.983,0.95,none,data/VizWiz/Images/val/VizWiz_val_00004155.jpg
vizwiz_val_004161,VizWiz,How much money is this?,1 dollar,one dollar,0.935,0.95,none,data/VizWiz/Images/val/VizWiz_val_00004161.jpg
vizwiz_val_004165,VizWiz,What is the pattern on this pillow?,dots,unanswerable,0.836,0.7,none,data/VizWiz/Images/val/VizWiz_val_00004165.jpg
vizwiz_val_004167,VizWiz,What color is the shirt?,pink,unanswerable,1.000,1.0,none,data/VizWiz/Images/val/VizWiz_val_00004167.jpg
vizwiz_val_004169,VizWiz,What is this?,carb ultimate blocker,carb blocker,0.996,0.9,none,data/VizWiz/Images/val/VizWiz_val_00004169.jpg
vizwiz_val_004174,VizWiz,What is the name of this lotion?,diamonds rubies,diamonds and rubies,0.999,0.95,none,data/VizWiz/Images/val/VizWiz_val_00004174.jpg
vizwiz_val_004176,VizWiz,What color is this item please?,white,unanswerable,0.987,0.7,none,data/VizWiz/Images/val/VizWiz_val_00004176.jpg
vizwiz_val_004177,VizWiz,What is in this box?,cheez,white cheddar crackers,0.791,0.95,none,data/VizWiz/Images/val/VizWiz_val_00004177.jpg
vizwiz_val_004179,VizWiz,What flavor of tea is this?,unanswerable,bois cheri,0.887,0.9,answerability,data/VizWiz/Images/val/VizWiz_val_00004179.jpg
vizwiz_val_004180,VizWiz,What is this?  What is this product?,unanswerable,hand and body wash,0.903,0.85,answerability,data/VizWiz/Images/val/VizWiz_val_00004180.jpg
vizwiz_val_004182,VizWiz,Would you say this room is illuminated?,yes,unanswerable,0.957,0.85,none,data/VizWiz/Images/val/VizWiz_val_00004182.jpg
vizwiz_val_004187,VizWiz,What color is this please?,leopard print,gray and white,0.662,0.9,none,data/VizWiz/Images/val/VizWiz_val_00004187.jpg
vizwiz_val_004191,VizWiz,Which kind of soup is this?,unanswerable,cream,0.898,0.85,answerability,data/VizWiz/Images/val/VizWiz_val_00004191.jpg
vizwiz_val_004192,VizWiz,What is this?,diagram,square pyramid,0.930,0.9,none,data/VizWiz/Images/val/VizWiz_val_00004192.jpg
vizwiz_val_004194,VizWiz,What color is this tablet?,white,unanswerable,0.887,0.9,none,data/VizWiz/Images/val/VizWiz_val_00004194.jpg
vizwiz_val_004199,VizWiz,What color are these two t-shirts?,yellow green,"yellow, gray",0.627,0.7,none,data/VizWiz/Images/val/VizWiz_val_00004199.jpg
vizwiz_val_004200,VizWiz,What is in this package?,quesadillas,chicken nachos,0.785,0.9,none,data/VizWiz/Images/val/VizWiz_val_00004200.jpg
vizwiz_val_004201,VizWiz,Could you tell me what this can is please?,manwich,old joe sauce,0.940,0.95,none,data/VizWiz/Images/val/VizWiz_val_00004201.jpg
vizwiz_val_004207,VizWiz,What color is this please? Thanks,grey,gray,0.749,0.95,none,data/VizWiz/Images/val/VizWiz_val_00004207.jpg
vizwiz_val_004208,VizWiz,For how long do I cook this in the microwave?,unanswerable,8 minutes,0.997,0.95,answerability,data/VizWiz/Images/val/VizWiz_val_00004208.jpg
vizwiz_val_004210,VizWiz,What about the color cloth. Tell me about the color cloth.,green white,unanswerable,0.784,0.85,none,data/VizWiz/Images/val/VizWiz_val_00004210.jpg
vizwiz_val_004213,VizWiz,Who's talking on the telly?,woman,unanswerable,0.975,0.95,none,data/VizWiz/Images/val/VizWiz_val_00004213.jpg
vizwiz_val_004215,VizWiz,What is this?,sock,unanswerable,0.801,0.85,none,data/VizWiz/Images/val/VizWiz_val_00004215.jpg
vizwiz_val_004221,VizWiz,What is this object?,toothless,bat,0.987,0.85,none,data/VizWiz/Images/val/VizWiz_val_00004221.jpg
vizwiz_val_004224,VizWiz,Which one is apple cider?,top,green mountain naturals,0.956,0.95,none,data/VizWiz/Images/val/VizWiz_val_00004224.jpg
vizwiz_val_004227,VizWiz,Can you please tell me what canned food item this is?,whole potatoes,white potatoes,0.900,0.85,none,data/VizWiz/Images/val/VizWiz_val_00004227.jpg
vizwiz_val_004232,VizWiz,"Can you see the whole sofa in this picture? If not, what do i need to do to make the whole sofa appe",no step back to take picture,"no, adjust camera",0.686,0.95,none,data/VizWiz/Images/val/VizWiz_val_00004232.jpg
vizwiz_val_004233,VizWiz,just a quick idea on this please,belgian chocolate,chocolate bar,0.807,0.9,none,data/VizWiz/Images/val/VizWiz_val_00004233.jpg
vizwiz_val_004235,VizWiz,What is this?,framed living room art,unanswerable,0.886,0.95,none,data/VizWiz/Images/val/VizWiz_val_00004235.jpg
vizwiz_val_004240,VizWiz,What kind of note is that?,1 dollar,one dollar bill,0.932,0.95,none,data/VizWiz/Images/val/VizWiz_val_00004240.jpg
vizwiz_val_004242,VizWiz,What's on this screen?,5:47 monday may 28,phone screen,0.844,0.95,none,data/VizWiz/Images/val/VizWiz_val_00004242.jpg
vizwiz_val_004250,VizWiz,Can you please describe the cards and its orientation thank you,tarot moon sideways,unanswerable,0.865,0.9,none,data/VizWiz/Images/val/VizWiz_val_00004250.jpg
vizwiz_val_004252,VizWiz,i just wanted to know what this is and the cooking instructions if posible,unanswerable,fiesta selection,0.986,0.85,answerability,data/VizWiz/Images/val/VizWiz_val_00004252.jpg
vizwiz_val_004253,VizWiz,what color is this couch?,floral,green,0.726,0.85,none,data/VizWiz/Images/val/VizWiz_val_00004253.jpg
vizwiz_val_004254,VizWiz,What kind of cereal is this?,honey nut cherrios,unanswerable,0.931,0.95,none,data/VizWiz/Images/val/VizWiz_val_00004254.jpg
vizwiz_val_004255,VizWiz,What's in this red envelope?,sloppy joe seasoning,unanswerable,0.978,0.9,none,data/VizWiz/Images/val/VizWiz_val_00004255.jpg
vizwiz_val_004258,VizWiz,What kind of peanut butter is this?,peter pan,reduced cream,0.771,0.95,none,data/VizWiz/Images/val/VizWiz_val_00004258.jpg
vizwiz_val_004259,VizWiz,What does this say?,master commander,master and commander,0.955,0.95,none,data/VizWiz/Images/val/VizWiz_val_00004259.jpg
vizwiz_val_004260,VizWiz,What is this?,patch,england crest,0.901,0.95,none,data/VizWiz/Images/val/VizWiz_val_00004260.jpg
vizwiz_val_004263,VizWiz,What do you see?,tums,unanswerable,0.970,0.95,none,data/VizWiz/Images/val/VizWiz_val_00004263.jpg
vizwiz_val_004266,VizWiz,What does this box say?,unanswerable,pizza pasta,0.967,0.7,answerability,data/VizWiz/Images/val/VizWiz_val_00004266.jpg
vizwiz_val_004267,VizWiz,"What is this a picture of, and thank you web worker",u,protein powder,0.694,0.9,none,data/VizWiz/Images/val/VizWiz_val_00004267.jpg
vizwiz_val_004271,VizWiz,What does this screen say?,45% complete,preview,0.923,0.95,none,data/VizWiz/Images/val/VizWiz_val_00004271.jpg
vizwiz_val_004273,VizWiz,What can good is this?,nuts,unanswerable,0.997,0.95,none,data/VizWiz/Images/val/VizWiz_val_00004273.jpg
vizwiz_val_004274,VizWiz,Is this chicken or celery?,tomato,celery,1.000,0.95,none,data/VizWiz/Images/val/VizWiz_val_00004274.jpg
vizwiz_val_004277,VizWiz,Is someone standing at the door?,no,unanswerable,0.961,0.95,none,data/VizWiz/Images/val/VizWiz_val_00004277.jpg
vizwiz_val_004278,VizWiz,What kind of soup is this?,campbells,cream mushroom,0.947,0.95,none,data/VizWiz/Images/val/VizWiz_val_00004278.jpg
vizwiz_val_004280,VizWiz,What's on this shirt?  Thanks.,csi cant stand idiots,can't stand idiots,0.981,0.95,none,data/VizWiz/Images/val/VizWiz_val_00004280.jpg
vizwiz_val_004287,VizWiz,What's the color of her shirt?,white pink,white with pink flowers,0.964,0.7,none,data/VizWiz/Images/val/VizWiz_val_00004287.jpg
vizwiz_val_004291,VizWiz,What is the expiration date?,2012,unanswerable,1.000,0.95,none,data/VizWiz/Images/val/VizWiz_val_00004291.jpg
vizwiz_val_004292,VizWiz,Do these socks match?,yes,unanswerable,0.997,0.95,none,data/VizWiz/Images/val/VizWiz_val_00004292.jpg
vizwiz_val_004294,VizWiz,In the bottle.,orange juice,orange squash,0.802,0.95,none,data/VizWiz/Images/val/VizWiz_val_00004294.jpg
vizwiz_val_004297,VizWiz,"Yeah, I just need to determine, for sure, the characters in this captcha. Thank You.",lex,hx,0.948,0.95,none,data/VizWiz/Images/val/VizWiz_val_00004297.jpg
vizwiz_val_004299,VizWiz,What is this?,package,cigarettes,0.985,0.95,none,data/VizWiz/Images/val/VizWiz_val_00004299.jpg
vizwiz_val_004303,VizWiz,What is in this jar?,bbq sauce,unanswerable,1.000,0.95,none,data/VizWiz/Images/val/VizWiz_val_00004303.jpg
vizwiz_val_004307,VizWiz,oven set to thanks?,422,unanswerable,0.998,0.95,none,data/VizWiz/Images/val/VizWiz_val_00004307.jpg
vizwiz_val_004308,VizWiz,and how big is it?,about 32 inches,unanswerable,0.999,0.95,none,data/VizWiz/Images/val/VizWiz_val_00004308.jpg
vizwiz_val_004311,VizWiz,What is this product?,malt liquor,beer,0.577,0.95,none,data/VizWiz/Images/val/VizWiz_val_00004311.jpg
vizwiz_val_004313,VizWiz,What is this in front of the camera?,computer,laptop,0.993,0.9,none,data/VizWiz/Images/val/VizWiz_val_00004313.jpg
vizwiz_val_004314,VizWiz,what is this?,salad dressing,mustard,0.675,0.9,none,data/VizWiz/Images/val/VizWiz_val_00004314.jpg
vizwiz_val_004318,VizWiz,What kind of spice is this?,garam masala,caram masala,0.837,0.9,none,data/VizWiz/Images/val/VizWiz_val_00004318.jpg
