sample_id,dataset,question,gold_answer,model_prediction,scalar_confidence,self_reported_confidence,failure_family,image_path
vizwiz_val_000002,VizWiz,What is the title of this book?,dog years,unanswerable,0.899,0.75,none,data/VizWiz/Images/val/VizWiz_val_00000002.jpg
vizwiz_val_000003,VizWiz,Which one is the blue one?,right,blue one,0.813,1.0,none,data/VizWiz/Images/val/VizWiz_val_00000003.jpg
vizwiz_val_000005,VizWiz,What the screen says? Thank you.,windows 7,windows home premium,0.906,0.9,none,data/VizWiz/Images/val/VizWiz_val_00000005.jpg
vizwiz_val_000009,VizWiz,Can you describe for me what's going on outside the window? Just curious.,nothing,"buildings, trees",0.720,0.85,none,data/VizWiz/Images/val/VizWiz_val_00000009.jpg
vizwiz_val_000010,VizWiz,What about the signery.,unanswerable,istikrar sursun,0.773,0.95,answerability,data/VizWiz/Images/val/VizWiz_val_00000010.jpg
vizwiz_val_000016,VizWiz,What is this?,finger,unanswerable,0.996,0.1,none,data/VizWiz/Images/val/VizWiz_val_00000016.jpg
vizwiz_val_000018,VizWiz,What is the computer doing?,loading,booting up,0.974,0.9,none,data/VizWiz/Images/val/VizWiz_val_00000018.jpg
vizwiz_val_000020,VizWiz,What does this sign say?,unanswerable,mexican express,0.888,0.85,answerability,data/VizWiz/Images/val/VizWiz_val_00000020.jpg
vizwiz_val_000021,VizWiz,What is this color and pattern? There's some sort of pattern on my left chest there. Describe.,plain white uspa logo in gold,unanswerable,0.809,0.85,none,data/VizWiz/Images/val/VizWiz_val_00000021.jpg
vizwiz_val_000022,VizWiz,Can you tell what this is?,dropper bottle,essential oil,0.936,0.9,none,data/VizWiz/Images/val/VizWiz_val_00000022.jpg
vizwiz_val_000024,VizWiz,"Sometimes it does this too.  It's great when it works, but when it doesn't, it's annoying.",doing disk check,unanswerable,0.985,0.9,none,data/VizWiz/Images/val/VizWiz_val_00000024.jpg
vizwiz_val_000025,VizWiz,I was wondering how ominous the sky is looking here at the northwest.,fairly but could be worse,ominous,0.926,0.9,none,data/VizWiz/Images/val/VizWiz_val_00000025.jpg
vizwiz_val_000031,VizWiz,Can anyone tell me what's actually on the screen of the laptop?,recovery screen some kind,samsung recovery,0.990,0.95,none,data/VizWiz/Images/val/VizWiz_val_00000031.jpg
vizwiz_val_000032,VizWiz,Can you tell me what this is a picture of?,computer screen,software interface,0.866,0.85,none,data/VizWiz/Images/val/VizWiz_val_00000032.jpg
vizwiz_val_000034,VizWiz,How big do you think my TV is? Thank you.,32 inches,unanswerable,0.891,0.1,none,data/VizWiz/Images/val/VizWiz_val_00000034.jpg
vizwiz_val_000036,VizWiz,What is the title of this book?,dog years,unanswerable,0.944,0.65,none,data/VizWiz/Images/val/VizWiz_val_00000036.jpg
vizwiz_val_000037,VizWiz,"Hi, I just wanted to confirm that these are indeed pork chops. Any other information that is clear w",yes,pork chops,0.947,0.95,none,data/VizWiz/Images/val/VizWiz_val_00000037.jpg
vizwiz_val_000044,VizWiz,Able on my vacuum I need the serial number and model number.,unanswerable,model: 950010,0.792,0.85,answerability,data/VizWiz/Images/val/VizWiz_val_00000044.jpg
vizwiz_val_000045,VizWiz,What is the expiration date on this bus pass?,jul 08 11,1-08-11,0.981,0.75,none,data/VizWiz/Images/val/VizWiz_val_00000045.jpg
vizwiz_val_000047,VizWiz,what is this we taking a picture of?,boobs,clothing,0.707,0.95,none,data/VizWiz/Images/val/VizWiz_val_00000047.jpg
vizwiz_val_000049,VizWiz,What kind of pop is this?,nestea,unanswerable,0.999,0.1,none,data/VizWiz/Images/val/VizWiz_val_00000049.jpg
vizwiz_val_000050,VizWiz,Screen showing.,unanswerable,music app,0.636,0.9,answerability,data/VizWiz/Images/val/VizWiz_val_00000050.jpg
vizwiz_val_000053,VizWiz,"Hello there, are you able to see what's on this LCD screen and if it's expecting any input from the ",yes,unanswerable,0.822,0.3,none,data/VizWiz/Images/val/VizWiz_val_00000053.jpg
vizwiz_val_000054,VizWiz,What's the name of the drink?,irn bru,irnbru,0.793,0.95,none,data/VizWiz/Images/val/VizWiz_val_00000054.jpg
vizwiz_val_000055,VizWiz,Where do you think I could get a power cord?,forest hill maryland,hardware store,0.743,0.9,none,data/VizWiz/Images/val/VizWiz_val_00000055.jpg
vizwiz_val_000059,VizWiz,What does the label say on this electronic component?,unanswerable,seagate,0.979,0.9,answerability,data/VizWiz/Images/val/VizWiz_val_00000059.jpg
vizwiz_val_000060,VizWiz,Please tell me the them of this book,clive cussler dirk cussler,action/thriller,0.608,0.85,none,data/VizWiz/Images/val/VizWiz_val_00000060.jpg
vizwiz_val_000061,VizWiz,What is this?,computer screen,unanswerable,0.825,0.85,none,data/VizWiz/Images/val/VizWiz_val_00000061.jpg
vizwiz_val_000064,VizWiz,What is the person doing?,looking at computer,working on computer,0.857,0.7,none,data/VizWiz/Images/val/VizWiz_val_00000064.jpg
vizwiz_val_000065,VizWiz,Could you please tell me what's on my screen?,unanswerable,loading screen,0.752,0.95,answerability,data/VizWiz/Images/val/VizWiz_val_00000065.jpg
vizwiz_val_000071,VizWiz,What is this item,unanswerable,medical device,0.617,0.9,answerability,data/VizWiz/Images/val/VizWiz_val_00000071.jpg
vizwiz_val_000072,VizWiz,what does the sky look like in this photograph,clear,blue with clouds,0.929,1.0,none,data/VizWiz/Images/val/VizWiz_val_00000072.jpg
vizwiz_val_000077,VizWiz,What's on my computer screen?,pop up window,unanswerable,0.730,0.85,none,data/VizWiz/Images/val/VizWiz_val_00000077.jpg
vizwiz_val_000078,VizWiz,"Can see what's on the screen, like is it a log in screen or anything like that? Thank you.",no,password reset,0.799,1.0,none,data/VizWiz/Images/val/VizWiz_val_00000078.jpg
vizwiz_val_000083,VizWiz,Which one of the three images is the Google logo?,unanswerable,google,0.800,1.0,answerability,data/VizWiz/Images/val/VizWiz_val_00000083.jpg
vizwiz_val_000085,VizWiz,please explain what is on this piece of paper,stress advertisement,health tips,0.694,0.9,none,data/VizWiz/Images/val/VizWiz_val_00000085.jpg
vizwiz_val_000091,VizWiz,What does the small label on this disc say?,prop quartics inc,proop of quartics inc,0.915,0.85,none,data/VizWiz/Images/val/VizWiz_val_00000091.jpg
vizwiz_val_000093,VizWiz,"Is this picture clear, and where are we now?",no,"clear, computer screen",0.860,0.95,none,data/VizWiz/Images/val/VizWiz_val_00000093.jpg
vizwiz_val_000094,VizWiz,Can you please tell me what the computer screen says within in the VMware workstation window?  Parti,unanswerable,windows,0.959,0.9,answerability,data/VizWiz/Images/val/VizWiz_val_00000094.jpg
vizwiz_val_000095,VizWiz,Can you see what's on the screen?,no,unanswerable,0.845,0.3,none,data/VizWiz/Images/val/VizWiz_val_00000095.jpg
vizwiz_val_000096,VizWiz,Is this caffeinated or decaffeinated?,caffeinated,unanswerable,0.999,0.0,none,data/VizWiz/Images/val/VizWiz_val_00000096.jpg
vizwiz_val_000099,VizWiz,"Alright. If you could tell what the screen says, that would be helpful, thank you",iniciar el escaneo de,iniciar escaneo,0.922,0.95,none,data/VizWiz/Images/val/VizWiz_val_00000099.jpg
vizwiz_val_000100,VizWiz,Can you see the dosage information? Thank you.,no,unanswerable,0.999,0.1,none,data/VizWiz/Images/val/VizWiz_val_00000100.jpg
vizwiz_val_000102,VizWiz,"this is a picture of a home i'm planning to buy, does it look like its in a safe neighborhood?",no,unanswerable,0.997,0.1,none,data/VizWiz/Images/val/VizWiz_val_00000102.jpg
vizwiz_val_000105,VizWiz,Has the text on the screen changed?,unanswerable,no,0.753,1.0,answerability,data/VizWiz/Images/val/VizWiz_val_00000105.jpg
vizwiz_val_000107,VizWiz,Please tell me the title of this book. Thank you for your time.,unanswerable,live cussle,0.657,0.75,answerability,data/VizWiz/Images/val/VizWiz_val_00000107.jpg
vizwiz_val_000108,VizWiz,What does this screen say?,expanding windows files,installing windows,0.812,0.95,none,data/VizWiz/Images/val/VizWiz_val_00000108.jpg
vizwiz_val_000114,VizWiz,Is it impossible for you to read the captcha image in this picture? Thanks.,no,unanswerable,0.998,1.0,none,data/VizWiz/Images/val/VizWiz_val_00000114.jpg
vizwiz_val_000115,VizWiz,What is this?,chest,unanswerable,0.795,0.75,none,data/VizWiz/Images/val/VizWiz_val_00000115.jpg
vizwiz_val_000117,VizWiz,Please tell me the name of this book.,unanswerable,live cussler,0.721,0.9,answerability,data/VizWiz/Images/val/VizWiz_val_00000117.jpg
vizwiz_val_000118,VizWiz,What does this say?,unanswerable,copyright 2004 by simon gifware,0.952,0.95,answerability,data/VizWiz/Images/val/VizWiz_val_00000118.jpg
vizwiz_val_000122,VizWiz,What is this item?,mexican steak marinade,bottle of sauce,0.686,0.9,none,data/VizWiz/Images/val/VizWiz_val_00000122.jpg
vizwiz_val_000125,VizWiz,Can you tell me what this is a picture of?,computer screen,social media,0.640,0.85,none,data/VizWiz/Images/val/VizWiz_val_00000125.jpg
vizwiz_val_000130,VizWiz,"Can you see a bottle in this picture? And if so, what is it?",no,unanswerable,0.997,0.5,none,data/VizWiz/Images/val/VizWiz_val_00000130.jpg
vizwiz_val_000134,VizWiz,What is this?,computer screen,unanswerable,0.737,0.9,none,data/VizWiz/Images/val/VizWiz_val_00000134.jpg
vizwiz_val_000137,VizWiz,What is on this piece of paper?  Thank you.,sales ad,fly fishing gear,0.759,0.95,none,data/VizWiz/Images/val/VizWiz_val_00000137.jpg
vizwiz_val_000138,VizWiz,What does this say?What does this say?,medicare inquiry center,business reply mail,0.918,1.0,none,data/VizWiz/Images/val/VizWiz_val_00000138.jpg
vizwiz_val_000140,VizWiz,Can you please describe to me what's on the page and its orientation? Thank you,sideways car sales ad,advertisement page,0.852,0.95,none,data/VizWiz/Images/val/VizWiz_val_00000140.jpg
vizwiz_val_000141,VizWiz,What's in this jar please?,unanswerable,semolina,0.999,0.95,answerability,data/VizWiz/Images/val/VizWiz_val_00000141.jpg
vizwiz_val_000144,VizWiz,What does this say?  Thank you.,your computer at risk,your computer is at risk,0.975,0.95,none,data/VizWiz/Images/val/VizWiz_val_00000144.jpg
vizwiz_val_000146,VizWiz,Hopefully you can see what this screen says.,unanswerable,utility manager,0.932,0.95,answerability,data/VizWiz/Images/val/VizWiz_val_00000146.jpg
vizwiz_val_000147,VizWiz,Can you tell what's on this paper?,no,unanswerable,0.999,0.1,none,data/VizWiz/Images/val/VizWiz_val_00000147.jpg
vizwiz_val_000149,VizWiz,What is this?,bar code,laptop screen,0.972,0.95,none,data/VizWiz/Images/val/VizWiz_val_00000149.jpg
vizwiz_val_000150,VizWiz,Can you please tell me what the computer screen says?  Thank you.,unanswerable,set network,0.570,0.95,answerability,data/VizWiz/Images/val/VizWiz_val_00000150.jpg
vizwiz_val_000154,VizWiz,What does this coupon say on it?,buy 1 pizza at menu price receive 1 pizza equal lesser value free expires 12 31 11,buy one pizza,0.682,1.0,none,data/VizWiz/Images/val/VizWiz_val_00000154.jpg
vizwiz_val_000156,VizWiz,Can you tell what I'm playing?,angry birds,unanswerable,0.995,0.1,none,data/VizWiz/Images/val/VizWiz_val_00000156.jpg
vizwiz_val_000157,VizWiz,"Yes, can you please tell me what this screen says? I seem to have an error booting up my computer.",american megatrends,unanswerable,0.812,0.9,none,data/VizWiz/Images/val/VizWiz_val_00000157.jpg
vizwiz_val_000159,VizWiz,Help me with this capture.,casithwo,unanswerable,0.989,0.1,none,data/VizWiz/Images/val/VizWiz_val_00000159.jpg
vizwiz_val_000160,VizWiz,Can you give me an idea of what's on the screen? Thank you.,links to sites,file explorer,0.855,0.95,none,data/VizWiz/Images/val/VizWiz_val_00000160.jpg
vizwiz_val_000161,VizWiz,What is in this picture?,tv,"television, clock",0.522,0.95,none,data/VizWiz/Images/val/VizWiz_val_00000161.jpg
vizwiz_val_000162,VizWiz,What does this say?,scan was completed,chkdsk output,0.849,0.95,none,data/VizWiz/Images/val/VizWiz_val_00000162.jpg
vizwiz_val_000163,VizWiz,What is that word?,entsursa,ertsursa,0.724,0.3,none,data/VizWiz/Images/val/VizWiz_val_00000163.jpg
vizwiz_val_000164,VizWiz,Yeah what is this?,unanswerable,hair,0.692,0.95,answerability,data/VizWiz/Images/val/VizWiz_val_00000164.jpg
vizwiz_val_000165,VizWiz,What does the top of this pamphlet say?,college area breadth requirement,unanswerable,0.897,0.95,none,data/VizWiz/Images/val/VizWiz_val_00000165.jpg
vizwiz_val_000166,VizWiz,What does this say?,unanswerable,azithromycin,0.877,0.95,answerability,data/VizWiz/Images/val/VizWiz_val_00000166.jpg
vizwiz_val_000169,VizWiz,What is in this can?,soda,unanswerable,0.783,0.3,none,data/VizWiz/Images/val/VizWiz_val_00000169.jpg
vizwiz_val_000170,VizWiz,What color is this skirt?,blue,unanswerable,1.000,1.0,none,data/VizWiz/Images/val/VizWiz_val_00000170.jpg
vizwiz_val_000172,VizWiz,What's on this channel?,sports game,maple leafs,0.766,0.9,none,data/VizWiz/Images/val/VizWiz_val_00000172.jpg
vizwiz_val_000173,VizWiz,clouds in the sky look like,white,scattered,0.792,0.85,none,data/VizWiz/Images/val/VizWiz_val_00000173.jpg
vizwiz_val_000174,VizWiz,What does the screen say?,lenovo pop up unreadable,unanswerable,0.782,0.75,none,data/VizWiz/Images/val/VizWiz_val_00000174.jpg
vizwiz_val_000175,VizWiz,What does the text on this say?,asking for personal information on form,unanswerable,0.795,0.95,none,data/VizWiz/Images/val/VizWiz_val_00000175.jpg
vizwiz_val_000176,VizWiz,What's going on on the computer screen?,just blue green screen,unanswerable,0.903,0.1,none,data/VizWiz/Images/val/VizWiz_val_00000176.jpg
vizwiz_val_000178,VizWiz,What does this cartoon look like? Thank you.,black white 2 men facing each other,unanswerable,0.781,0.95,none,data/VizWiz/Images/val/VizWiz_val_00000178.jpg
vizwiz_val_000183,VizWiz,Is there text or any identifying identification on this side of the card?,no,unanswerable,0.995,1.0,none,data/VizWiz/Images/val/VizWiz_val_00000183.jpg
vizwiz_val_000184,VizWiz,Is it more in focus now?,no,yes,0.937,1.0,none,data/VizWiz/Images/val/VizWiz_val_00000184.jpg
vizwiz_val_000186,VizWiz,What is this CD?,technet subscription,windows server,0.966,0.95,none,data/VizWiz/Images/val/VizWiz_val_00000186.jpg
vizwiz_val_000193,VizWiz,"Can you please tell me what's on this page, and it's orientation? Thank you.",beckham,unanswerable,0.759,0.85,none,data/VizWiz/Images/val/VizWiz_val_00000193.jpg
vizwiz_val_000196,VizWiz,What is this a picture of?,woman,unanswerable,0.711,0.75,none,data/VizWiz/Images/val/VizWiz_val_00000196.jpg
vizwiz_val_000197,VizWiz,Can you please tell me the 1-800 number on this card?,1 877 328 9677,1-800-735-2929,1.000,1.0,none,data/VizWiz/Images/val/VizWiz_val_00000197.jpg
vizwiz_val_000198,VizWiz,Can you tell me what the screen says?,unanswerable,stopped working,0.775,0.9,answerability,data/VizWiz/Images/val/VizWiz_val_00000198.jpg
vizwiz_val_000201,VizWiz,Can you read this seven day forecast and write it out in the app so I can use voice over to read it?,yes,"wed 100, thu 101, fri 100, sat 102, sun 101, mon 100, tue 100",0.984,0.95,none,data/VizWiz/Images/val/VizWiz_val_00000201.jpg
vizwiz_val_000204,VizWiz,What does this CD say?,death cab for cutie codes keys,path cab for cutie codes and keys,0.893,0.85,none,data/VizWiz/Images/val/VizWiz_val_00000204.jpg
vizwiz_val_000211,VizWiz,"Can you please give me as much as possible as what you see on my computer screen, whether it's a Win",unanswerable,error message,0.833,0.9,answerability,data/VizWiz/Images/val/VizWiz_val_00000211.jpg
vizwiz_val_000212,VizWiz,What  can you see on this screen?,unanswerable,web page,0.672,0.75,answerability,data/VizWiz/Images/val/VizWiz_val_00000212.jpg
vizwiz_val_000213,VizWiz,"Hi, thanks for letting me know this is start-up repair, might take awhile but I really want to try  ",unanswerable,advanced options,0.691,0.95,answerability,data/VizWiz/Images/val/VizWiz_val_00000213.jpg
vizwiz_val_000216,VizWiz,Ok.  This is a picture with a different angle.  Do you see another an id number now with the RT syst,no,unanswerable,1.000,1.0,none,data/VizWiz/Images/val/VizWiz_val_00000216.jpg
vizwiz_val_000218,VizWiz,What do you see here?,unanswerable,barcode label,0.837,0.9,answerability,data/VizWiz/Images/val/VizWiz_val_00000218.jpg
vizwiz_val_000221,VizWiz,"Hi, what do you see in the screen?",file storage sizes,software interface,0.847,0.95,none,data/VizWiz/Images/val/VizWiz_val_00000221.jpg
vizwiz_val_000222,VizWiz,Can you please tell me the percentage or progress of the Windows 7 installation?,unanswerable,48%,0.986,0.95,answerability,data/VizWiz/Images/val/VizWiz_val_00000222.jpg
vizwiz_val_000225,VizWiz,What is on the screen?,disk icon,mac os x installer,0.717,0.95,none,data/VizWiz/Images/val/VizWiz_val_00000225.jpg
vizwiz_val_000229,VizWiz,Please tell me about this calendar?,october,unanswerable,0.953,0.85,none,data/VizWiz/Images/val/VizWiz_val_00000229.jpg
vizwiz_val_000231,VizWiz,Just curious to see whether you could read what was on the computer screen. Just testing this applic,no,sign in,0.773,0.95,none,data/VizWiz/Images/val/VizWiz_val_00000231.jpg
vizwiz_val_000232,VizWiz,Is it possible then that we have a blank screen? If so this may mean that something is happening.,no,unanswerable,0.807,0.9,none,data/VizWiz/Images/val/VizWiz_val_00000232.jpg
vizwiz_val_000233,VizWiz,What is playing on this channel?,unanswerable,house crashers,0.978,0.9,answerability,data/VizWiz/Images/val/VizWiz_val_00000233.jpg
vizwiz_val_000234,VizWiz,Can you tell us what the screen says?,windows 7 home premium dell,set up windows,0.933,1.0,none,data/VizWiz/Images/val/VizWiz_val_00000234.jpg
vizwiz_val_000236,VizWiz,Is there any change to the monitor?,need to click restart for driver to be installed,unanswerable,0.964,1.0,none,data/VizWiz/Images/val/VizWiz_val_00000236.jpg
vizwiz_val_000238,VizWiz,Is this?,socks,unanswerable,0.999,0.1,none,data/VizWiz/Images/val/VizWiz_val_00000238.jpg
vizwiz_val_000239,VizWiz,is this?,computer,unanswerable,0.998,0.1,none,data/VizWiz/Images/val/VizWiz_val_00000239.jpg
vizwiz_val_000240,VizWiz,Can you please tell me what's on screen? Thank you.,reboot disk check screen,unanswerable,0.949,0.1,none,data/VizWiz/Images/val/VizWiz_val_00000240.jpg
vizwiz_val_000241,VizWiz,Please tell me what the title of this book is? Thank you for your time.,clive cussler dirk cussler,olive cussler,0.992,0.9,none,data/VizWiz/Images/val/VizWiz_val_00000241.jpg
vizwiz_val_000242,VizWiz,Computer screen showing?,yes,command line,0.812,0.9,none,data/VizWiz/Images/val/VizWiz_val_00000242.jpg
vizwiz_val_000243,VizWiz,Please tell us what the screen says on the computer.,checking file system,chkdsk 1s,0.834,0.95,none,data/VizWiz/Images/val/VizWiz_val_00000243.jpg
vizwiz_val_000244,VizWiz,Which one of the three images is the Google logo?,unanswerable,google,0.818,1.0,answerability,data/VizWiz/Images/val/VizWiz_val_00000244.jpg
vizwiz_val_000246,VizWiz,What does this message say?,unanswerable,no sim card,0.857,0.95,answerability,data/VizWiz/Images/val/VizWiz_val_00000246.jpg
vizwiz_val_000247,VizWiz,Can you tell me what this price tag says?,mission tortilla strips,unanswerable,0.971,0.1,none,data/VizWiz/Images/val/VizWiz_val_00000247.jpg
vizwiz_val_000252,VizWiz,What does this paper say?,pump,unanswerable,0.986,0.1,none,data/VizWiz/Images/val/VizWiz_val_00000252.jpg
vizwiz_val_000253,VizWiz,"I'm trying again, I moved the camera. Can you tell me who this piece of mail is from? Thank you.",unanswerable,clark p,0.909,0.85,answerability,data/VizWiz/Images/val/VizWiz_val_00000253.jpg
vizwiz_val_000256,VizWiz,What is this?,laptop,macbook pro,0.898,1.0,none,data/VizWiz/Images/val/VizWiz_val_00000256.jpg
vizwiz_val_000258,VizWiz,"OK, lets try this again and see if this works. Do you see any kind of an ID number here that would t",yes,unanswerable,0.976,0.95,none,data/VizWiz/Images/val/VizWiz_val_00000258.jpg
vizwiz_val_000260,VizWiz,what is this camera doing or this screen on this computer what is it saying now we just started it u,unanswerable,network monitor,0.510,0.9,answerability,data/VizWiz/Images/val/VizWiz_val_00000260.jpg
vizwiz_val_000262,VizWiz,"Can you tell me the 1-800 number off this card, and are you able to hear this question?",1 877 328 9677,1-800-735-2929,0.994,1.0,none,data/VizWiz/Images/val/VizWiz_val_00000262.jpg
vizwiz_val_000264,VizWiz,What does this say?,shower curtain,royal international,0.581,0.95,none,data/VizWiz/Images/val/VizWiz_val_00000264.jpg
vizwiz_val_000265,VizWiz,What color has the light?,red,unanswerable,0.997,1.0,none,data/VizWiz/Images/val/VizWiz_val_00000265.jpg
vizwiz_val_000267,VizWiz,What is this item?,box,unanswerable,0.744,0.9,none,data/VizWiz/Images/val/VizWiz_val_00000267.jpg
vizwiz_val_000272,VizWiz,"Can you please tell me what's on the screen? And if there's anything I need to interact with, which ",windows 7 homechoose country time currency keyboard layout,windows setup,0.719,1.0,none,data/VizWiz/Images/val/VizWiz_val_00000272.jpg
vizwiz_val_000274,VizWiz,What kind of piano appears in the image I am sending?,baby grand,unanswerable,0.727,0.9,none,data/VizWiz/Images/val/VizWiz_val_00000274.jpg
vizwiz_val_000275,VizWiz,I have two questions for you. What is the name of this game and what platform can you play it on?,mlb show ps3,"mlb 10 show, ps3",0.882,0.95,none,data/VizWiz/Images/val/VizWiz_val_00000275.jpg
vizwiz_val_000277,VizWiz,Can you tell me what the computer screen is saying? Windows is not booting.,starting repairs,startup repair,0.775,0.9,none,data/VizWiz/Images/val/VizWiz_val_00000277.jpg
vizwiz_val_000282,VizWiz,What is this?,barcode,unanswerable,0.979,0.1,none,data/VizWiz/Images/val/VizWiz_val_00000282.jpg
vizwiz_val_000284,VizWiz,"The computer is now on, is Windows coming up",no,yes,0.921,0.95,none,data/VizWiz/Images/val/VizWiz_val_00000284.jpg
vizwiz_val_000291,VizWiz,"Looking for properties to rent in my area, what is the condition of the house shown in the image?",bad,dilapidated,0.948,0.95,none,data/VizWiz/Images/val/VizWiz_val_00000291.jpg
vizwiz_val_000294,VizWiz,Can you please to describe to me in detail what this picture looks like? Thank you.,unanswerable,desktop screen,0.714,0.9,answerability,data/VizWiz/Images/val/VizWiz_val_00000294.jpg
vizwiz_val_000295,VizWiz,Don't know what the screen says.,web photos,unanswerable,0.783,0.5,none,data/VizWiz/Images/val/VizWiz_val_00000295.jpg
vizwiz_val_000296,VizWiz,What does this screen look like?,paper cup,unanswerable,0.889,0.1,none,data/VizWiz/Images/val/VizWiz_val_00000296.jpg
vizwiz_val_000297,VizWiz,Where is the white cup?,on table,top left,0.947,0.95,none,data/VizWiz/Images/val/VizWiz_val_00000297.jpg
vizwiz_val_000298,VizWiz,Can you see a bottle in this picture and if so what is it?,no,unanswerable,0.999,0.1,none,data/VizWiz/Images/val/VizWiz_val_00000298.jpg
vizwiz_val_000299,VizWiz,Is the same screen still up? Or did it change? I just--tried to hit finish.,unanswerable,same,0.564,0.9,answerability,data/VizWiz/Images/val/VizWiz_val_00000299.jpg
vizwiz_val_000306,VizWiz,Please tell what the title of this book is. Thank you for your time.,clive cussler,olive cussler,0.992,0.9,none,data/VizWiz/Images/val/VizWiz_val_00000306.jpg
vizwiz_val_000308,VizWiz,Can you please tell me in detail what's on this computer screen? Thank you very much.,unanswerable,startup repair,0.947,1.0,answerability,data/VizWiz/Images/val/VizWiz_val_00000308.jpg
vizwiz_val_000310,VizWiz,Can you please tell me the ETA or progress that Scan Disk has completed so far? Thank you very much.,stage 4 5,stage 5,0.726,0.95,none,data/VizWiz/Images/val/VizWiz_val_00000310.jpg
vizwiz_val_000312,VizWiz,Has that brought those buttons into focus? I'm thinking that one of them might be a skip button.,yes,unanswerable,0.997,0.1,none,data/VizWiz/Images/val/VizWiz_val_00000312.jpg
vizwiz_val_000316,VizWiz,can you tell me what this is a picture of?,computer screen,software interface,0.708,0.85,none,data/VizWiz/Images/val/VizWiz_val_00000316.jpg
vizwiz_val_000317,VizWiz,I'm sorry I'm in the hospital and I'm trying to get this set up so that I can use it for accessibili,no items match your search,search results,0.985,0.95,none,data/VizWiz/Images/val/VizWiz_val_00000317.jpg
vizwiz_val_000325,VizWiz,Can you tell me what this warning is?,changes,user account control,0.968,1.0,none,data/VizWiz/Images/val/VizWiz_val_00000325.jpg
vizwiz_val_000326,VizWiz,just curious to see whether you could read what was on the computer screen just testing this applica,no,sign in,0.747,0.95,none,data/VizWiz/Images/val/VizWiz_val_00000326.jpg
vizwiz_val_000327,VizWiz,is there text on this side of the car?,unanswerable,yes,0.853,1.0,answerability,data/VizWiz/Images/val/VizWiz_val_00000327.jpg
vizwiz_val_000328,VizWiz,What is written on the screen?,free memo state phantom,unanswerable,0.965,0.2,none,data/VizWiz/Images/val/VizWiz_val_00000328.jpg
vizwiz_val_000329,VizWiz,Can you tell us what this text says? Thank you.,set password for your account,set up windows,0.937,1.0,none,data/VizWiz/Images/val/VizWiz_val_00000329.jpg
vizwiz_val_000331,VizWiz,What is on the screen?,unanswerable,disk check,0.880,0.9,answerability,data/VizWiz/Images/val/VizWiz_val_00000331.jpg
vizwiz_val_000332,VizWiz,I'm trying again.  I moved the camera.  Can you tell me where this piece of mail is from?  Thank you,unanswerable,clark p,0.770,0.85,answerability,data/VizWiz/Images/val/VizWiz_val_00000332.jpg
vizwiz_val_000335,VizWiz,What is the computer screen showing?,blank screen,blue screen,0.988,0.95,none,data/VizWiz/Images/val/VizWiz_val_00000335.jpg
vizwiz_val_000338,VizWiz,Can you read everything on my TV screen?,no,dvr usage,0.715,0.95,none,data/VizWiz/Images/val/VizWiz_val_00000338.jpg
vizwiz_val_000341,VizWiz,What is written on the back of this sofa,boston,unanswerable,0.977,1.0,none,data/VizWiz/Images/val/VizWiz_val_00000341.jpg
vizwiz_val_000342,VizWiz,Can you please describe this picture to me? Thank you.,cartoon,unanswerable,0.895,0.75,none,data/VizWiz/Images/val/VizWiz_val_00000342.jpg
vizwiz_val_000343,VizWiz,What is on this page?,numbers,financial data,0.773,0.9,none,data/VizWiz/Images/val/VizWiz_val_00000343.jpg
vizwiz_val_000344,VizWiz,I want to know what my screen says.,unanswerable,search dvd,0.959,0.85,answerability,data/VizWiz/Images/val/VizWiz_val_00000344.jpg
vizwiz_val_000345,VizWiz,What is on the monitor?,unanswerable,login screen,0.817,0.85,answerability,data/VizWiz/Images/val/VizWiz_val_00000345.jpg
vizwiz_val_000346,VizWiz,What does that say?,unanswerable,chapter coordin,0.691,0.9,answerability,data/VizWiz/Images/val/VizWiz_val_00000346.jpg
vizwiz_val_000347,VizWiz,What does my computer screen show?,youtube,unanswerable,0.820,0.75,none,data/VizWiz/Images/val/VizWiz_val_00000347.jpg
vizwiz_val_000349,VizWiz,Can you read the screen? Thank you.,no,set up windows,0.798,1.0,none,data/VizWiz/Images/val/VizWiz_val_00000349.jpg
vizwiz_val_000350,VizWiz,"There are four sets of five numbers on this ticket, can you read them for me?",yes,unanswerable,0.968,0.1,none,data/VizWiz/Images/val/VizWiz_val_00000350.jpg
vizwiz_val_000352,VizWiz,Hi there are 4 sets of 5 numbers on this ticket could you read them for me? Thanks.,yes,unanswerable,0.982,0.1,none,data/VizWiz/Images/val/VizWiz_val_00000352.jpg
vizwiz_val_000355,VizWiz,What numbers are marked on this ticket?,04 35 36 42 50 01 02,"4, 25, 36, 42, 50, 01, 02",0.898,0.95,none,data/VizWiz/Images/val/VizWiz_val_00000355.jpg
vizwiz_val_000358,VizWiz,"Can you tell by looking at this, at the label, what it is, I think it's a piece, a dvd in the mail.",yes,dvd mail,0.702,0.85,none,data/VizWiz/Images/val/VizWiz_val_00000358.jpg
vizwiz_val_000359,VizWiz,can you tell what restaurant this is?,no,unanswerable,1.000,0.1,none,data/VizWiz/Images/val/VizWiz_val_00000359.jpg
vizwiz_val_000361,VizWiz,What is the name of this book?  Thank you.,unanswerable,olive cussler,0.985,0.9,answerability,data/VizWiz/Images/val/VizWiz_val_00000361.jpg
vizwiz_val_000362,VizWiz,Can you please describe to me what this picture looks like? Thank you.,turned sideways comic strip about ufo,comic panel,0.744,0.95,none,data/VizWiz/Images/val/VizWiz_val_00000362.jpg
vizwiz_val_000363,VizWiz,What is this item?,piggy bank,plush toy,0.812,0.9,none,data/VizWiz/Images/val/VizWiz_val_00000363.jpg
vizwiz_val_000364,VizWiz,What does this label say? Come on.,unanswerable,ce rc,0.783,0.85,answerability,data/VizWiz/Images/val/VizWiz_val_00000364.jpg
vizwiz_val_000365,VizWiz,What does it say underneath windows cannot repair this system automatically? It says start something,unanswerable,startup repair,0.872,0.9,answerability,data/VizWiz/Images/val/VizWiz_val_00000365.jpg
vizwiz_val_000366,VizWiz,What CD is this?,iphone ipad programming,course 2761,1.000,1.0,none,data/VizWiz/Images/val/VizWiz_val_00000366.jpg
vizwiz_val_000369,VizWiz,What does this say?,unanswerable,sauna mix,0.905,0.85,answerability,data/VizWiz/Images/val/VizWiz_val_00000369.jpg
vizwiz_val_000370,VizWiz,Could you tell me if I need to hit enter or can you actually tell if I need to do something else?,yes accept terms,click checkbox,0.643,0.95,none,data/VizWiz/Images/val/VizWiz_val_00000370.jpg
vizwiz_val_000371,VizWiz,What is this and what color is it?,teddy bear brown,brown bear,0.772,0.95,none,data/VizWiz/Images/val/VizWiz_val_00000371.jpg
vizwiz_val_000372,VizWiz,What does it show on this computer monitor screen?,unanswerable,code/text,0.814,0.85,answerability,data/VizWiz/Images/val/VizWiz_val_00000372.jpg
vizwiz_val_000374,VizWiz,Can you read this these numbers please?,unanswerable,4466518,0.886,0.1,answerability,data/VizWiz/Images/val/VizWiz_val_00000374.jpg
vizwiz_val_000375,VizWiz,In this photo here is it showing me or the back facing camera? If its showing the back of the camera,back facing,unanswerable,0.916,0.95,none,data/VizWiz/Images/val/VizWiz_val_00000375.jpg
vizwiz_val_000377,VizWiz,What text is on the screen?,system ntfs something needs to be checked for consistency something recommended,m on c,0.825,0.75,none,data/VizWiz/Images/val/VizWiz_val_00000377.jpg
vizwiz_val_000378,VizWiz,Is it box?,no,unanswerable,0.998,0.05,none,data/VizWiz/Images/val/VizWiz_val_00000378.jpg
vizwiz_val_000383,VizWiz,Well if this has a product name on it that I need to look up on the internet something no this so I ,05n5801 veritas set up blocks,veritas set-up blocks,0.966,0.95,none,data/VizWiz/Images/val/VizWiz_val_00000383.jpg
vizwiz_val_000384,VizWiz,What's on the screen?,reboot screen,windows error,0.760,0.9,none,data/VizWiz/Images/val/VizWiz_val_00000384.jpg
vizwiz_val_000385,VizWiz,Can you tell me whose name tag this it? Thank you.,no,unanswerable,1.000,1.0,none,data/VizWiz/Images/val/VizWiz_val_00000385.jpg
vizwiz_val_000387,VizWiz,What it is a?,laptop lots cords,desk setup,0.680,0.95,none,data/VizWiz/Images/val/VizWiz_val_00000387.jpg
vizwiz_val_000388,VizWiz,What does this say?,unanswerable,what time zone are you in?,0.984,0.95,answerability,data/VizWiz/Images/val/VizWiz_val_00000388.jpg
vizwiz_val_000389,VizWiz,What was that?,emergency alert system,severe thunderstorm,0.633,0.95,none,data/VizWiz/Images/val/VizWiz_val_00000389.jpg
vizwiz_val_000397,VizWiz,What's on the screen?,pop up window,startup repair,0.903,1.0,none,data/VizWiz/Images/val/VizWiz_val_00000397.jpg
vizwiz_val_000398,VizWiz,What's on the screen,please visit: wwwhpcom go techcenter,error message,0.909,0.9,none,data/VizWiz/Images/val/VizWiz_val_00000398.jpg
vizwiz_val_000399,VizWiz,What does this screen say please?,unanswerable,waiting for,0.563,0.85,answerability,data/VizWiz/Images/val/VizWiz_val_00000399.jpg
vizwiz_val_000403,VizWiz,"Please, I need to know what is this screen.  What is written in this screen?  Thank you.",repair message in spanish,windows recovery,0.586,0.95,none,data/VizWiz/Images/val/VizWiz_val_00000403.jpg
vizwiz_val_000404,VizWiz,What is the screen saying?,do you want to restore your computer,startup repair,0.991,1.0,none,data/VizWiz/Images/val/VizWiz_val_00000404.jpg
vizwiz_val_000405,VizWiz,Whats on my screen? Come on you guys! Whats on the screen?,please select boot device,boot menu,0.911,0.95,none,data/VizWiz/Images/val/VizWiz_val_00000405.jpg
vizwiz_val_000407,VizWiz,Why is this computer not booting up?,jaws not responding,software issue,0.699,0.9,none,data/VizWiz/Images/val/VizWiz_val_00000407.jpg
vizwiz_val_000409,VizWiz,"Ok, I can't tell what screen this is on at all. And, it won't do anything.",jaws for windows,unanswerable,0.820,0.1,none,data/VizWiz/Images/val/VizWiz_val_00000409.jpg
vizwiz_val_000410,VizWiz,"I pushed the finish button, or at least pressed enter, but nothing seems to be happening.  What does",press enter again to close this pop up,restart,0.573,0.85,none,data/VizWiz/Images/val/VizWiz_val_00000410.jpg
vizwiz_val_000411,VizWiz,Can you tell me what this message says on my computer screen?,no,startup repair,0.989,0.9,none,data/VizWiz/Images/val/VizWiz_val_00000411.jpg
vizwiz_val_000414,VizWiz,What's on the screen?,unanswerable,laptop screen,0.928,0.95,answerability,data/VizWiz/Images/val/VizWiz_val_00000414.jpg
vizwiz_val_000416,VizWiz,Can you tell what this visual challenge is on the computer please?  Thank you.,no,registration form,0.728,0.9,none,data/VizWiz/Images/val/VizWiz_val_00000416.jpg
vizwiz_val_000418,VizWiz,What is this magazine?,2012 eoc,document/brochure,0.641,0.95,none,data/VizWiz/Images/val/VizWiz_val_00000418.jpg
vizwiz_val_000419,VizWiz,What is displayed on the computer screen?,start up window,startup repair,0.991,0.95,none,data/VizWiz/Images/val/VizWiz_val_00000419.jpg
vizwiz_val_000422,VizWiz,I need a description of the layout of the program. I know there's a document list. I know there's so,unanswerable,multi-pane,0.685,0.9,answerability,data/VizWiz/Images/val/VizWiz_val_00000422.jpg
vizwiz_val_000423,VizWiz,What is this a gift card for?,unanswerable,tim hortons,0.990,0.95,answerability,data/VizWiz/Images/val/VizWiz_val_00000423.jpg
vizwiz_val_000425,VizWiz,What's on the screen?,file folders,file explorer,0.831,0.95,none,data/VizWiz/Images/val/VizWiz_val_00000425.jpg
vizwiz_val_000426,VizWiz,What does it say on the screen?,unanswerable,welcome to recovery manager,0.848,0.95,answerability,data/VizWiz/Images/val/VizWiz_val_00000426.jpg
vizwiz_val_000430,VizWiz,What is the 5-digit code?,unanswerable,16805,0.961,0.95,answerability,data/VizWiz/Images/val/VizWiz_val_00000430.jpg
vizwiz_val_000432,VizWiz,Is Windows up on the computer? Am I at the desktop?,yes,"windows, desktop",0.555,0.85,none,data/VizWiz/Images/val/VizWiz_val_00000432.jpg
vizwiz_val_000434,VizWiz,What is displayed on my screen?,text,windows boot manager,0.993,0.95,none,data/VizWiz/Images/val/VizWiz_val_00000434.jpg
vizwiz_val_000435,VizWiz,Can you tell me what the screen is saying?,no,unanswerable,0.800,0.75,none,data/VizWiz/Images/val/VizWiz_val_00000435.jpg
vizwiz_val_000439,VizWiz,What is on the screen?,unanswerable,windows license agreement,0.707,0.95,answerability,data/VizWiz/Images/val/VizWiz_val_00000439.jpg
vizwiz_val_000444,VizWiz,"Is this a receipt? If not, generally what is this piece of paper?",no,receipt,0.717,0.85,none,data/VizWiz/Images/val/VizWiz_val_00000444.jpg
vizwiz_val_000445,VizWiz,"Can you see if there's a year and date, and the team that Ricky Henderson is on, on the back of this",no,unanswerable,1.000,0.1,none,data/VizWiz/Images/val/VizWiz_val_00000445.jpg
vizwiz_val_000447,VizWiz,"Hello there, could you give me an idea of what's on the screen?  Please be as specific as possible. ",error message,windows login,0.827,0.9,none,data/VizWiz/Images/val/VizWiz_val_00000447.jpg
vizwiz_val_000449,VizWiz,"Yes, I need a summary of the information that is on the screen as text of a website.  Thank you.",printing digital imaging bindery finishing data processing mailing lists mailing production,"printing, digital imaging, bindery & finishing, data processing, mailing lists, mailing production",0.979,0.95,none,data/VizWiz/Images/val/VizWiz_val_00000449.jpg
vizwiz_val_000451,VizWiz,tell me about color.,red blue grey silver black white purple,"red, white, black",0.844,0.9,none,data/VizWiz/Images/val/VizWiz_val_00000451.jpg
vizwiz_val_000453,VizWiz,What do you see on my computer screen?,other media restart,error message,0.787,0.95,none,data/VizWiz/Images/val/VizWiz_val_00000453.jpg
vizwiz_val_000454,VizWiz,What is my computer screen showing?,unanswerable,blue screen,0.806,0.95,answerability,data/VizWiz/Images/val/VizWiz_val_00000454.jpg
vizwiz_val_000455,VizWiz,What is this thing?,computer screen,startup repair,0.993,1.0,none,data/VizWiz/Images/val/VizWiz_val_00000455.jpg
vizwiz_val_000456,VizWiz,How much is the total?,unanswerable,704.00,0.807,0.85,answerability,data/VizWiz/Images/val/VizWiz_val_00000456.jpg
vizwiz_val_000460,VizWiz,please let me know what's on my screen right now.,unanswerable image,windows installer,0.562,0.95,none,data/VizWiz/Images/val/VizWiz_val_00000460.jpg
vizwiz_val_000462,VizWiz,What options are on my screen?,unanswerable,vaio recovery center,0.985,1.0,answerability,data/VizWiz/Images/val/VizWiz_val_00000462.jpg
vizwiz_val_000466,VizWiz,What does it say on the screen?,next cancel,latitude e6420,0.983,0.9,none,data/VizWiz/Images/val/VizWiz_val_00000466.jpg
vizwiz_val_000468,VizWiz,What is on my computer screen?,words,boot error,0.905,0.95,none,data/VizWiz/Images/val/VizWiz_val_00000468.jpg
vizwiz_val_000470,VizWiz,What is in this picture?,laptop,tablet screen,0.794,0.95,none,data/VizWiz/Images/val/VizWiz_val_00000470.jpg
vizwiz_val_000471,VizWiz,"Hi, that's great, okay, I'm in recovery options, are you able to see from the picture any of the opt",unanswerable,menu,0.667,0.85,answerability,data/VizWiz/Images/val/VizWiz_val_00000471.jpg
vizwiz_val_000472,VizWiz,What is that a picture of?,computer,laptop and wine,0.822,0.9,none,data/VizWiz/Images/val/VizWiz_val_00000472.jpg
vizwiz_val_000473,VizWiz,What does the computer screen say?,desktop,unanswerable,0.984,0.05,none,data/VizWiz/Images/val/VizWiz_val_00000473.jpg
vizwiz_val_000476,VizWiz,Can you tell what this dialogue box says?,no,unanswerable,0.796,0.9,none,data/VizWiz/Images/val/VizWiz_val_00000476.jpg
vizwiz_val_000478,VizWiz,What's on this card?,05 18,month/year,0.796,0.9,none,data/VizWiz/Images/val/VizWiz_val_00000478.jpg
vizwiz_val_000479,VizWiz,What answers do I type in to win the prize,xqb,enter word,0.963,0.1,none,data/VizWiz/Images/val/VizWiz_val_00000479.jpg
vizwiz_val_000480,VizWiz,What's being displayed on my screen?,unanswerable,windows boot manager,0.868,0.9,answerability,data/VizWiz/Images/val/VizWiz_val_00000480.jpg
vizwiz_val_000482,VizWiz,Can you tell me what's on the screen?,unanswerable,video player,0.667,0.85,answerability,data/VizWiz/Images/val/VizWiz_val_00000482.jpg
vizwiz_val_000487,VizWiz,What's on this screen?,blank screen,unanswerable,0.862,0.3,none,data/VizWiz/Images/val/VizWiz_val_00000487.jpg
vizwiz_val_000488,VizWiz,What is this and does it have a name on it?,dell charger,power adapter,0.930,0.95,none,data/VizWiz/Images/val/VizWiz_val_00000488.jpg
vizwiz_val_000489,VizWiz,Is there some sort of error message on the screen? Thanks!,yes,no,0.664,0.9,none,data/VizWiz/Images/val/VizWiz_val_00000489.jpg
vizwiz_val_000492,VizWiz,What is this computer doing?,checking system,checking disk,0.879,0.9,none,data/VizWiz/Images/val/VizWiz_val_00000492.jpg
vizwiz_val_000493,VizWiz,What is this thing?,laptop,computer screen,0.816,0.95,none,data/VizWiz/Images/val/VizWiz_val_00000493.jpg
vizwiz_val_000494,VizWiz,What does this dialog box say?,unanswerable,system restore,0.880,0.9,answerability,data/VizWiz/Images/val/VizWiz_val_00000494.jpg
vizwiz_val_000496,VizWiz,What's this?,computer screen,unanswerable,0.839,0.9,none,data/VizWiz/Images/val/VizWiz_val_00000496.jpg
vizwiz_val_000497,VizWiz,Please read the counter.,unanswerable,00011420,0.998,0.95,answerability,data/VizWiz/Images/val/VizWiz_val_00000497.jpg
vizwiz_val_000498,VizWiz,What does this screen say on the laptop?,unanswerable,startup repair,0.999,0.95,answerability,data/VizWiz/Images/val/VizWiz_val_00000498.jpg
vizwiz_val_000503,VizWiz,What letters do I enter in to win the prize?,jek,unanswerable,0.795,1.0,none,data/VizWiz/Images/val/VizWiz_val_00000503.jpg
vizwiz_val_000504,VizWiz,What does this dialogue box say and what's highlighted?,windows cannot repair computer automatically,startup repair,0.937,1.0,none,data/VizWiz/Images/val/VizWiz_val_00000504.jpg
vizwiz_val_000505,VizWiz,ARE YOU ABLE TO SEE THE SELECTED OPTIONS I HAVE? DO YOU SEE WHERE IT SAYS HIGHLIGHTED?,no,unanswerable,0.948,0.1,none,data/VizWiz/Images/val/VizWiz_val_00000505.jpg
vizwiz_val_000506,VizWiz,What is this item?,box spray,spray paint kit,0.626,0.9,none,data/VizWiz/Images/val/VizWiz_val_00000506.jpg
vizwiz_val_000510,VizWiz,What is this?,computer on desk,desk setup,0.842,0.95,none,data/VizWiz/Images/val/VizWiz_val_00000510.jpg
vizwiz_val_000511,VizWiz,What's on the screen?,do you want to restore your computer using system restore,startup repair,0.977,1.0,none,data/VizWiz/Images/val/VizWiz_val_00000511.jpg
vizwiz_val_000517,VizWiz,Is there an error message on the screen? And is there an action item or action that needs to be take,yes startup repair,"yes, error message",0.583,0.9,none,data/VizWiz/Images/val/VizWiz_val_00000517.jpg
vizwiz_val_000520,VizWiz,What does this sign say?,unanswerable,please use cover,0.870,0.75,answerability,data/VizWiz/Images/val/VizWiz_val_00000520.jpg
vizwiz_val_000527,VizWiz,What's highlighted in this dialog box?,unanswerable,repair,0.515,0.95,answerability,data/VizWiz/Images/val/VizWiz_val_00000527.jpg
vizwiz_val_000528,VizWiz,Can you see actually the whole screen now and did it actually change when I hit enter?,no,unanswerable,0.979,1.0,none,data/VizWiz/Images/val/VizWiz_val_00000528.jpg
vizwiz_val_000530,VizWiz,What does the text in that white box say?,random confirmation code 94f,your random confirmation code is: 94f,0.931,1.0,none,data/VizWiz/Images/val/VizWiz_val_00000530.jpg
vizwiz_val_000532,VizWiz,What is the percentage of this download?,98%,5 minutes left,0.719,0.6,none,data/VizWiz/Images/val/VizWiz_val_00000532.jpg
vizwiz_val_000534,VizWiz,Is this the front side of the paper?,no,unanswerable,0.945,1.0,none,data/VizWiz/Images/val/VizWiz_val_00000534.jpg
vizwiz_val_000535,VizWiz,Is that the Chrysler building?,no,unanswerable,0.962,0.3,none,data/VizWiz/Images/val/VizWiz_val_00000535.jpg
vizwiz_val_000539,VizWiz,What does my computer screen say?,unanswerable,startup repair,0.845,0.9,answerability,data/VizWiz/Images/val/VizWiz_val_00000539.jpg
vizwiz_val_000543,VizWiz,"Okay this label, say either bedtime or calming.",unanswerable,calming,0.707,0.7,answerability,data/VizWiz/Images/val/VizWiz_val_00000543.jpg
vizwiz_val_000544,VizWiz,Is this?,computer screen,unanswerable,0.991,0.1,none,data/VizWiz/Images/val/VizWiz_val_00000544.jpg
vizwiz_val_000545,VizWiz,Could you tell me what this screen is saying approximately?,drive options,disk partitions,0.592,0.9,none,data/VizWiz/Images/val/VizWiz_val_00000545.jpg
vizwiz_val_000548,VizWiz,"What's, what's on the screen this time?",pop up,windows installation,0.745,0.95,none,data/VizWiz/Images/val/VizWiz_val_00000548.jpg
vizwiz_val_000549,VizWiz,Can you describe what this page looks like? Thank you.,white 2 lines text,blank page,0.590,0.95,none,data/VizWiz/Images/val/VizWiz_val_00000549.jpg
vizwiz_val_000550,VizWiz,What kind of RAM is this?,unanswerable,ddr3,0.946,0.95,answerability,data/VizWiz/Images/val/VizWiz_val_00000550.jpg
vizwiz_val_000552,VizWiz,Could you tell me exactly what's on this computer screen please and the options?,command screen,system options,0.529,0.9,none,data/VizWiz/Images/val/VizWiz_val_00000552.jpg
vizwiz_val_000555,VizWiz,Can you tell me what the screen says? The screen capture security code please.,nikeno,nixeno,0.754,0.95,none,data/VizWiz/Images/val/VizWiz_val_00000555.jpg
vizwiz_val_000556,VizWiz,Yes this is a Google Street View and I need as detailed a description as possible of the image. Than,has house at far end field trees on,suburban street,0.842,0.95,none,data/VizWiz/Images/val/VizWiz_val_00000556.jpg
vizwiz_val_000557,VizWiz,"Okay, I just wanted to know who the return address is on the, or what the return address is on this ",unanswerable,cwa,0.824,0.9,answerability,data/VizWiz/Images/val/VizWiz_val_00000557.jpg
vizwiz_val_000558,VizWiz,"Yes, I just need to know what the captcha, or the words are in the captcha image? Thank you.",sonorth 1863,unanswerable,0.969,1.0,none,data/VizWiz/Images/val/VizWiz_val_00000558.jpg
vizwiz_val_000559,VizWiz,Can you read this paper please?,unanswerable,computer system minimum requirements,0.607,0.95,answerability,data/VizWiz/Images/val/VizWiz_val_00000559.jpg
vizwiz_val_000560,VizWiz,What does the screen say?,unanswerable,end user license agreement,0.591,0.85,answerability,data/VizWiz/Images/val/VizWiz_val_00000560.jpg
vizwiz_val_000562,VizWiz,"Hi, in the upper left corner of this page is a captcha. I hope you can read it. Thank you.",unanswerable,van,0.963,0.95,answerability,data/VizWiz/Images/val/VizWiz_val_00000562.jpg
vizwiz_val_000563,VizWiz,"Please, I need to know what is the telephone number at this picture?  Thank you.",3233 4347,3233-4347,0.999,0.95,none,data/VizWiz/Images/val/VizWiz_val_00000563.jpg
vizwiz_val_000564,VizWiz,Please tell me any visible text on this screen.,unanswerable,sony,0.978,0.05,answerability,data/VizWiz/Images/val/VizWiz_val_00000564.jpg
vizwiz_val_000565,VizWiz,What is the hours on this download,1 hour 25 minutes,1 hr,0.989,0.95,none,data/VizWiz/Images/val/VizWiz_val_00000565.jpg
vizwiz_val_000567,VizWiz,What does it say on the screen?,restore,startup repair,0.992,1.0,none,data/VizWiz/Images/val/VizWiz_val_00000567.jpg
vizwiz_val_000568,VizWiz,What is the picture?,laptop,wood paneling,0.900,0.95,none,data/VizWiz/Images/val/VizWiz_val_00000568.jpg
vizwiz_val_000569,VizWiz,What animal is on this computer screen?,0,unanswerable,1.000,1.0,none,data/VizWiz/Images/val/VizWiz_val_00000569.jpg
vizwiz_val_000571,VizWiz,What is this screen telling me or asking me to do?,unanswerable,repairing system,0.641,0.95,answerability,data/VizWiz/Images/val/VizWiz_val_00000571.jpg
vizwiz_val_000572,VizWiz,Can you see the Captcha?,no,unanswerable,0.998,1.0,none,data/VizWiz/Images/val/VizWiz_val_00000572.jpg
vizwiz_val_000574,VizWiz,Yes I just need to know as specifically as possible a description of the image that is in this in th,place in town,suburban neighborhood,0.835,0.9,none,data/VizWiz/Images/val/VizWiz_val_00000574.jpg
vizwiz_val_000575,VizWiz,What's being displayed on the screen?,web page,software installation,0.704,0.9,none,data/VizWiz/Images/val/VizWiz_val_00000575.jpg
vizwiz_val_000579,VizWiz,What's on my computer screen?,restart,system error,0.633,0.95,none,data/VizWiz/Images/val/VizWiz_val_00000579.jpg
vizwiz_val_000580,VizWiz,"I'm trying to restart my computer, and my screen reader isn't working and I'm wondering if it's sayi",unanswerable,repair,0.981,0.95,answerability,data/VizWiz/Images/val/VizWiz_val_00000580.jpg
vizwiz_val_000583,VizWiz,What does this label say?,unanswerable,wd2000,0.969,0.9,answerability,data/VizWiz/Images/val/VizWiz_val_00000583.jpg
vizwiz_val_000587,VizWiz,What is this?,directions,instant drink mix,0.672,0.95,none,data/VizWiz/Images/val/VizWiz_val_00000587.jpg
vizwiz_val_000588,VizWiz,"Is this the google satellite image and I would just like a description of the image, what is seen? T",overlooking neighborhood park in,google satellite,0.685,0.95,none,data/VizWiz/Images/val/VizWiz_val_00000588.jpg
vizwiz_val_000597,VizWiz,What is this?,braille,unanswerable,0.779,0.9,none,data/VizWiz/Images/val/VizWiz_val_00000597.jpg
vizwiz_val_000598,VizWiz,Describe this picture please.,flyer,menu document,0.531,0.9,none,data/VizWiz/Images/val/VizWiz_val_00000598.jpg
vizwiz_val_000600,VizWiz,What's on my computer screen?,some letters,command prompt,0.690,0.9,none,data/VizWiz/Images/val/VizWiz_val_00000600.jpg
vizwiz_val_000601,VizWiz,What does this say?,bar b que restaurant,bar-b-que restaurant,0.943,1.0,none,data/VizWiz/Images/val/VizWiz_val_00000601.jpg
vizwiz_val_000603,VizWiz,Can you tell me what's on this computer screen please?,clock,desktop icons,0.869,0.8,none,data/VizWiz/Images/val/VizWiz_val_00000603.jpg
vizwiz_val_000604,VizWiz,What is this?,computer,smart speaker,0.593,0.85,none,data/VizWiz/Images/val/VizWiz_val_00000604.jpg
vizwiz_val_000608,VizWiz,Whats showing on the computer screen?,some sort graphic,christmas lights,0.736,0.9,none,data/VizWiz/Images/val/VizWiz_val_00000608.jpg
vizwiz_val_000609,VizWiz,What's this say?,skype skype record seamonkey winamp etc,unanswerable,0.972,0.1,none,data/VizWiz/Images/val/VizWiz_val_00000609.jpg
vizwiz_val_000610,VizWiz,Can you tell the stuff I need to type into the computer?,unanswerable,create new account,0.781,0.95,answerability,data/VizWiz/Images/val/VizWiz_val_00000610.jpg
vizwiz_val_000613,VizWiz,What is the number on this building that I just photographed? This is Yappapi College.,unanswerable,3,1.000,0.95,answerability,data/VizWiz/Images/val/VizWiz_val_00000613.jpg
vizwiz_val_000614,VizWiz,What is this?,book,arabic text,0.906,0.95,none,data/VizWiz/Images/val/VizWiz_val_00000614.jpg
vizwiz_val_000619,VizWiz,Can you please me?  Can you please tell me?  Can you please tell me what's on the screen of this com,not clear,unanswerable,0.848,0.1,none,data/VizWiz/Images/val/VizWiz_val_00000619.jpg
vizwiz_val_000622,VizWiz,What is written here?,nothing,unanswerable,0.728,0.85,none,data/VizWiz/Images/val/VizWiz_val_00000622.jpg
vizwiz_val_000624,VizWiz,What is in this picture?,woman,person sitting,0.760,0.95,none,data/VizWiz/Images/val/VizWiz_val_00000624.jpg
vizwiz_val_000625,VizWiz,Can you tell me what sort of card this is?,harveys hometown rewards,rewards card,0.919,0.95,none,data/VizWiz/Images/val/VizWiz_val_00000625.jpg
vizwiz_val_000630,VizWiz,What's this?,computer screen,unanswerable,0.959,0.1,none,data/VizWiz/Images/val/VizWiz_val_00000630.jpg
vizwiz_val_000631,VizWiz,What is this?,medicine,unanswerable,0.945,0.1,none,data/VizWiz/Images/val/VizWiz_val_00000631.jpg
vizwiz_val_000637,VizWiz,Is this iPhone or Nokia?,iphone,unanswerable,0.980,0.3,none,data/VizWiz/Images/val/VizWiz_val_00000637.jpg
vizwiz_val_000640,VizWiz,What is it?,street,road,0.570,0.95,none,data/VizWiz/Images/val/VizWiz_val_00000640.jpg
vizwiz_val_000641,VizWiz,What this that picture?,table,wood texture,0.724,0.9,none,data/VizWiz/Images/val/VizWiz_val_00000641.jpg
vizwiz_val_000643,VizWiz,What kind of a bite is this?,mosquito,unanswerable,0.992,0.1,none,data/VizWiz/Images/val/VizWiz_val_00000643.jpg
vizwiz_val_000645,VizWiz,Please tell me what this says. Please tell me what this says.,unanswerable,windows boot manager,1.000,0.95,answerability,data/VizWiz/Images/val/VizWiz_val_00000645.jpg
vizwiz_val_000646,VizWiz,What does this tag say?,unanswerable,everything has silver lining,0.998,0.95,answerability,data/VizWiz/Images/val/VizWiz_val_00000646.jpg
vizwiz_val_000648,VizWiz,What am I going to do right now?,use computer,unanswerable,0.937,0.1,none,data/VizWiz/Images/val/VizWiz_val_00000648.jpg
vizwiz_val_000649,VizWiz,Is the answer,unanswerable,b,0.635,1.0,answerability,data/VizWiz/Images/val/VizWiz_val_00000649.jpg
vizwiz_val_000650,VizWiz,what can i hear on the screen.,nothing,windows logo,0.861,1.0,none,data/VizWiz/Images/val/VizWiz_val_00000650.jpg
vizwiz_val_000652,VizWiz,What is this?,desktop computer,computer setup,0.823,0.95,none,data/VizWiz/Images/val/VizWiz_val_00000652.jpg
vizwiz_val_000653,VizWiz,"Is there anything on the screen, something about start up?",no,required services,0.721,0.95,none,data/VizWiz/Images/val/VizWiz_val_00000653.jpg
vizwiz_val_000654,VizWiz,Please tell me what's on my screen.,unanswerable,boot options,0.873,0.85,answerability,data/VizWiz/Images/val/VizWiz_val_00000654.jpg
vizwiz_val_000659,VizWiz,Is he a boy or a girl?,boy,unanswerable,0.998,1.0,none,data/VizWiz/Images/val/VizWiz_val_00000659.jpg
vizwiz_val_000662,VizWiz,Is that chocolate?,no,unanswerable,1.000,1.0,none,data/VizWiz/Images/val/VizWiz_val_00000662.jpg
vizwiz_val_000665,VizWiz,"Hi, which red box is a jam box speaker and I've got the underside facing up.  I'm wondering if you c",unanswerable,jawbone,0.660,0.95,answerability,data/VizWiz/Images/val/VizWiz_val_00000665.jpg
vizwiz_val_000668,VizWiz,Can you read this?,no,unanswerable,0.979,0.1,none,data/VizWiz/Images/val/VizWiz_val_00000668.jpg
vizwiz_val_000677,VizWiz,What's on the screen?,web page,job posting,0.797,0.9,none,data/VizWiz/Images/val/VizWiz_val_00000677.jpg
vizwiz_val_000680,VizWiz,What is this?,lorazepam,medication bottle,0.938,0.85,none,data/VizWiz/Images/val/VizWiz_val_00000680.jpg
vizwiz_val_000681,VizWiz,What is this?,mail,unanswerable,0.958,0.1,none,data/VizWiz/Images/val/VizWiz_val_00000681.jpg
vizwiz_val_000687,VizWiz,What's this?,laptop,unanswerable,0.768,0.8,none,data/VizWiz/Images/val/VizWiz_val_00000687.jpg
vizwiz_val_000689,VizWiz,What is this device,tablet,ipad,0.824,0.95,none,data/VizWiz/Images/val/VizWiz_val_00000689.jpg
vizwiz_val_000692,VizWiz,What can you see?,person that barely in image head arm,unanswerable,0.872,0.1,none,data/VizWiz/Images/val/VizWiz_val_00000692.jpg
vizwiz_val_000697,VizWiz,What does this say?,unanswerable,skype recorder,0.920,0.95,answerability,data/VizWiz/Images/val/VizWiz_val_00000697.jpg
vizwiz_val_000698,VizWiz,is this screen on the desktop or is there any word on here involving installing updates,no,desktop,0.707,0.95,none,data/VizWiz/Images/val/VizWiz_val_00000698.jpg
vizwiz_val_000700,VizWiz,Who can read this for me?,navigation app,presentation slide,0.742,0.95,none,data/VizWiz/Images/val/VizWiz_val_00000700.jpg
vizwiz_val_000701,VizWiz,What is it?,laptop,macbook air,0.860,1.0,none,data/VizWiz/Images/val/VizWiz_val_00000701.jpg
vizwiz_val_000705,VizWiz,What is this?,crowdworking info,powerpoint slide,0.782,0.95,none,data/VizWiz/Images/val/VizWiz_val_00000705.jpg
vizwiz_val_000708,VizWiz,What is this?,coupons,grocery shopping,0.636,0.95,none,data/VizWiz/Images/val/VizWiz_val_00000708.jpg
vizwiz_val_000711,VizWiz,What letters do I type in to win the prize?,zln,unanswerable,0.988,1.0,none,data/VizWiz/Images/val/VizWiz_val_00000711.jpg
vizwiz_val_000715,VizWiz,What does it say on screen?,unanswerable,welcome to recovery manager,0.794,0.95,answerability,data/VizWiz/Images/val/VizWiz_val_00000715.jpg
vizwiz_val_000717,VizWiz,When does this task expire?,04 11 12,unanswerable,0.995,1.0,none,data/VizWiz/Images/val/VizWiz_val_00000717.jpg
vizwiz_val_000720,VizWiz,What is in front of me?,cars,unanswerable,0.793,0.9,none,data/VizWiz/Images/val/VizWiz_val_00000720.jpg
vizwiz_val_000725,VizWiz,What is this?,stomach,abdomen,0.933,0.95,none,data/VizWiz/Images/val/VizWiz_val_00000725.jpg
vizwiz_val_000731,VizWiz,"ok I moved back a little further taking the photo again.  My speech has stopped, so I don't know whe",no,answerable,0.619,0.95,none,data/VizWiz/Images/val/VizWiz_val_00000731.jpg
vizwiz_val_000737,VizWiz,What does this screen say?,unanswerable,add device,0.629,0.95,answerability,data/VizWiz/Images/val/VizWiz_val_00000737.jpg
vizwiz_val_000741,VizWiz,Can you please tell me the progress of the discount that's taking place?,29% complete,unanswerable,1.000,1.0,none,data/VizWiz/Images/val/VizWiz_val_00000741.jpg
vizwiz_val_000742,VizWiz,What is this? What was the answer that you got?,unanswerable,screen recording,0.781,1.0,answerability,data/VizWiz/Images/val/VizWiz_val_00000742.jpg
vizwiz_val_000743,VizWiz,Please tell me what's on the screen.,unanswerable,windows memory diagnostic,0.701,0.9,answerability,data/VizWiz/Images/val/VizWiz_val_00000743.jpg
vizwiz_val_000746,VizWiz,What is this item.,computer screen,unanswerable,0.961,0.1,none,data/VizWiz/Images/val/VizWiz_val_00000746.jpg
vizwiz_val_000748,VizWiz,What you see?,green card,unanswerable,0.834,0.05,none,data/VizWiz/Images/val/VizWiz_val_00000748.jpg
vizwiz_val_000749,VizWiz,What is it?,skype,screen capture,0.688,0.95,none,data/VizWiz/Images/val/VizWiz_val_00000749.jpg
vizwiz_val_000750,VizWiz,What is this?,buildings,skyscrapers,0.649,0.95,none,data/VizWiz/Images/val/VizWiz_val_00000750.jpg
vizwiz_val_000751,VizWiz,What does this CAPTCHA say?,ionsuo,c recaptcha,0.806,0.85,none,data/VizWiz/Images/val/VizWiz_val_00000751.jpg
vizwiz_val_000752,VizWiz,Could you please tell me if this is a good picture of the tv stand?,yes,good picture,0.783,0.95,none,data/VizWiz/Images/val/VizWiz_val_00000752.jpg
vizwiz_val_000753,VizWiz,What is this?,boy,unanswerable,0.971,0.1,none,data/VizWiz/Images/val/VizWiz_val_00000753.jpg
vizwiz_val_000754,VizWiz,Can you tell me what screen this is?,browser screen,itunes,0.804,0.95,none,data/VizWiz/Images/val/VizWiz_val_00000754.jpg
vizwiz_val_000755,VizWiz,What does this say? What does this say? What does it say?,unanswerable,make internal medicine,0.811,0.85,answerability,data/VizWiz/Images/val/VizWiz_val_00000755.jpg
vizwiz_val_000759,VizWiz,What is the answer?,unanswerable,42,0.650,1.0,answerability,data/VizWiz/Images/val/VizWiz_val_00000759.jpg
vizwiz_val_000761,VizWiz,Does this picture show an open fire?,no,unanswerable,0.864,0.95,none,data/VizWiz/Images/val/VizWiz_val_00000761.jpg
vizwiz_val_000762,VizWiz,What is this?,minecraft screen,minecraft cave,0.820,0.95,none,data/VizWiz/Images/val/VizWiz_val_00000762.jpg
vizwiz_val_000766,VizWiz,"I need to know specifically what is written across the screen on this computer, please.",nothing,unanswerable,0.993,0.95,none,data/VizWiz/Images/val/VizWiz_val_00000766.jpg
vizwiz_val_000768,VizWiz,what is this cup?,saint louis bread co,insulated cup,0.675,0.9,none,data/VizWiz/Images/val/VizWiz_val_00000768.jpg
vizwiz_val_000770,VizWiz,What is this?,menu,recipe book,0.877,0.9,none,data/VizWiz/Images/val/VizWiz_val_00000770.jpg
vizwiz_val_000772,VizWiz,What title is this?,every now then,every now and then,0.976,0.9,none,data/VizWiz/Images/val/VizWiz_val_00000772.jpg
vizwiz_val_000773,VizWiz,What kind of computer is this?,dell,desktop computer,0.873,0.95,none,data/VizWiz/Images/val/VizWiz_val_00000773.jpg
vizwiz_val_000774,VizWiz,What is this?,computer screen,software interface,0.639,0.95,none,data/VizWiz/Images/val/VizWiz_val_00000774.jpg
vizwiz_val_000775,VizWiz,Where are you?,unidentified,indoors,0.821,0.9,none,data/VizWiz/Images/val/VizWiz_val_00000775.jpg
vizwiz_val_000777,VizWiz,"Please tell me what's on the screen. It'll either be, well probably an error message. So, Please tel",install windows,error message,0.980,1.0,none,data/VizWiz/Images/val/VizWiz_val_00000777.jpg
vizwiz_val_000778,VizWiz,is there a button that i'm supposed to push on this?,yes,unanswerable,0.917,0.9,none,data/VizWiz/Images/val/VizWiz_val_00000778.jpg
vizwiz_val_000779,VizWiz,What's this?,laptop,macbook,0.704,1.0,none,data/VizWiz/Images/val/VizWiz_val_00000779.jpg
vizwiz_val_000781,VizWiz,What is the price of the french fries?,1.29 1.99,$1.29/$1.99,0.997,1.0,none,data/VizWiz/Images/val/VizWiz_val_00000781.jpg
vizwiz_val_000784,VizWiz,Yes this is a google street view and I just want a description of the image please be as detailed as,view multistory building in suburbs,street view,0.797,0.95,none,data/VizWiz/Images/val/VizWiz_val_00000784.jpg
vizwiz_val_000786,VizWiz,what's this?,computer screen,smartphone screen,0.838,0.9,none,data/VizWiz/Images/val/VizWiz_val_00000786.jpg
vizwiz_val_000787,VizWiz,What's on the screen?,search results,website content,0.580,0.95,none,data/VizWiz/Images/val/VizWiz_val_00000787.jpg
vizwiz_val_000790,VizWiz,What is this?,phone,digital camera,0.927,0.9,none,data/VizWiz/Images/val/VizWiz_val_00000790.jpg
vizwiz_val_000792,VizWiz,What does the text over the OK button say on this screen?,octavarium test guitar saved,<ok>,0.931,1.0,none,data/VizWiz/Images/val/VizWiz_val_00000792.jpg
vizwiz_val_000793,VizWiz,What is this?,winners for life 2005,award plaque,0.841,0.9,none,data/VizWiz/Images/val/VizWiz_val_00000793.jpg
vizwiz_val_000797,VizWiz,What is the computer screen showing?,microsoft corporation logo,boot screen,0.814,0.9,none,data/VizWiz/Images/val/VizWiz_val_00000797.jpg
vizwiz_val_000798,VizWiz,What does this key say on the paper? Hopefully you guys can see it right.,unanswerable,cwk-m6uc-fj54,0.929,0.85,answerability,data/VizWiz/Images/val/VizWiz_val_00000798.jpg
vizwiz_val_000801,VizWiz,What is it?,itunes,unanswerable,0.943,0.1,none,data/VizWiz/Images/val/VizWiz_val_00000801.jpg
vizwiz_val_000803,VizWiz,What colors are in this shirt?,red white,red and white,0.907,1.0,none,data/VizWiz/Images/val/VizWiz_val_00000803.jpg
vizwiz_val_000804,VizWiz,what is this?,printer,audio equipment,0.880,0.9,none,data/VizWiz/Images/val/VizWiz_val_00000804.jpg
vizwiz_val_000807,VizWiz,What this?,computer screen,video call,0.868,0.9,none,data/VizWiz/Images/val/VizWiz_val_00000807.jpg
vizwiz_val_000814,VizWiz,What is it?,laptop,computer setup,0.687,0.95,none,data/VizWiz/Images/val/VizWiz_val_00000814.jpg
vizwiz_val_000816,VizWiz,"Yes, I just need a description of this Google satellite view.  Please be as specific as possible.  T",unanswerable,urban area,0.873,0.9,answerability,data/VizWiz/Images/val/VizWiz_val_00000816.jpg
vizwiz_val_000817,VizWiz,How fast is my up and download?,31.45 34.52,upload: 31.45 mbit/s,0.927,1.0,none,data/VizWiz/Images/val/VizWiz_val_00000817.jpg
vizwiz_val_000819,VizWiz,I was actually talking to somebody. My other phone died. Can you actually tell me if you can see the,no,"yes, setup",0.629,0.95,none,data/VizWiz/Images/val/VizWiz_val_00000819.jpg
vizwiz_val_000822,VizWiz,is there anything on the screen that has to do with windows 8 install?,yes,unanswerable,0.901,0.95,none,data/VizWiz/Images/val/VizWiz_val_00000822.jpg
vizwiz_val_000826,VizWiz,Do you tell me what kind of car this is?,lincoln,mercury grand marquis,0.730,0.9,none,data/VizWiz/Images/val/VizWiz_val_00000826.jpg
vizwiz_val_000831,VizWiz,The code on this iTunes gift card.,unanswerable,25,0.819,0.9,answerability,data/VizWiz/Images/val/VizWiz_val_00000831.jpg
vizwiz_val_000837,VizWiz,"What does it show on the screen of the computer?  Note it is an..it is an asus 56e computer, what do",dialog boxes over desktop,unanswerable,0.858,0.2,none,data/VizWiz/Images/val/VizWiz_val_00000837.jpg
vizwiz_val_000841,VizWiz,Can you tell what size this shirt is?,xx large,xxl,0.889,0.95,none,data/VizWiz/Images/val/VizWiz_val_00000841.jpg
vizwiz_val_000842,VizWiz,What is in this picture?,computer,laptop screen,0.895,0.9,none,data/VizWiz/Images/val/VizWiz_val_00000842.jpg
vizwiz_val_000845,VizWiz,"Yes, this is a Google Street View. I need a description,, as detailed as possible, of the image, and",no bus stop,"rural or semi-rural outdoor scene featuring stretch of railway tracks in foreground. background is dominated by dense green foliage, including numerous trees and thick undergrowth, suggesting natural or overgrown area. sky visible above trees is bright blue with some white clouds. to right of tracks, there is small, light-colored sign mounted on pole",0.746,0.95,none,data/VizWiz/Images/val/VizWiz_val_00000845.jpg
vizwiz_val_000847,VizWiz,What does this say?,icons,unanswerable,0.776,0.9,none,data/VizWiz/Images/val/VizWiz_val_00000847.jpg
vizwiz_val_000849,VizWiz,Which laptop is this?,unanswerable,packard,0.555,0.85,answerability,data/VizWiz/Images/val/VizWiz_val_00000849.jpg
vizwiz_val_000850,VizWiz,what do you see?,computer screen,laptop screen,0.996,0.95,none,data/VizWiz/Images/val/VizWiz_val_00000850.jpg
vizwiz_val_000851,VizWiz,What does this sheet say?,unanswerable,this is test,0.944,0.95,answerability,data/VizWiz/Images/val/VizWiz_val_00000851.jpg
vizwiz_val_000852,VizWiz,What is this?,$50 preferred guest card,customer card,0.728,0.95,none,data/VizWiz/Images/val/VizWiz_val_00000852.jpg
vizwiz_val_000854,VizWiz,What is that?,parking lot,unanswerable,0.933,0.1,none,data/VizWiz/Images/val/VizWiz_val_00000854.jpg
vizwiz_val_000855,VizWiz,Can you tell me what this screen says? Thank you.,unanswerable,"chromium, language, keyboard, network",0.738,0.95,answerability,data/VizWiz/Images/val/VizWiz_val_00000855.jpg
vizwiz_val_000860,VizWiz,What kind of coffee is this?,tassimo,mocha,0.953,0.95,none,data/VizWiz/Images/val/VizWiz_val_00000860.jpg
vizwiz_val_000861,VizWiz,"I need to know the captcha code if anyone could, please. Thanks.",2rm5,2bm5,0.872,0.95,none,data/VizWiz/Images/val/VizWiz_val_00000861.jpg
vizwiz_val_000864,VizWiz,What is this?,bottle something facing wrong way,essential oil,0.795,0.95,none,data/VizWiz/Images/val/VizWiz_val_00000864.jpg
vizwiz_val_000866,VizWiz,yes I need a description of this Google street view image. Thank you.,grass trees,unanswerable,0.857,0.1,none,data/VizWiz/Images/val/VizWiz_val_00000866.jpg
vizwiz_val_000867,VizWiz,What is this product?,dell laptop,computer equipment,0.739,0.95,none,data/VizWiz/Images/val/VizWiz_val_00000867.jpg
vizwiz_val_000869,VizWiz,What's written on this book?,unanswerable,read your journal entry,0.641,0.9,answerability,data/VizWiz/Images/val/VizWiz_val_00000869.jpg
vizwiz_val_000874,VizWiz,What do you see on the screen?,pop up message,installation prompt,0.662,0.95,none,data/VizWiz/Images/val/VizWiz_val_00000874.jpg
vizwiz_val_000875,VizWiz,What is this?,monitor,computer screen,0.957,0.9,none,data/VizWiz/Images/val/VizWiz_val_00000875.jpg
vizwiz_val_000879,VizWiz,what is the number on the building that is yupacai college in prescott arizona,unanswerable,3,0.998,0.95,answerability,data/VizWiz/Images/val/VizWiz_val_00000879.jpg
vizwiz_val_000880,VizWiz,What is on the screen?,changes to your computer,windows dialog,0.748,0.95,none,data/VizWiz/Images/val/VizWiz_val_00000880.jpg
vizwiz_val_000881,VizWiz,Which sieve is healthy choice?,right,healthy choice,0.828,1.0,none,data/VizWiz/Images/val/VizWiz_val_00000881.jpg
vizwiz_val_000882,VizWiz,What does it say on the screen?,800 643 2112 siriusxmcom,800-643-2112,1.000,0.95,none,data/VizWiz/Images/val/VizWiz_val_00000882.jpg
vizwiz_val_000883,VizWiz,Does this page have a signature on it or is it blank?,blank,signature present,0.665,0.95,none,data/VizWiz/Images/val/VizWiz_val_00000883.jpg
vizwiz_val_000887,VizWiz,ISD confirmed February 8th and 9th. Does that work for you guys?,unanswerable,yes,0.886,0.0,answerability,data/VizWiz/Images/val/VizWiz_val_00000887.jpg
vizwiz_val_000888,VizWiz,What is this?,book,unanswerable,0.768,0.9,none,data/VizWiz/Images/val/VizWiz_val_00000888.jpg
vizwiz_val_000889,VizWiz,What is this?,apple computer,laptop screen,0.946,0.95,none,data/VizWiz/Images/val/VizWiz_val_00000889.jpg
vizwiz_val_000891,VizWiz,What is this?,computer screen,monitor screen,0.680,0.9,none,data/VizWiz/Images/val/VizWiz_val_00000891.jpg
vizwiz_val_000893,VizWiz,Is this person a boy or a girl?,boy,unanswerable,0.880,0.5,none,data/VizWiz/Images/val/VizWiz_val_00000893.jpg
vizwiz_val_000894,VizWiz,What does this caption say?,97zh,unanswerable,0.972,1.0,none,data/VizWiz/Images/val/VizWiz_val_00000894.jpg
vizwiz_val_000896,VizWiz,Yes this is an image from google maps. I need a detailed description of the image. Thank you.,looking down small road between 2 brick buildings,google maps view,0.625,0.95,none,data/VizWiz/Images/val/VizWiz_val_00000896.jpg
vizwiz_val_000897,VizWiz,What is the captcha code?,ja5ce848,j45ce848,0.883,0.9,none,data/VizWiz/Images/val/VizWiz_val_00000897.jpg
vizwiz_val_000901,VizWiz,Did I win?,no,unanswerable,0.937,0.1,none,data/VizWiz/Images/val/VizWiz_val_00000901.jpg
vizwiz_val_000903,VizWiz,Can you tell me the price of this computer please?,12999.01,"$12,999.01",0.997,0.95,none,data/VizWiz/Images/val/VizWiz_val_00000903.jpg
vizwiz_val_000904,VizWiz,What does the caption say?,paypal,unanswerable,0.934,1.0,none,data/VizWiz/Images/val/VizWiz_val_00000904.jpg
vizwiz_val_000919,VizWiz,It is a box.,no,laptop,0.710,0.1,none,data/VizWiz/Images/val/VizWiz_val_00000919.jpg
vizwiz_val_000920,VizWiz,Please tell which screen I'm on? I'm trying to access the boot menu and I'm trying to boot from a US,please select boot device,boot menu,0.808,1.0,none,data/VizWiz/Images/val/VizWiz_val_00000920.jpg
vizwiz_val_000923,VizWiz,What is being displayed on my screen?,unanswerable,software installer,0.618,0.9,answerability,data/VizWiz/Images/val/VizWiz_val_00000923.jpg
vizwiz_val_000928,VizWiz,Yes I need to determine the word that is in this captcha image. Thank you.,wgtpv,wg1pv,0.770,0.9,none,data/VizWiz/Images/val/VizWiz_val_00000928.jpg
vizwiz_val_000930,VizWiz,"This is the display of a treadmill, can you tell me the distance in miles off the top display please",unanswerable,3.93,0.993,0.95,answerability,data/VizWiz/Images/val/VizWiz_val_00000930.jpg
vizwiz_val_000931,VizWiz,What's being displayed on my screen?,windows needs to restart to continue,windows restart,0.694,0.95,none,data/VizWiz/Images/val/VizWiz_val_00000931.jpg
vizwiz_val_000933,VizWiz,Number of counter.,unanswerable,00011420,0.912,0.9,answerability,data/VizWiz/Images/val/VizWiz_val_00000933.jpg
vizwiz_val_000935,VizWiz,Type of ticket is this. Is this a pick four or Carolina pick five?,carolina cash 5,carolina pick 5,0.947,0.9,none,data/VizWiz/Images/val/VizWiz_val_00000935.jpg
vizwiz_val_000936,VizWiz,What is this picture of?,instructions,instruction manual,0.901,0.95,none,data/VizWiz/Images/val/VizWiz_val_00000936.jpg
vizwiz_val_000937,VizWiz,What does this window say?,unanswerable,startup repair,0.997,0.95,answerability,data/VizWiz/Images/val/VizWiz_val_00000937.jpg
vizwiz_val_000938,VizWiz,Is is a box? Is it a box?,no,unanswerable,0.886,0.95,none,data/VizWiz/Images/val/VizWiz_val_00000938.jpg
vizwiz_val_000939,VizWiz,What is this item?,cd,earbuds,0.615,0.9,none,data/VizWiz/Images/val/VizWiz_val_00000939.jpg
vizwiz_val_000940,VizWiz,Can you tell me the color of the screen or if there's any writing on it?,blue green,"blue, writing",0.664,0.85,none,data/VizWiz/Images/val/VizWiz_val_00000940.jpg
vizwiz_val_000943,VizWiz,"Yes, I know this may not be possible, but I'd like a description of the chart that is in this image ",unanswerable,financial chart,0.828,0.9,answerability,data/VizWiz/Images/val/VizWiz_val_00000943.jpg
vizwiz_val_000946,VizWiz,What kind of system is this?,windows,desktop computer,0.954,0.95,none,data/VizWiz/Images/val/VizWiz_val_00000946.jpg
vizwiz_val_000951,VizWiz,I was wondering if you could read what was on the screen? I hope I got a good picture.,unanswerable,settings menu,0.522,0.85,answerability,data/VizWiz/Images/val/VizWiz_val_00000951.jpg
vizwiz_val_000957,VizWiz,"If you can see my computer screen, what does it look like and what does it say?",black screen,unanswerable,0.825,0.75,none,data/VizWiz/Images/val/VizWiz_val_00000957.jpg
vizwiz_val_000959,VizWiz,I'm trying to figure out if you could tell me what button to push.,lower right more on demand button maybe exit button,unanswerable,1.000,1.0,none,data/VizWiz/Images/val/VizWiz_val_00000959.jpg
vizwiz_val_000962,VizWiz,Where am I?,dunkin donuts baskin robbins,unanswerable,0.971,0.1,none,data/VizWiz/Images/val/VizWiz_val_00000962.jpg
vizwiz_val_000963,VizWiz,What's on the screen?,error message,startup repair,0.981,1.0,none,data/VizWiz/Images/val/VizWiz_val_00000963.jpg
vizwiz_val_000964,VizWiz,What is this capture?,was uctoft,captcha,0.849,1.0,none,data/VizWiz/Images/val/VizWiz_val_00000964.jpg
vizwiz_val_000967,VizWiz,What is that?,tv,television,0.794,0.95,none,data/VizWiz/Images/val/VizWiz_val_00000967.jpg
vizwiz_val_000972,VizWiz,Can you tell what type of Dell computer this is from this sticker? Is it a Dell 1012?,unanswerable,dell 1012,0.959,0.9,answerability,data/VizWiz/Images/val/VizWiz_val_00000972.jpg
vizwiz_val_000973,VizWiz,please read the counter.,02616272,27.2,0.794,0.9,none,data/VizWiz/Images/val/VizWiz_val_00000973.jpg
vizwiz_val_000975,VizWiz,What are key resources are managers for assisting with loss prevention?,unanswerable,sexual assault/prevention response program,0.842,0.95,answerability,data/VizWiz/Images/val/VizWiz_val_00000975.jpg
vizwiz_val_000977,VizWiz,what's this,computer screen,webpage,0.582,0.9,none,data/VizWiz/Images/val/VizWiz_val_00000977.jpg
vizwiz_val_000978,VizWiz,What is this?,card,transit ticket,0.833,0.95,none,data/VizWiz/Images/val/VizWiz_val_00000978.jpg
vizwiz_val_000980,VizWiz,What does it say on the screen?,unanswerable,attempting repairs,0.876,0.9,answerability,data/VizWiz/Images/val/VizWiz_val_00000980.jpg
vizwiz_val_000981,VizWiz,What is this?,google,computer screen,0.715,0.95,none,data/VizWiz/Images/val/VizWiz_val_00000981.jpg
vizwiz_val_000982,VizWiz,What is this?,essay,text excerpt,0.836,0.95,none,data/VizWiz/Images/val/VizWiz_val_00000982.jpg
vizwiz_val_000984,VizWiz,We need to know what is on the screen and which item is for driver signing.,unanswerable,signature enforcement,0.975,0.9,answerability,data/VizWiz/Images/val/VizWiz_val_00000984.jpg
vizwiz_val_000985,VizWiz,What is?,chex mix,snack bag,0.851,0.95,none,data/VizWiz/Images/val/VizWiz_val_00000985.jpg
vizwiz_val_000988,VizWiz,"Hi, can you read the serial number on this device, please. Thank you. Oh.",unanswerable,jbe5n04702582be,0.951,0.95,answerability,data/VizWiz/Images/val/VizWiz_val_00000988.jpg
vizwiz_val_000990,VizWiz,What is written on the display?,unanswerable,blue screen,0.682,1.0,answerability,data/VizWiz/Images/val/VizWiz_val_00000990.jpg
vizwiz_val_000991,VizWiz,Alright trying to see as much information about this sticker as possible.  It's on a piece of furnit,sears $249.99,unanswerable,0.971,0.2,none,data/VizWiz/Images/val/VizWiz_val_00000991.jpg
vizwiz_val_000997,VizWiz,"Yes this is a captcha image and I just need to know what the two words are, on the screen.",apsides,unanswerable,0.986,0.1,none,data/VizWiz/Images/val/VizWiz_val_00000997.jpg
vizwiz_val_001000,VizWiz,Is there a visible model number here?,no,unanswerable,0.999,0.95,none,data/VizWiz/Images/val/VizWiz_val_00001000.jpg
vizwiz_val_001001,VizWiz,Is there a shortcut key combination I can get to start the install?,unanswerable,no,0.653,0.9,answerability,data/VizWiz/Images/val/VizWiz_val_00001001.jpg
vizwiz_val_001003,VizWiz,How do you turn on spoken answers?,unanswerable,image does not provide information on how to turn on spoken answers,0.771,0.5,answerability,data/VizWiz/Images/val/VizWiz_val_00001003.jpg
vizwiz_val_001004,VizWiz,What is this,card,unanswerable,0.932,0.1,none,data/VizWiz/Images/val/VizWiz_val_00001004.jpg
vizwiz_val_001005,VizWiz,"What text is on my computer screen in this image, if any?",checking file system,week 4ng f11e system on c1 1s ntfs,0.816,0.75,none,data/VizWiz/Images/val/VizWiz_val_00001005.jpg
vizwiz_val_001009,VizWiz,describe the monitor,startup issue on hp computer,monitor screen,0.527,0.95,none,data/VizWiz/Images/val/VizWiz_val_00001009.jpg
vizwiz_val_001011,VizWiz,What does this say?,total was 15$ paid by visa,receipt details,0.878,0.95,none,data/VizWiz/Images/val/VizWiz_val_00001011.jpg
vizwiz_val_001014,VizWiz,What this is say,close program,check online,0.804,0.95,none,data/VizWiz/Images/val/VizWiz_val_00001014.jpg
vizwiz_val_001015,VizWiz,what is this?,computer screen,computer monitor,0.865,1.0,none,data/VizWiz/Images/val/VizWiz_val_00001015.jpg
vizwiz_val_001016,VizWiz,How much is this bill?,35.05,unanswerable,0.999,0.1,none,data/VizWiz/Images/val/VizWiz_val_00001016.jpg
vizwiz_val_001018,VizWiz,What is this?,office,wooden structure,0.572,0.9,none,data/VizWiz/Images/val/VizWiz_val_00001018.jpg
vizwiz_val_001021,VizWiz,Describe the picture,computer screen,laptop screen,0.980,0.95,none,data/VizWiz/Images/val/VizWiz_val_00001021.jpg
vizwiz_val_001023,VizWiz,Can you please identify what's on the computer screen for me please?,windows shut down error screen,blue screen,0.783,0.9,none,data/VizWiz/Images/val/VizWiz_val_00001023.jpg
vizwiz_val_001028,VizWiz,What exactly does it show on the screen?,unanswerable,windows update,0.715,0.95,answerability,data/VizWiz/Images/val/VizWiz_val_00001028.jpg
vizwiz_val_001032,VizWiz,Can you please describe in detail what is happening on the screen or what is on the screen? Thank yo,unanswerable,web browser,0.852,1.0,answerability,data/VizWiz/Images/val/VizWiz_val_00001032.jpg
vizwiz_val_001033,VizWiz,Is it a box?,no,unanswerable,0.913,0.95,none,data/VizWiz/Images/val/VizWiz_val_00001033.jpg
vizwiz_val_001036,VizWiz,Describe the picture.,left upper side computer image,tablet screen,0.942,0.9,none,data/VizWiz/Images/val/VizWiz_val_00001036.jpg
vizwiz_val_001037,VizWiz,What is the number of this building that I've just photographed?,unanswerable,3,1.000,0.95,answerability,data/VizWiz/Images/val/VizWiz_val_00001037.jpg
vizwiz_val_001038,VizWiz,Can you please tell me what the progress is on the screen?,almost done,installing 4 items,0.965,0.95,none,data/VizWiz/Images/val/VizWiz_val_00001038.jpg
vizwiz_val_001039,VizWiz,What is this?,2 water bottles,bottled water,0.842,1.0,none,data/VizWiz/Images/val/VizWiz_val_00001039.jpg
vizwiz_val_001040,VizWiz,"Could you tell me if there's an actual captcha code on the screen? And if there is, what does it say",no,unanswerable,1.000,1.0,none,data/VizWiz/Images/val/VizWiz_val_00001040.jpg
vizwiz_val_001041,VizWiz,What is this?,crutches,wooden frame,0.570,0.9,none,data/VizWiz/Images/val/VizWiz_val_00001041.jpg
vizwiz_val_001042,VizWiz,Which one of these cards is my slate card?,bottom card,unanswerable,0.872,0.9,none,data/VizWiz/Images/val/VizWiz_val_00001042.jpg
vizwiz_val_001043,VizWiz,What does the screen say?,do you want following program to make changes to this computer,do you want to allow following program to make changes to this computer?,0.953,1.0,none,data/VizWiz/Images/val/VizWiz_val_00001043.jpg
vizwiz_val_001044,VizWiz,What is this?,unanswerable,document,0.639,0.9,answerability,data/VizWiz/Images/val/VizWiz_val_00001044.jpg
vizwiz_val_001046,VizWiz,What are any of the words on this? What does any of this say?,notice pendency class action,unanswerable,0.745,0.9,none,data/VizWiz/Images/val/VizWiz_val_00001046.jpg
vizwiz_val_001047,VizWiz,This is a computer.,yes,computer,0.764,0.95,none,data/VizWiz/Images/val/VizWiz_val_00001047.jpg
vizwiz_val_001048,VizWiz,Is it chocolate?,no,unanswerable,1.000,1.0,none,data/VizWiz/Images/val/VizWiz_val_00001048.jpg
vizwiz_val_001049,VizWiz,Can you please read this menu to me.,unanswerable,sushi bar appetizers,0.977,,answerability,data/VizWiz/Images/val/VizWiz_val_00001049.jpg
vizwiz_val_001051,VizWiz,What is it?,computer,laptop screen,0.957,0.95,none,data/VizWiz/Images/val/VizWiz_val_00001051.jpg
vizwiz_val_001057,VizWiz,What is the picture?,app updates,app store,0.622,1.0,none,data/VizWiz/Images/val/VizWiz_val_00001057.jpg
vizwiz_val_001058,VizWiz,How much are the french fries?,small $1.29 large $1.99,$1.29/$1.99,0.995,1.0,none,data/VizWiz/Images/val/VizWiz_val_00001058.jpg
vizwiz_val_001060,VizWiz,Is it a fax? Is it a box?,no,unanswerable,0.985,0.1,none,data/VizWiz/Images/val/VizWiz_val_00001060.jpg
vizwiz_val_001061,VizWiz,What is this?,tablet,smartphone screen,0.625,1.0,none,data/VizWiz/Images/val/VizWiz_val_00001061.jpg
vizwiz_val_001063,VizWiz,Is it box?,no,yes,0.653,0.95,none,data/VizWiz/Images/val/VizWiz_val_00001063.jpg
vizwiz_val_001064,VizWiz,Is my computer at the login screen or is it still installing Windows? Thank you.,still installing,login screen,0.994,0.95,none,data/VizWiz/Images/val/VizWiz_val_00001064.jpg
vizwiz_val_001065,VizWiz,What does the screen say?,kings castle xx5c4 home 5662,get online now so you ca knows network name kings castle xx5c4 home-5662,0.930,1.0,none,data/VizWiz/Images/val/VizWiz_val_00001065.jpg
vizwiz_val_001067,VizWiz,What does the screen say?,unanswerable,bios menu,0.737,0.95,answerability,data/VizWiz/Images/val/VizWiz_val_00001067.jpg
vizwiz_val_001069,VizWiz,Hi can you tell me how far along the scan disk is now? Thanks.,unanswerable,stage 5,0.951,0.95,answerability,data/VizWiz/Images/val/VizWiz_val_00001069.jpg
vizwiz_val_001072,VizWiz,What does this say?,unanswerable,windows can't start because following file is missing or corrupt: \windows\system32\config\system,0.888,1.0,answerability,data/VizWiz/Images/val/VizWiz_val_00001072.jpg
vizwiz_val_001074,VizWiz,can you read anything on this?,no,unanswerable,0.985,0.1,none,data/VizWiz/Images/val/VizWiz_val_00001074.jpg
vizwiz_val_001075,VizWiz,What does my screen say?,attempting repairs,repairing system,0.834,0.95,none,data/VizWiz/Images/val/VizWiz_val_00001075.jpg
vizwiz_val_001078,VizWiz,I need to know what the image says so I can get this password reset.,pkrsf,pkrse,0.777,0.95,none,data/VizWiz/Images/val/VizWiz_val_00001078.jpg
vizwiz_val_001080,VizWiz,are you able to see the security on this for me?,essauryst,unanswerable,0.962,0.1,none,data/VizWiz/Images/val/VizWiz_val_00001080.jpg
vizwiz_val_001081,VizWiz,What is this?,laptop,leopard print,0.813,0.95,none,data/VizWiz/Images/val/VizWiz_val_00001081.jpg
vizwiz_val_001082,VizWiz,What picture did I take? And of what?,ipad,tablet screen,0.930,0.95,none,data/VizWiz/Images/val/VizWiz_val_00001082.jpg
vizwiz_val_001085,VizWiz,"What does it show on the screen?  If you can't tell me what it shows on the screen, then please tell",take closer less blurry picture,unanswerable,0.903,0.1,none,data/VizWiz/Images/val/VizWiz_val_00001085.jpg
vizwiz_val_001087,VizWiz,What is the computer screen showing?,restore,startup repair,0.989,1.0,none,data/VizWiz/Images/val/VizWiz_val_00001087.jpg
vizwiz_val_001091,VizWiz,Which best describes how igneous rocks are formed?,unanswerable,molten material,0.797,0.95,answerability,data/VizWiz/Images/val/VizWiz_val_00001091.jpg
vizwiz_val_001094,VizWiz,What is this,unanswerable,health warning,0.873,0.85,answerability,data/VizWiz/Images/val/VizWiz_val_00001094.jpg
vizwiz_val_001097,VizWiz,What are the chemical elements that form most of living biological matter?,unanswerable,"carbon, hydrogen",0.780,1.0,answerability,data/VizWiz/Images/val/VizWiz_val_00001097.jpg
vizwiz_val_001098,VizWiz,What does this say?,unanswerable,create group,0.912,0.9,answerability,data/VizWiz/Images/val/VizWiz_val_00001098.jpg
vizwiz_val_001100,VizWiz,What's the password in this image?,unanswerable,check www.superfreevpn.com,0.988,0.95,answerability,data/VizWiz/Images/val/VizWiz_val_00001100.jpg
vizwiz_val_001102,VizWiz,Do I have to hit anything? Any key combination to make it work?,unanswerable,next,0.567,0.8,answerability,data/VizWiz/Images/val/VizWiz_val_00001102.jpg
vizwiz_val_001107,VizWiz,"Okay, what does the error message say?",unanswerable,"this feature requires removable media, such as floppy disk or usb flash drive. please insert floppy disk or connect usb flash drive, and then try again",0.970,1.0,answerability,data/VizWiz/Images/val/VizWiz_val_00001107.jpg
vizwiz_val_001109,VizWiz,What does my screen say please.,nothing,unanswerable,0.869,0.1,none,data/VizWiz/Images/val/VizWiz_val_00001109.jpg
vizwiz_val_001110,VizWiz,What does this say please?,unanswerable,windows could not start because following file is missing or corrupt,0.883,1.0,answerability,data/VizWiz/Images/val/VizWiz_val_00001110.jpg
vizwiz_val_001111,VizWiz,Could you tell me what is on this laptop monitor? What's it showing?,unanswerable,setup screen,0.654,0.95,answerability,data/VizWiz/Images/val/VizWiz_val_00001111.jpg
vizwiz_val_001113,VizWiz,Can you tell me if there is anything written showing across the screen please?,yes,"failure, check cable",0.622,0.95,none,data/VizWiz/Images/val/VizWiz_val_00001113.jpg
vizwiz_val_001115,VizWiz,"Can you tell me what it shows on the screen now, if it gives any instructions on what I need to do? ",press tab to select tool,windows boot manager,0.868,1.0,none,data/VizWiz/Images/val/VizWiz_val_00001115.jpg
vizwiz_val_001118,VizWiz,What text is on my screen? Please,computer system information,unanswerable,0.733,0.85,none,data/VizWiz/Images/val/VizWiz_val_00001118.jpg
vizwiz_val_001119,VizWiz,What is this?,unanswerable,book page,0.625,0.9,answerability,data/VizWiz/Images/val/VizWiz_val_00001119.jpg
vizwiz_val_001120,VizWiz,Is it nuts?,no,unanswerable,0.998,0.1,none,data/VizWiz/Images/val/VizWiz_val_00001120.jpg
vizwiz_val_001123,VizWiz,What is written on the screen?,computer start up error page instructions,windows error,0.668,1.0,none,data/VizWiz/Images/val/VizWiz_val_00001123.jpg
vizwiz_val_001124,VizWiz,Who is this picture?,no 1,unanswerable,1.000,0.0,none,data/VizWiz/Images/val/VizWiz_val_00001124.jpg
vizwiz_val_001128,VizWiz,What's on my screen?,unanswerable,windows installation,0.670,0.85,answerability,data/VizWiz/Images/val/VizWiz_val_00001128.jpg
vizwiz_val_001130,VizWiz,What's on the screen?,restore computer button,startup repair,0.967,1.0,none,data/VizWiz/Images/val/VizWiz_val_00001130.jpg
vizwiz_val_001131,VizWiz,Can you tell me where I am?,city,unanswerable,0.898,0.1,none,data/VizWiz/Images/val/VizWiz_val_00001131.jpg
vizwiz_val_001134,VizWiz,What do you see on the screen? Thank you.,unanswerable,software update,0.778,0.85,answerability,data/VizWiz/Images/val/VizWiz_val_00001134.jpg
vizwiz_val_001136,VizWiz,"Hi I'm trying to solve this captcha, can you tell me what it says on the screen in the captcha thank",voczt,vqczt,0.570,0.95,none,data/VizWiz/Images/val/VizWiz_val_00001136.jpg
vizwiz_val_001137,VizWiz,What does this say?,unanswerable,notice,0.715,0.95,answerability,data/VizWiz/Images/val/VizWiz_val_00001137.jpg
vizwiz_val_001138,VizWiz,"Yes, this is a Google Satellite view, and I would like a specific description of this view if possib",unanswerable,urban area,0.879,0.95,answerability,data/VizWiz/Images/val/VizWiz_val_00001138.jpg
vizwiz_val_001139,VizWiz,What is this?,browser window on computer,computer screen,0.767,0.95,none,data/VizWiz/Images/val/VizWiz_val_00001139.jpg
vizwiz_val_001141,VizWiz,"Hopefully I should now be in the boot device selection screen.  Once again, which device is highligh",usb: usb disk pro,hdd: pm-st9250315as,0.946,1.0,none,data/VizWiz/Images/val/VizWiz_val_00001141.jpg
vizwiz_val_001142,VizWiz,Is this Windows installing or is it waiting for me to select something or answer a question?,unanswerable,waiting,0.620,0.85,answerability,data/VizWiz/Images/val/VizWiz_val_00001142.jpg
vizwiz_val_001143,VizWiz,what does the sky look like?,cloudy,overcast,0.872,1.0,none,data/VizWiz/Images/val/VizWiz_val_00001143.jpg
vizwiz_val_001144,VizWiz,Apple coffee number.,unanswerable,001-800-441-2904,0.995,0.95,answerability,data/VizWiz/Images/val/VizWiz_val_00001144.jpg
vizwiz_val_001146,VizWiz,I have one more question about the same image which is. Do you see something that says removable dri,no,usb drive,0.795,0.95,none,data/VizWiz/Images/val/VizWiz_val_00001146.jpg
vizwiz_val_001148,VizWiz,What menu is being displayed on the screen?,language,unanswerable,0.911,0.1,none,data/VizWiz/Images/val/VizWiz_val_00001148.jpg
vizwiz_val_001153,VizWiz,whats on the screen,windows 8,windows setup,0.906,0.95,none,data/VizWiz/Images/val/VizWiz_val_00001153.jpg
vizwiz_val_001154,VizWiz,"What is the captcha, please?",pabw24nd,pabw2nd,0.864,0.9,none,data/VizWiz/Images/val/VizWiz_val_00001154.jpg
vizwiz_val_001158,VizWiz,What's written here?,wed 3 10 12 10:05 am back in 10 mins,"wed 3/10/12, 10:05 am, back in 10 min",0.910,0.95,none,data/VizWiz/Images/val/VizWiz_val_00001158.jpg
vizwiz_val_001160,VizWiz,Do you see a model number anywhere on the face of this device?,no,unanswerable,1.000,0.95,none,data/VizWiz/Images/val/VizWiz_val_00001160.jpg
vizwiz_val_001164,VizWiz,What is this?,unanswerable,yellow surface,0.834,0.9,answerability,data/VizWiz/Images/val/VizWiz_val_00001164.jpg
vizwiz_val_001165,VizWiz,What is this?,person,unanswerable,0.888,0.1,none,data/VizWiz/Images/val/VizWiz_val_00001165.jpg
vizwiz_val_001166,VizWiz,What is this?,lotion,cosmetic tube,0.837,0.9,none,data/VizWiz/Images/val/VizWiz_val_00001166.jpg
vizwiz_val_001168,VizWiz,What is this?,bottle cap,coca-cola sticker,0.806,0.9,none,data/VizWiz/Images/val/VizWiz_val_00001168.jpg
vizwiz_val_001170,VizWiz,What kind of pastries are these?,cookies,scones,0.677,0.9,none,data/VizWiz/Images/val/VizWiz_val_00001170.jpg
vizwiz_val_001172,VizWiz,What is this?,stouffer fettuccini alfredo,pasta box,0.962,1.0,none,data/VizWiz/Images/val/VizWiz_val_00001172.jpg
vizwiz_val_001173,VizWiz,Please tell me the color of the jeans and the shirt and whether they match with each other.  Thank y,blue jeans shirt green white black stripes go together,"jeans: blue, shirt: green, match: yes",0.843,0.9,none,data/VizWiz/Images/val/VizWiz_val_00001173.jpg
vizwiz_val_001175,VizWiz,What's this picture?,television,unanswerable,0.853,0.9,none,data/VizWiz/Images/val/VizWiz_val_00001175.jpg
vizwiz_val_001177,VizWiz,What color is this shirt?,grey pink,brown,0.623,0.7,none,data/VizWiz/Images/val/VizWiz_val_00001177.jpg
vizwiz_val_001185,VizWiz,Can you please read to me what is shown on this display?,use washer dryer swipe card,use washer/dryer,0.972,1.0,none,data/VizWiz/Images/val/VizWiz_val_00001185.jpg
vizwiz_val_001186,VizWiz,What's in this can?,soup,creamy celery,0.742,0.95,none,data/VizWiz/Images/val/VizWiz_val_00001186.jpg
vizwiz_val_001189,VizWiz,What is this a picture of?What is this a picture of? A guy with a cane in his hand.,mans shirt pants,unanswerable,0.904,0.1,none,data/VizWiz/Images/val/VizWiz_val_00001189.jpg
vizwiz_val_001190,VizWiz,What soup is this?,tomato,unanswerable,0.986,0.1,none,data/VizWiz/Images/val/VizWiz_val_00001190.jpg
vizwiz_val_001191,VizWiz,What is the flavor of this chobani yogurt? Chobani is the brand not the flavor.,blood orange,peach,0.992,0.95,none,data/VizWiz/Images/val/VizWiz_val_00001191.jpg
vizwiz_val_001194,VizWiz,what is in this box?,frozen dinner,food,0.678,0.85,none,data/VizWiz/Images/val/VizWiz_val_00001194.jpg
vizwiz_val_001196,VizWiz,What is this?,dresser television on top,living room,0.979,0.9,none,data/VizWiz/Images/val/VizWiz_val_00001196.jpg
vizwiz_val_001197,VizWiz,What is in this box?,pain relief pm,pain relievers,0.796,0.95,none,data/VizWiz/Images/val/VizWiz_val_00001197.jpg
vizwiz_val_001204,VizWiz,What is this?,socks,legs,0.869,0.95,none,data/VizWiz/Images/val/VizWiz_val_00001204.jpg
vizwiz_val_001208,VizWiz,What video game is this?,football,madden nfl,0.730,0.9,none,data/VizWiz/Images/val/VizWiz_val_00001208.jpg
vizwiz_val_001209,VizWiz,What is this?,turkey dinner,frozen turkey,0.759,0.95,none,data/VizWiz/Images/val/VizWiz_val_00001209.jpg
vizwiz_val_001218,VizWiz,What's this picture of?,macbook pro,unanswerable,0.782,0.9,none,data/VizWiz/Images/val/VizWiz_val_00001218.jpg
vizwiz_val_001220,VizWiz,Could you please tell me what this fragrance is?  Thank you.,perfect strength,unanswerable,0.995,0.1,none,data/VizWiz/Images/val/VizWiz_val_00001220.jpg
vizwiz_val_001222,VizWiz,What do you see?,back car seat,unanswerable,0.856,0.1,none,data/VizWiz/Images/val/VizWiz_val_00001222.jpg
vizwiz_val_001224,VizWiz,Can you tell me what's in this jar please?,salad dressing,unanswerable,0.979,0.1,none,data/VizWiz/Images/val/VizWiz_val_00001224.jpg
vizwiz_val_001227,VizWiz,How can I work it?  How can I work it?,unanswerable,air conditioner,0.549,0.1,answerability,data/VizWiz/Images/val/VizWiz_val_00001227.jpg
vizwiz_val_001228,VizWiz,can you tell where the blackberry bushes in relation to the front door?,to left,in front,0.685,0.9,none,data/VizWiz/Images/val/VizWiz_val_00001228.jpg
vizwiz_val_001229,VizWiz,What do you see?,ground,forest floor,0.922,0.9,none,data/VizWiz/Images/val/VizWiz_val_00001229.jpg
vizwiz_val_001230,VizWiz,Which K cups contain coffee?,jet fuel,all,0.767,1.0,none,data/VizWiz/Images/val/VizWiz_val_00001230.jpg
vizwiz_val_001232,VizWiz,What is this?,medicine bottle,medication bottle,0.888,0.95,none,data/VizWiz/Images/val/VizWiz_val_00001232.jpg
vizwiz_val_001233,VizWiz,Speaker:  Can you please tell me the title of this book?  Thank you.,unanswerable,sonic materials in musical music,0.876,0.85,answerability,data/VizWiz/Images/val/VizWiz_val_00001233.jpg
vizwiz_val_001237,VizWiz,What kind of fish is this?,angel fish,clownfish,0.951,0.9,none,data/VizWiz/Images/val/VizWiz_val_00001237.jpg
vizwiz_val_001238,VizWiz,Please describe this picture.,man leaning,man in plaid,0.729,0.9,none,data/VizWiz/Images/val/VizWiz_val_00001238.jpg
vizwiz_val_001239,VizWiz,What is currently being displayed on my screen?,delete partition f3,disk utility,0.629,0.9,none,data/VizWiz/Images/val/VizWiz_val_00001239.jpg
vizwiz_val_001241,VizWiz,Is this an application for first time students or returning graduates?,first time students,unanswerable,0.997,1.0,none,data/VizWiz/Images/val/VizWiz_val_00001241.jpg
vizwiz_val_001246,VizWiz,What color is this shirt?,grey white,striped gray and white,0.837,0.9,none,data/VizWiz/Images/val/VizWiz_val_00001246.jpg
vizwiz_val_001247,VizWiz,When does this expire?,dec 28 2013,unanswerable,1.000,1.0,none,data/VizWiz/Images/val/VizWiz_val_00001247.jpg
vizwiz_val_001249,VizWiz,Please identify.,pill bottle,pain reliever,0.704,0.95,none,data/VizWiz/Images/val/VizWiz_val_00001249.jpg
vizwiz_val_001253,VizWiz,What is the picture?,group people,anime characters,0.674,0.9,none,data/VizWiz/Images/val/VizWiz_val_00001253.jpg
vizwiz_val_001258,VizWiz,What is this?,keyboard,speech synthesizer,0.853,0.95,none,data/VizWiz/Images/val/VizWiz_val_00001258.jpg
vizwiz_val_001260,VizWiz,I forgot to ask whether I have to punch holes in the top or I have to tear the top on this frozen di,tear,unanswerable,0.853,0.9,none,data/VizWiz/Images/val/VizWiz_val_00001260.jpg
vizwiz_val_001262,VizWiz,Can you tell me what kind of cereal this is please?,peanut butter toast crunch,buller,0.776,0.85,none,data/VizWiz/Images/val/VizWiz_val_00001262.jpg
vizwiz_val_001263,VizWiz,What is this?,gadget,action camera,0.647,0.9,none,data/VizWiz/Images/val/VizWiz_val_00001263.jpg
vizwiz_val_001264,VizWiz,what is the shape of this cookie cutter?,unanswerable,heart,0.857,0.95,answerability,data/VizWiz/Images/val/VizWiz_val_00001264.jpg
vizwiz_val_001265,VizWiz,Does the screen say anything?,no,unanswerable,0.976,0.5,none,data/VizWiz/Images/val/VizWiz_val_00001265.jpg
vizwiz_val_001266,VizWiz,What color is this?,blue white grey stripes,blue and white,0.919,0.9,none,data/VizWiz/Images/val/VizWiz_val_00001266.jpg
vizwiz_val_001269,VizWiz,What brand is this bag?,unanswerable,antler,0.866,0.95,answerability,data/VizWiz/Images/val/VizWiz_val_00001269.jpg
vizwiz_val_001270,VizWiz,What color is it?,silver,gray,0.714,0.95,none,data/VizWiz/Images/val/VizWiz_val_00001270.jpg
vizwiz_val_001271,VizWiz,what is this?,battery,electronic component,0.572,0.95,none,data/VizWiz/Images/val/VizWiz_val_00001271.jpg
vizwiz_val_001274,VizWiz,What kind of dog is this?,tan,unanswerable,0.741,0.6,none,data/VizWiz/Images/val/VizWiz_val_00001274.jpg
vizwiz_val_001277,VizWiz,What is this and which color is it?,purple jacket,purple hoodie,0.921,0.95,none,data/VizWiz/Images/val/VizWiz_val_00001277.jpg
vizwiz_val_001281,VizWiz,what does this say here what is this?,reminder to bring medication,reminder sign,0.685,0.95,none,data/VizWiz/Images/val/VizWiz_val_00001281.jpg
vizwiz_val_001283,VizWiz,Can you tell me what the picture is on the front of this shirt?,christmas tree,santa tree,0.912,0.95,none,data/VizWiz/Images/val/VizWiz_val_00001283.jpg
vizwiz_val_001286,VizWiz,What are these?,shoes,sneakers,0.890,0.95,none,data/VizWiz/Images/val/VizWiz_val_00001286.jpg
vizwiz_val_001288,VizWiz,What does this tee shirt look like?,unanswerable,floral print,0.701,0.1,answerability,data/VizWiz/Images/val/VizWiz_val_00001288.jpg
vizwiz_val_001292,VizWiz,"I know this is Marie Callendar's and I know it's frozen, could you please tell me what kind of dinne",beef green beans carrots potatoes,chili,0.848,0.85,none,data/VizWiz/Images/val/VizWiz_val_00001292.jpg
vizwiz_val_001296,VizWiz,Who is it?,i dont know,unanswerable,0.993,1.0,none,data/VizWiz/Images/val/VizWiz_val_00001296.jpg
vizwiz_val_001299,VizWiz,What color is the shirt I'm wearing?,blackbluelight blue brown flannel,blue plaid,0.800,0.75,none,data/VizWiz/Images/val/VizWiz_val_00001299.jpg
vizwiz_val_001300,VizWiz,What does this say?,nothing,unanswerable,1.000,1.0,none,data/VizWiz/Images/val/VizWiz_val_00001300.jpg
vizwiz_val_001301,VizWiz,What is this?,jacobs,jacob's,0.540,0.95,none,data/VizWiz/Images/val/VizWiz_val_00001301.jpg
vizwiz_val_001304,VizWiz,What is this a model of?,bottle,unanswerable,0.869,0.1,none,data/VizWiz/Images/val/VizWiz_val_00001304.jpg
vizwiz_val_001305,VizWiz,Who's going to win the game?,number 8,unanswerable,1.000,1.0,none,data/VizWiz/Images/val/VizWiz_val_00001305.jpg
vizwiz_val_001306,VizWiz,What color is this?,grey,gray,0.931,0.9,none,data/VizWiz/Images/val/VizWiz_val_00001306.jpg
vizwiz_val_001307,VizWiz,What kind of soda is this? It didn't work.,cola,root beer,0.786,0.9,none,data/VizWiz/Images/val/VizWiz_val_00001307.jpg
vizwiz_val_001310,VizWiz,What voltage and wattage are on this power supply?,100 127v 200 240v,"240v, 35w",0.872,0.85,none,data/VizWiz/Images/val/VizWiz_val_00001310.jpg
vizwiz_val_001311,VizWiz,What color is this?,white purple flowers,cream and green,0.769,0.95,none,data/VizWiz/Images/val/VizWiz_val_00001311.jpg
vizwiz_val_001314,VizWiz,Where is the printer?,on table,on desk,0.897,1.0,none,data/VizWiz/Images/val/VizWiz_val_00001314.jpg
vizwiz_val_001319,VizWiz,Can you tell what this item is?,garden retreat,book cover,0.571,0.85,none,data/VizWiz/Images/val/VizWiz_val_00001319.jpg
vizwiz_val_001320,VizWiz,What is this?,small container,small box,0.517,0.7,none,data/VizWiz/Images/val/VizWiz_val_00001320.jpg
vizwiz_val_001321,VizWiz,What this? What's this marker?,blue,sunglasses,0.679,0.95,none,data/VizWiz/Images/val/VizWiz_val_00001321.jpg
vizwiz_val_001323,VizWiz,What is this?,unanswerable,safety clip,0.509,0.95,answerability,data/VizWiz/Images/val/VizWiz_val_00001323.jpg
vizwiz_val_001324,VizWiz,What does this look like?,flower patterned fabric,colorful fabric,0.648,0.95,none,data/VizWiz/Images/val/VizWiz_val_00001324.jpg
vizwiz_val_001325,VizWiz,what is this?,cookies,savoiardi,0.879,0.95,none,data/VizWiz/Images/val/VizWiz_val_00001325.jpg
vizwiz_val_001326,VizWiz,Who is answering my question?,human,unanswerable,0.996,1.0,none,data/VizWiz/Images/val/VizWiz_val_00001326.jpg
vizwiz_val_001331,VizWiz,"Is there anything on this tin that could help me identify the name of it, the brand or anything?",no,unanswerable,0.939,0.1,none,data/VizWiz/Images/val/VizWiz_val_00001331.jpg
vizwiz_val_001335,VizWiz,What is this?,condom wrapper,unanswerable,0.854,0.1,none,data/VizWiz/Images/val/VizWiz_val_00001335.jpg
vizwiz_val_001338,VizWiz,what flavor is this?,mango,unanswerable,1.000,1.0,none,data/VizWiz/Images/val/VizWiz_val_00001338.jpg
vizwiz_val_001340,VizWiz,Hope my finger wasn't in the way but did it get the message this time?,unanswerable,create text,0.902,0.95,answerability,data/VizWiz/Images/val/VizWiz_val_00001340.jpg
vizwiz_val_001342,VizWiz,What button is Mountain Dew?,5,mountain dew,0.947,0.9,none,data/VizWiz/Images/val/VizWiz_val_00001342.jpg
vizwiz_val_001343,VizWiz,What is this?,1 dollar bill,us dollar,0.637,0.95,none,data/VizWiz/Images/val/VizWiz_val_00001343.jpg
vizwiz_val_001347,VizWiz,What logo is on this t-shirt?,star,unanswerable,0.879,0.3,none,data/VizWiz/Images/val/VizWiz_val_00001347.jpg
vizwiz_val_001350,VizWiz,Is this regular or decaffeinated coffee?,regular,unanswerable,0.999,0.1,none,data/VizWiz/Images/val/VizWiz_val_00001350.jpg
vizwiz_val_001351,VizWiz,What is this?,candy,strawberry decoration,0.710,0.95,none,data/VizWiz/Images/val/VizWiz_val_00001351.jpg
vizwiz_val_001352,VizWiz,What kind of soup is this?,yogurt,unanswerable,0.998,0.1,none,data/VizWiz/Images/val/VizWiz_val_00001352.jpg
vizwiz_val_001353,VizWiz,What color is this?,grey,gray,0.930,0.95,none,data/VizWiz/Images/val/VizWiz_val_00001353.jpg
vizwiz_val_001355,VizWiz,checked what color is it? alright got it on.,black,brown,0.795,0.85,none,data/VizWiz/Images/val/VizWiz_val_00001355.jpg
vizwiz_val_001360,VizWiz,What is this?,unanswerable,canned food,0.890,0.9,answerability,data/VizWiz/Images/val/VizWiz_val_00001360.jpg
vizwiz_val_001363,VizWiz,Can you read anything on this label?,yes,anti-gravity slippers,0.907,0.95,none,data/VizWiz/Images/val/VizWiz_val_00001363.jpg
vizwiz_val_001364,VizWiz,Could you please identify this object?,unanswerable,cleaning product,0.768,0.9,answerability,data/VizWiz/Images/val/VizWiz_val_00001364.jpg
vizwiz_val_001365,VizWiz,What is this box?,unanswerable,menu,0.670,0.9,answerability,data/VizWiz/Images/val/VizWiz_val_00001365.jpg
vizwiz_val_001366,VizWiz,What is the frequency in the display?,90,unanswerable,0.992,0.1,none,data/VizWiz/Images/val/VizWiz_val_00001366.jpg
vizwiz_val_001368,VizWiz,Can you see the fragrance on this bottle of Freebeze?,no,unanswerable,0.998,0.5,none,data/VizWiz/Images/val/VizWiz_val_00001368.jpg
vizwiz_val_001369,VizWiz,"Hey, could you tell me what kind of bottle this is?",plastic,unanswerable,0.801,0.2,none,data/VizWiz/Images/val/VizWiz_val_00001369.jpg
vizwiz_val_001373,VizWiz,What is this?,lego toy,lego minifigure,0.862,0.95,none,data/VizWiz/Images/val/VizWiz_val_00001373.jpg
vizwiz_val_001375,VizWiz,Can you read this?,yes,important information,0.854,0.95,none,data/VizWiz/Images/val/VizWiz_val_00001375.jpg
vizwiz_val_001376,VizWiz,What is this book called?,everythings amazing,tom gates,0.852,0.95,none,data/VizWiz/Images/val/VizWiz_val_00001376.jpg
vizwiz_val_001379,VizWiz,What flavor of Spark is this?,pink lemonade,unanswerable,0.993,0.1,none,data/VizWiz/Images/val/VizWiz_val_00001379.jpg
vizwiz_val_001381,VizWiz,"Is there a chest piece in this picture? If so, where?",no,"yes, left",0.775,0.9,none,data/VizWiz/Images/val/VizWiz_val_00001381.jpg
vizwiz_val_001383,VizWiz,Can you tell me which of these cans is salmon and which is the tuna?,yes,pink salmon,0.915,0.95,none,data/VizWiz/Images/val/VizWiz_val_00001383.jpg
vizwiz_val_001387,VizWiz,What does this card say?,$150 gift card,$150 is yours,0.920,1.0,none,data/VizWiz/Images/val/VizWiz_val_00001387.jpg
vizwiz_val_001390,VizWiz,please describe what this is or state any writing that's on it.,unanswerable,error screen,0.504,0.85,answerability,data/VizWiz/Images/val/VizWiz_val_00001390.jpg
vizwiz_val_001391,VizWiz,What is this?,printer,vending machine,0.715,0.95,none,data/VizWiz/Images/val/VizWiz_val_00001391.jpg
vizwiz_val_001395,VizWiz,What is on this shelf?,beer,unanswerable,0.889,0.1,none,data/VizWiz/Images/val/VizWiz_val_00001395.jpg
vizwiz_val_001397,VizWiz,What is this object?,tv remote,remote control,0.998,0.9,none,data/VizWiz/Images/val/VizWiz_val_00001397.jpg
vizwiz_val_001404,VizWiz,What's in this can?,unanswerable,beans,0.922,0.85,answerability,data/VizWiz/Images/val/VizWiz_val_00001404.jpg
vizwiz_val_001410,VizWiz,"Hi do the sheets that are directly behind the, do the top sheets directly behind each respective fit",no,unanswerable,0.989,0.1,none,data/VizWiz/Images/val/VizWiz_val_00001410.jpg
vizwiz_val_001411,VizWiz,What does this show?,rings,ring on finger,0.659,0.95,none,data/VizWiz/Images/val/VizWiz_val_00001411.jpg
vizwiz_val_001412,VizWiz,What is that?,robe,plaid fabric,0.786,0.95,none,data/VizWiz/Images/val/VizWiz_val_00001412.jpg
vizwiz_val_001413,VizWiz,What kind of cookies are these?,double stuff oreo,double stuf oreos,0.843,0.95,none,data/VizWiz/Images/val/VizWiz_val_00001413.jpg
vizwiz_val_001414,VizWiz,What is this?,unanswerable,gradient background,0.716,1.0,answerability,data/VizWiz/Images/val/VizWiz_val_00001414.jpg
vizwiz_val_001416,VizWiz,Describe this item.,bath shower gel,mango papaya bath & shower,0.813,0.95,none,data/VizWiz/Images/val/VizWiz_val_00001416.jpg
vizwiz_val_001417,VizWiz,What is this?,fragrance,perfume box,0.776,0.95,none,data/VizWiz/Images/val/VizWiz_val_00001417.jpg
vizwiz_val_001418,VizWiz,What is on this Captcha please?,d8kk,d&k,0.944,0.95,none,data/VizWiz/Images/val/VizWiz_val_00001418.jpg
vizwiz_val_001424,VizWiz,Please describe this gift card,bath body works,bath works,0.921,0.95,none,data/VizWiz/Images/val/VizWiz_val_00001424.jpg
vizwiz_val_001425,VizWiz,What's this?,chair,outdoor area,0.649,0.9,none,data/VizWiz/Images/val/VizWiz_val_00001425.jpg
vizwiz_val_001426,VizWiz,What is this bottle?,spot shot,carpet cleaner,0.850,0.95,none,data/VizWiz/Images/val/VizWiz_val_00001426.jpg
vizwiz_val_001428,VizWiz,What flavor is this?,dark chocolate peanut almond,"dark chocolate, peanut & almond",0.957,1.0,none,data/VizWiz/Images/val/VizWiz_val_00001428.jpg
vizwiz_val_001434,VizWiz,Can you see the model of this tablet device?,cyberpad,unanswerable,0.905,0.3,none,data/VizWiz/Images/val/VizWiz_val_00001434.jpg
vizwiz_val_001436,VizWiz,What is this? Is it accurate of a picture of my phone? Thank you.,unanswerable,tile floor,0.735,0.95,answerability,data/VizWiz/Images/val/VizWiz_val_00001436.jpg
vizwiz_val_001437,VizWiz,What is this?,football,plush toy,0.872,0.9,none,data/VizWiz/Images/val/VizWiz_val_00001437.jpg
vizwiz_val_001439,VizWiz,Has the formatting finished?,no,unanswerable,0.976,0.5,none,data/VizWiz/Images/val/VizWiz_val_00001439.jpg
vizwiz_val_001440,VizWiz,What color are the three wires from left to right?,red black white,"red, black, white",0.998,0.95,none,data/VizWiz/Images/val/VizWiz_val_00001440.jpg
vizwiz_val_001443,VizWiz,what's in the picture?,coffee table,furniture,0.539,0.9,none,data/VizWiz/Images/val/VizWiz_val_00001443.jpg
vizwiz_val_001448,VizWiz,What kind of soda is this?,cherry coca cola,coca-cola,0.999,0.95,none,data/VizWiz/Images/val/VizWiz_val_00001448.jpg
vizwiz_val_001450,VizWiz,Does this temperature read 375 degrees? Thank you.,no,yes,0.706,0.9,none,data/VizWiz/Images/val/VizWiz_val_00001450.jpg
vizwiz_val_001453,VizWiz,Can you see what the saying is?,yes,unanswerable,0.851,0.95,none,data/VizWiz/Images/val/VizWiz_val_00001453.jpg
vizwiz_val_001454,VizWiz,Is this on air or dehumidifier?,unanswerable,dehumidifier,0.935,0.75,answerability,data/VizWiz/Images/val/VizWiz_val_00001454.jpg
vizwiz_val_001456,VizWiz,Can you see anything about these articles of clothing that does not match?,no,unanswerable,0.990,0.5,none,data/VizWiz/Images/val/VizWiz_val_00001456.jpg
vizwiz_val_001457,VizWiz,What is this?,hook,door handle,0.947,0.9,none,data/VizWiz/Images/val/VizWiz_val_00001457.jpg
vizwiz_val_001459,VizWiz,What color jewelry should I wear with this outfit?,silver,unanswerable,0.986,0.4,none,data/VizWiz/Images/val/VizWiz_val_00001459.jpg
vizwiz_val_001460,VizWiz,What kind of coffee is this?,hazelnut,velouté,0.784,0.95,none,data/VizWiz/Images/val/VizWiz_val_00001460.jpg
vizwiz_val_001465,VizWiz,Is this shirt on the right side?,yes,unanswerable,0.993,0.5,none,data/VizWiz/Images/val/VizWiz_val_00001465.jpg
vizwiz_val_001468,VizWiz,What is this shirt look like,yellow logo on black,yellow and purple,0.848,0.8,none,data/VizWiz/Images/val/VizWiz_val_00001468.jpg
vizwiz_val_001469,VizWiz,What is this?,mini chips ahoy,snack food,0.877,0.95,none,data/VizWiz/Images/val/VizWiz_val_00001469.jpg
vizwiz_val_001470,VizWiz,What is this?,smart water,water bottle,0.985,1.0,none,data/VizWiz/Images/val/VizWiz_val_00001470.jpg
vizwiz_val_001471,VizWiz,What does this knob say?,white colors,whites and colors,0.881,0.95,none,data/VizWiz/Images/val/VizWiz_val_00001471.jpg
vizwiz_val_001473,VizWiz,what is in this picture?,refrigerator,unanswerable,0.784,0.85,none,data/VizWiz/Images/val/VizWiz_val_00001473.jpg
vizwiz_val_001475,VizWiz,Is it a sofa or a table?,table,unanswerable,0.999,0.1,none,data/VizWiz/Images/val/VizWiz_val_00001475.jpg
vizwiz_val_001477,VizWiz,Can you tell what's on this menu?,no,breakfast menu,0.818,0.85,none,data/VizWiz/Images/val/VizWiz_val_00001477.jpg
vizwiz_val_001480,VizWiz,What is this?,hand,unanswerable,0.984,0.1,none,data/VizWiz/Images/val/VizWiz_val_00001480.jpg
vizwiz_val_001482,VizWiz,What is this?,iphone,smartphone box,0.582,0.9,none,data/VizWiz/Images/val/VizWiz_val_00001482.jpg
vizwiz_val_001484,VizWiz,Can you please tell me what each brand is--left and right?,dove lady speed stick,left: dove,0.992,1.0,none,data/VizWiz/Images/val/VizWiz_val_00001484.jpg
vizwiz_val_001486,VizWiz,Can you tell me what kind of phone this is?,lg,unanswerable,0.998,0.1,none,data/VizWiz/Images/val/VizWiz_val_00001486.jpg
vizwiz_val_001490,VizWiz,What movie is this?,abba,unanswerable,0.998,0.1,none,data/VizWiz/Images/val/VizWiz_val_00001490.jpg
vizwiz_val_001496,VizWiz,What color is this?,grey,gray,0.877,0.95,none,data/VizWiz/Images/val/VizWiz_val_00001496.jpg
vizwiz_val_001497,VizWiz,What is this?,butter knife,spoon,0.842,0.95,none,data/VizWiz/Images/val/VizWiz_val_00001497.jpg
vizwiz_val_001498,VizWiz,What is this?,blackberry cell phone,smartphone,0.909,0.9,none,data/VizWiz/Images/val/VizWiz_val_00001498.jpg
vizwiz_val_001500,VizWiz,This is an advertisement?,no,unanswerable,0.871,0.8,none,data/VizWiz/Images/val/VizWiz_val_00001500.jpg
vizwiz_val_001501,VizWiz,Can you see what it says on the screen?,no,phone receiver,0.826,0.85,none,data/VizWiz/Images/val/VizWiz_val_00001501.jpg
vizwiz_val_001503,VizWiz,"Hi, can you tell me what color this t-shirt is, please?",white,light green,0.994,0.95,none,data/VizWiz/Images/val/VizWiz_val_00001503.jpg
vizwiz_val_001506,VizWiz,What type of key?,ginger peach,unanswerable,0.999,1.0,none,data/VizWiz/Images/val/VizWiz_val_00001506.jpg
vizwiz_val_001507,VizWiz,What color is this shirt please?,grey,blue,0.825,0.95,none,data/VizWiz/Images/val/VizWiz_val_00001507.jpg
vizwiz_val_001508,VizWiz,What kind of seasoning is this?,ground thyme,unanswerable,0.936,0.3,none,data/VizWiz/Images/val/VizWiz_val_00001508.jpg
vizwiz_val_001509,VizWiz,What's in this image?,applying user settings,laptop screen,0.922,0.95,none,data/VizWiz/Images/val/VizWiz_val_00001509.jpg
vizwiz_val_001510,VizWiz,In this box.,only see yellow,unanswerable,0.994,0.1,none,data/VizWiz/Images/val/VizWiz_val_00001510.jpg
vizwiz_val_001511,VizWiz,What is this?,unanswerable,spray can,0.632,0.9,answerability,data/VizWiz/Images/val/VizWiz_val_00001511.jpg
vizwiz_val_001516,VizWiz,What kind of soda is this?,lemon lime,star sprites,0.912,0.95,none,data/VizWiz/Images/val/VizWiz_val_00001516.jpg
vizwiz_val_001517,VizWiz,What is this?,hershey,bag of food,0.598,0.75,none,data/VizWiz/Images/val/VizWiz_val_00001517.jpg
vizwiz_val_001521,VizWiz,Is that a paper?,no,unanswerable,0.927,0.5,none,data/VizWiz/Images/val/VizWiz_val_00001521.jpg
vizwiz_val_001526,VizWiz,What is this?,pears,nutrition label,0.832,0.95,none,data/VizWiz/Images/val/VizWiz_val_00001526.jpg
vizwiz_val_001528,VizWiz,"This is the display of the treadmill, can you tell me the distance of the top display please?",unanswerable,3.31,0.972,0.9,answerability,data/VizWiz/Images/val/VizWiz_val_00001528.jpg
vizwiz_val_001530,VizWiz,Can you tell me if this cat is cute?,yes,unanswerable,0.811,0.9,none,data/VizWiz/Images/val/VizWiz_val_00001530.jpg
vizwiz_val_001532,VizWiz,Who is the fifth president and who is on the six dollar bill?,abraham lincoln,unanswerable,0.803,0.9,none,data/VizWiz/Images/val/VizWiz_val_00001532.jpg
vizwiz_val_001535,VizWiz,Are these bad for me?,yes,unanswerable,1.000,1.0,none,data/VizWiz/Images/val/VizWiz_val_00001535.jpg
vizwiz_val_001536,VizWiz,What is in this can?,pineapple chunks,unanswerable,0.983,0.1,none,data/VizWiz/Images/val/VizWiz_val_00001536.jpg
vizwiz_val_001537,VizWiz,What is on my screen?,greek alphabet,alphabet chart,0.830,0.95,none,data/VizWiz/Images/val/VizWiz_val_00001537.jpg
vizwiz_val_001538,VizWiz,What is this item?,unanswerable,box,0.576,0.95,answerability,data/VizWiz/Images/val/VizWiz_val_00001538.jpg
vizwiz_val_001540,VizWiz,What is this?,diet coke,coca-cola can,0.881,0.9,none,data/VizWiz/Images/val/VizWiz_val_00001540.jpg
vizwiz_val_001541,VizWiz,what color is this?,grey,gray,0.908,0.95,none,data/VizWiz/Images/val/VizWiz_val_00001541.jpg
vizwiz_val_001543,VizWiz,What is that building?,unanswerable,commercial building,0.970,0.8,answerability,data/VizWiz/Images/val/VizWiz_val_00001543.jpg
vizwiz_val_001544,VizWiz,"Hi, can you please tell me what flavor this is?",no,unanswerable,0.899,0.1,none,data/VizWiz/Images/val/VizWiz_val_00001544.jpg
vizwiz_val_001547,VizWiz,What is this picture about?,2 animals hugging each other in front pink heart very blurry,cat and dog,0.533,0.9,none,data/VizWiz/Images/val/VizWiz_val_00001547.jpg
vizwiz_val_001548,VizWiz,What is this?,wooden letters spelling star,wall decor,0.716,0.95,none,data/VizWiz/Images/val/VizWiz_val_00001548.jpg
vizwiz_val_001551,VizWiz,"What is the name of this product, and what weight is it please?",nivea creme,unanswerable,0.864,0.6,none,data/VizWiz/Images/val/VizWiz_val_00001551.jpg
vizwiz_val_001553,VizWiz,Can you tell me what kind of chips these are?,cheetos,unanswerable,0.998,0.1,none,data/VizWiz/Images/val/VizWiz_val_00001553.jpg
vizwiz_val_001554,VizWiz,Is this enough V8 juice?,yes,unanswerable,0.956,1.0,none,data/VizWiz/Images/val/VizWiz_val_00001554.jpg
vizwiz_val_001555,VizWiz,Is this Life is Beautiful?,no,unanswerable,1.000,0.1,none,data/VizWiz/Images/val/VizWiz_val_00001555.jpg
vizwiz_val_001556,VizWiz,What color is this shirt?,tan,brown,0.976,0.9,none,data/VizWiz/Images/val/VizWiz_val_00001556.jpg
vizwiz_val_001557,VizWiz,What's this picture about?,shelves,bookshelf contents,0.606,0.9,none,data/VizWiz/Images/val/VizWiz_val_00001557.jpg
vizwiz_val_001558,VizWiz,What color is my cap?,brown,unanswerable,0.999,1.0,none,data/VizWiz/Images/val/VizWiz_val_00001558.jpg
vizwiz_val_001559,VizWiz,What is this can?,unanswerable,diced tomatoes,0.927,0.9,answerability,data/VizWiz/Images/val/VizWiz_val_00001559.jpg
vizwiz_val_001563,VizWiz,What's this?,hair pin,spring,0.876,0.9,none,data/VizWiz/Images/val/VizWiz_val_00001563.jpg
vizwiz_val_001564,VizWiz,what kinda soda is this?,mtn dew,mountain dew,0.990,1.0,none,data/VizWiz/Images/val/VizWiz_val_00001564.jpg
vizwiz_val_001567,VizWiz,What color is my shirt and necklace?,pink silver,shirt: pink,0.866,0.95,none,data/VizWiz/Images/val/VizWiz_val_00001567.jpg
vizwiz_val_001568,VizWiz,What is this?,unanswerable,canned beans,0.861,0.95,answerability,data/VizWiz/Images/val/VizWiz_val_00001568.jpg
vizwiz_val_001569,VizWiz,What is this?,unanswerable,receipt,0.503,0.9,answerability,data/VizWiz/Images/val/VizWiz_val_00001569.jpg
vizwiz_val_001570,VizWiz,What is this?,vitamins,supplement bottle,0.822,0.95,none,data/VizWiz/Images/val/VizWiz_val_00001570.jpg
vizwiz_val_001571,VizWiz,What color is it?,grey,gray,0.865,0.95,none,data/VizWiz/Images/val/VizWiz_val_00001571.jpg
vizwiz_val_001572,VizWiz,Which chocolate bar is it? Snickers or Mars?,mars,snickers,0.993,0.75,none,data/VizWiz/Images/val/VizWiz_val_00001572.jpg
vizwiz_val_001573,VizWiz,What is this?,cup milk,mug,0.972,1.0,none,data/VizWiz/Images/val/VizWiz_val_00001573.jpg
vizwiz_val_001575,VizWiz,"Whats this shirt look like, thanks?",tie dye,floral print,0.863,0.9,none,data/VizWiz/Images/val/VizWiz_val_00001575.jpg
vizwiz_val_001579,VizWiz,Can you tell me what this is?,book,flashcards,0.781,0.95,none,data/VizWiz/Images/val/VizWiz_val_00001579.jpg
vizwiz_val_001580,VizWiz,What is this?,massage bar,orange bar,0.793,0.9,none,data/VizWiz/Images/val/VizWiz_val_00001580.jpg
vizwiz_val_001581,VizWiz,What is in this bottle?,ubiquinol qh absorb,co-q10,0.920,0.95,none,data/VizWiz/Images/val/VizWiz_val_00001581.jpg
vizwiz_val_001586,VizWiz,Which packet contains plain flower?,red white 1,packet,0.548,1.0,none,data/VizWiz/Images/val/VizWiz_val_00001586.jpg
vizwiz_val_001587,VizWiz,For how long do I cook this in the microwave?,9 minutes,unanswerable,0.997,0.1,none,data/VizWiz/Images/val/VizWiz_val_00001587.jpg
vizwiz_val_001589,VizWiz,Can you tell me if there are any photos on the CD cover and if so can you give me a description of t,photo billy joel on stage piano,"yes, concert",0.873,0.9,none,data/VizWiz/Images/val/VizWiz_val_00001589.jpg
vizwiz_val_001590,VizWiz,What is this title?,3 degrees,master,0.696,0.95,none,data/VizWiz/Images/val/VizWiz_val_00001590.jpg
vizwiz_val_001595,VizWiz,What is on this page?,factory direct sales ad,saucer flyer,0.557,0.9,none,data/VizWiz/Images/val/VizWiz_val_00001595.jpg
vizwiz_val_001596,VizWiz,what color is this haircut?,orange,unanswerable,1.000,1.0,none,data/VizWiz/Images/val/VizWiz_val_00001596.jpg
vizwiz_val_001598,VizWiz,what is the name of the product in the can in the picture?,lysol,new scent,0.857,0.75,none,data/VizWiz/Images/val/VizWiz_val_00001598.jpg
vizwiz_val_001600,VizWiz,What sent?,sage sweet grass,scentsy product,0.808,1.0,none,data/VizWiz/Images/val/VizWiz_val_00001600.jpg
vizwiz_val_001602,VizWiz,What is this?,bologna,unanswerable,0.962,0.1,none,data/VizWiz/Images/val/VizWiz_val_00001602.jpg
vizwiz_val_001603,VizWiz,what kind of pee is this?,sleepytime herbal tea,unanswerable,1.000,1.0,none,data/VizWiz/Images/val/VizWiz_val_00001603.jpg
vizwiz_val_001605,VizWiz,What kind of chips are these?,doritos,unanswerable,1.000,0.1,none,data/VizWiz/Images/val/VizWiz_val_00001605.jpg
vizwiz_val_001608,VizWiz,What is it?,cork,coin,0.948,0.95,none,data/VizWiz/Images/val/VizWiz_val_00001608.jpg
vizwiz_val_001610,VizWiz,What is this?,dove rich nourishment cream,dove cream,0.996,0.95,none,data/VizWiz/Images/val/VizWiz_val_00001610.jpg
vizwiz_val_001615,VizWiz,What's going on on the screen?,windows logo,light flares,0.813,0.95,none,data/VizWiz/Images/val/VizWiz_val_00001615.jpg
vizwiz_val_001618,VizWiz,What color is this?,grey,gray,0.874,0.9,none,data/VizWiz/Images/val/VizWiz_val_00001618.jpg
vizwiz_val_001623,VizWiz,What do you say?,yuck,unanswerable,0.814,0.95,none,data/VizWiz/Images/val/VizWiz_val_00001623.jpg
vizwiz_val_001625,VizWiz,What's this?,unanswerable,star,0.780,0.95,answerability,data/VizWiz/Images/val/VizWiz_val_00001625.jpg
vizwiz_val_001628,VizWiz,What color is this and what is it?,grey black michael kors handbag,beige handbag,0.819,0.95,none,data/VizWiz/Images/val/VizWiz_val_00001628.jpg
vizwiz_val_001633,VizWiz,"Hi, hopefully this is a better picture and right way up. Can you please tell me what the cooking ins",unanswerable,pan fry,0.532,0.9,answerability,data/VizWiz/Images/val/VizWiz_val_00001633.jpg
vizwiz_val_001638,VizWiz,What is this can?,tomatoes,tomato sauce,0.882,0.9,none,data/VizWiz/Images/val/VizWiz_val_00001638.jpg
vizwiz_val_001640,VizWiz,What is my computer screen showing?,system error,windows recovery,0.798,0.95,none,data/VizWiz/Images/val/VizWiz_val_00001640.jpg
vizwiz_val_001644,VizWiz,What does this say?,unanswerable,notice,0.682,0.95,answerability,data/VizWiz/Images/val/VizWiz_val_00001644.jpg
vizwiz_val_001649,VizWiz,Can you tell me what's written on this card?,7259 7694,$7259,0.935,0.95,none,data/VizWiz/Images/val/VizWiz_val_00001649.jpg
vizwiz_val_001651,VizWiz,I know but what color?,white,unanswerable,0.893,0.9,none,data/VizWiz/Images/val/VizWiz_val_00001651.jpg
vizwiz_val_001652,VizWiz,What is this bottle?,shampoo,tresemmé,0.936,0.85,none,data/VizWiz/Images/val/VizWiz_val_00001652.jpg
vizwiz_val_001653,VizWiz,What color is my hand?,white,tan,0.516,0.9,none,data/VizWiz/Images/val/VizWiz_val_00001653.jpg
vizwiz_val_001655,VizWiz,What does this screen say?,nothing,unanswerable,0.995,1.0,none,data/VizWiz/Images/val/VizWiz_val_00001655.jpg
vizwiz_val_001657,VizWiz,What is this?,jello,jell-o,0.815,0.95,none,data/VizWiz/Images/val/VizWiz_val_00001657.jpg
vizwiz_val_001658,VizWiz,"Yes I need a verbal description of the label on this bottle please, be as specific as possible, than",instant hand sanitizer kills germs odors without water,red and blue,0.685,0.9,none,data/VizWiz/Images/val/VizWiz_val_00001658.jpg
vizwiz_val_001659,VizWiz,What color is that please?,white,gray,0.777,0.95,none,data/VizWiz/Images/val/VizWiz_val_00001659.jpg
vizwiz_val_001660,VizWiz,"Does anyone know what this is and what its use is?  A student of mine had it, it looks like a perfec",dog toy,fidget toy,0.964,0.85,none,data/VizWiz/Images/val/VizWiz_val_00001660.jpg
vizwiz_val_001662,VizWiz,What is that?,phone app,learning tablet,0.570,0.95,none,data/VizWiz/Images/val/VizWiz_val_00001662.jpg
vizwiz_val_001665,VizWiz,What color is this shirt?,unanswerable,brown,0.671,0.9,answerability,data/VizWiz/Images/val/VizWiz_val_00001665.jpg
vizwiz_val_001668,VizWiz,Does Buddy's face look cute or not?,yes,cute,0.946,0.95,none,data/VizWiz/Images/val/VizWiz_val_00001668.jpg
vizwiz_val_001669,VizWiz,"This is a crock pot, what setting is it turned on to?",high,low,0.727,0.95,none,data/VizWiz/Images/val/VizWiz_val_00001669.jpg
vizwiz_val_001670,VizWiz,Please read the contents of the box.,acid controller,famotidine,0.944,0.95,none,data/VizWiz/Images/val/VizWiz_val_00001670.jpg
vizwiz_val_001671,VizWiz,What is on this page of the Avon book?,varied moisture therapy brand products,cosmetics/skincare,0.624,0.85,none,data/VizWiz/Images/val/VizWiz_val_00001671.jpg
vizwiz_val_001673,VizWiz,What is this?,cell phone,mobile phone,0.975,0.95,none,data/VizWiz/Images/val/VizWiz_val_00001673.jpg
vizwiz_val_001676,VizWiz,How do you take care of a bird?,leave alone,unanswerable,0.998,1.0,none,data/VizWiz/Images/val/VizWiz_val_00001676.jpg
vizwiz_val_001678,VizWiz,What is this?,fiber n mor,fiber supplement,0.745,0.95,none,data/VizWiz/Images/val/VizWiz_val_00001678.jpg
vizwiz_val_001679,VizWiz,What is this item?,confectioners sugar,sugar box,0.858,0.95,none,data/VizWiz/Images/val/VizWiz_val_00001679.jpg
vizwiz_val_001682,VizWiz,What kind of cereal is this?,honey nut cheerios,honey cheerios,0.982,0.95,none,data/VizWiz/Images/val/VizWiz_val_00001682.jpg
vizwiz_val_001683,VizWiz,Is there a button on the table? Is there a button on the table?,no,unanswerable,1.000,0.1,none,data/VizWiz/Images/val/VizWiz_val_00001683.jpg
vizwiz_val_001684,VizWiz,What does this look like?,old books,unanswerable,0.831,0.9,none,data/VizWiz/Images/val/VizWiz_val_00001684.jpg
vizwiz_val_001685,VizWiz,i dont know if this will work but will you read the washing directions for this t-shirt?,yes,machine wash,0.679,0.95,none,data/VizWiz/Images/val/VizWiz_val_00001685.jpg
vizwiz_val_001686,VizWiz,What is this?,cassette player,speedometer,0.606,0.9,none,data/VizWiz/Images/val/VizWiz_val_00001686.jpg
vizwiz_val_001689,VizWiz,What is this?,unanswerable,gradient background,0.807,1.0,answerability,data/VizWiz/Images/val/VizWiz_val_00001689.jpg
vizwiz_val_001690,VizWiz,What is this?,blistex,sunscreen stick,0.747,0.9,none,data/VizWiz/Images/val/VizWiz_val_00001690.jpg
vizwiz_val_001693,VizWiz,What is this?,cholesterol medication,supplement bottle,0.923,0.95,none,data/VizWiz/Images/val/VizWiz_val_00001693.jpg
vizwiz_val_001694,VizWiz,What can is this?,beans,unanswerable,0.897,0.85,none,data/VizWiz/Images/val/VizWiz_val_00001694.jpg
vizwiz_val_001695,VizWiz,What bill is this?,10 dollar,canadian dollar,0.668,0.9,none,data/VizWiz/Images/val/VizWiz_val_00001695.jpg
vizwiz_val_001696,VizWiz,What kind of chocolate chips are these?,semi sweet,semi-sweet,0.999,0.9,none,data/VizWiz/Images/val/VizWiz_val_00001696.jpg
vizwiz_val_001697,VizWiz,What is this thing?,label maker,calculator,0.986,1.0,none,data/VizWiz/Images/val/VizWiz_val_00001697.jpg
vizwiz_val_001700,VizWiz,What is this?,hand,unanswerable,0.971,0.1,none,data/VizWiz/Images/val/VizWiz_val_00001700.jpg
vizwiz_val_001702,VizWiz,Can you please describe this tie.,checkered,patterned tie,0.852,0.95,none,data/VizWiz/Images/val/VizWiz_val_00001702.jpg
vizwiz_val_001704,VizWiz,What kind of cookies are these?,halloween,gingerbread cookies,0.882,0.95,none,data/VizWiz/Images/val/VizWiz_val_00001704.jpg
vizwiz_val_001707,VizWiz,What is this?,trash receptacle,safe,0.517,0.9,none,data/VizWiz/Images/val/VizWiz_val_00001707.jpg
vizwiz_val_001713,VizWiz,Where is displayed?,unanswerable,on,0.693,0.9,answerability,data/VizWiz/Images/val/VizWiz_val_00001713.jpg
vizwiz_val_001714,VizWiz,What is the name of this book?,unanswerable,college,0.849,0.95,answerability,data/VizWiz/Images/val/VizWiz_val_00001714.jpg
vizwiz_val_001718,VizWiz,What color are these socks?,white,brown and red,0.966,0.85,none,data/VizWiz/Images/val/VizWiz_val_00001718.jpg
vizwiz_val_001719,VizWiz,Is there any tomatoes in the burger?,no,yes,0.934,0.9,none,data/VizWiz/Images/val/VizWiz_val_00001719.jpg
vizwiz_val_001720,VizWiz,Which coffee is this?,express perugia,espresso perugia,0.734,1.0,none,data/VizWiz/Images/val/VizWiz_val_00001720.jpg
vizwiz_val_001722,VizWiz,What flavor are these pringles?,thai sweet chili,thai sweet chilli,0.925,1.0,none,data/VizWiz/Images/val/VizWiz_val_00001722.jpg
vizwiz_val_001724,VizWiz,What is this color please?,silver,gray,0.714,0.9,none,data/VizWiz/Images/val/VizWiz_val_00001724.jpg
vizwiz_val_001726,VizWiz,i would like to know what this item is and what it may be valued at,unanswerable,chocolate bar,0.848,0.95,answerability,data/VizWiz/Images/val/VizWiz_val_00001726.jpg
vizwiz_val_001727,VizWiz,What kind of food is this?,corn,cereal/granola,0.564,0.9,none,data/VizWiz/Images/val/VizWiz_val_00001727.jpg
vizwiz_val_001731,VizWiz,What is this?,baby walker,baby activity center,0.819,0.95,none,data/VizWiz/Images/val/VizWiz_val_00001731.jpg
vizwiz_val_001732,VizWiz,What does the screen say?,apple tv update,unanswerable,0.938,0.75,none,data/VizWiz/Images/val/VizWiz_val_00001732.jpg
vizwiz_val_001734,VizWiz,What is this?,sauted potato bacon,food package,0.500,0.95,none,data/VizWiz/Images/val/VizWiz_val_00001734.jpg
vizwiz_val_001739,VizWiz,What kind of braille display is this?,keyboard,unanswerable,0.887,0.1,none,data/VizWiz/Images/val/VizWiz_val_00001739.jpg
vizwiz_val_001742,VizWiz,What is this drink?,pepsi,unanswerable,0.998,0.1,none,data/VizWiz/Images/val/VizWiz_val_00001742.jpg
vizwiz_val_001743,VizWiz,What kind of lighter is this?,world gun,unanswerable,0.856,0.95,none,data/VizWiz/Images/val/VizWiz_val_00001743.jpg
vizwiz_val_001745,VizWiz,What's this?,room,unanswerable,0.976,0.1,none,data/VizWiz/Images/val/VizWiz_val_00001745.jpg
vizwiz_val_001746,VizWiz,What NASCAR driver is this?,mr goodwrench,unanswerable,0.999,0.0,none,data/VizWiz/Images/val/VizWiz_val_00001746.jpg
vizwiz_val_001747,VizWiz,What is this?,unanswerable,sunlight,0.785,0.9,answerability,data/VizWiz/Images/val/VizWiz_val_00001747.jpg
vizwiz_val_001748,VizWiz,What about the scenery?,trees houses,urban landscape,0.653,0.9,none,data/VizWiz/Images/val/VizWiz_val_00001748.jpg
vizwiz_val_001751,VizWiz,What is this image?,dart board,dartboard,0.773,0.95,none,data/VizWiz/Images/val/VizWiz_val_00001751.jpg
vizwiz_val_001752,VizWiz,What is it?,phone,unanswerable,0.924,0.1,none,data/VizWiz/Images/val/VizWiz_val_00001752.jpg
vizwiz_val_001753,VizWiz,What is the label on this bottle?,mexican oregano,world spice,0.962,0.95,none,data/VizWiz/Images/val/VizWiz_val_00001753.jpg
vizwiz_val_001755,VizWiz,What color is the drink in my cup?,clear,unanswerable,0.938,0.1,none,data/VizWiz/Images/val/VizWiz_val_00001755.jpg
vizwiz_val_001758,VizWiz,What is this product?,parmesan roasted garlic dressing,cheese wheel,0.834,0.9,none,data/VizWiz/Images/val/VizWiz_val_00001758.jpg
vizwiz_val_001760,VizWiz,Can you tell me what is lying on the table?  Am I using the right camera?  Tell me what you see a pi,10 dollar bill,money,0.587,0.9,none,data/VizWiz/Images/val/VizWiz_val_00001760.jpg
vizwiz_val_001761,VizWiz,What is this?,microwave,makeup palette,0.575,0.8,none,data/VizWiz/Images/val/VizWiz_val_00001761.jpg
vizwiz_val_001762,VizWiz,What color is this bedspread? and thank you,white,beige,0.648,0.9,none,data/VizWiz/Images/val/VizWiz_val_00001762.jpg
vizwiz_val_001766,VizWiz,What is this product?,green beans,energy drink,0.809,0.85,none,data/VizWiz/Images/val/VizWiz_val_00001766.jpg
vizwiz_val_001767,VizWiz,in this box,cross,unanswerable,0.994,0.1,none,data/VizWiz/Images/val/VizWiz_val_00001767.jpg
vizwiz_val_001768,VizWiz,Can you please describe to me what's on the card and its orientation? Thank you.,tilted left titled star woman looks up at star,tarot card,0.876,0.95,none,data/VizWiz/Images/val/VizWiz_val_00001768.jpg
vizwiz_val_001772,VizWiz,What is in this box?,beer,unanswerable,0.799,0.9,none,data/VizWiz/Images/val/VizWiz_val_00001772.jpg
vizwiz_val_001777,VizWiz,What color is my dog?,yellow,cream white,0.609,1.0,none,data/VizWiz/Images/val/VizWiz_val_00001777.jpg
vizwiz_val_001784,VizWiz,What it is?,whistle,pen,0.561,0.95,none,data/VizWiz/Images/val/VizWiz_val_00001784.jpg
vizwiz_val_001787,VizWiz,what is this item?,deep fryer,cookware set,0.874,0.85,none,data/VizWiz/Images/val/VizWiz_val_00001787.jpg
vizwiz_val_001790,VizWiz,What kind of dinner is this?,sesame chicken,pasta dish,0.785,0.9,none,data/VizWiz/Images/val/VizWiz_val_00001790.jpg
vizwiz_val_001793,VizWiz,What is song is this?,unanswerable,let it her go,0.851,0.95,answerability,data/VizWiz/Images/val/VizWiz_val_00001793.jpg
vizwiz_val_001795,VizWiz,What is this bag?,unanswerable,white bag,0.741,0.75,answerability,data/VizWiz/Images/val/VizWiz_val_00001795.jpg
vizwiz_val_001796,VizWiz,What's this?,expo echo,expoecho,0.770,0.95,none,data/VizWiz/Images/val/VizWiz_val_00001796.jpg
vizwiz_val_001798,VizWiz,What kind of meat is it? Is this chicken or sausage oer what sort of meat? Thank you,chicken,unanswerable,0.932,0.1,none,data/VizWiz/Images/val/VizWiz_val_00001798.jpg
vizwiz_val_001799,VizWiz,What does this machine do?,unanswerable,scientific instrument,0.604,0.85,answerability,data/VizWiz/Images/val/VizWiz_val_00001799.jpg
vizwiz_val_001800,VizWiz,"Sorry, I kind of stammer sometimes. What I was asking was, so basically, when you take a picture of ",no,unanswerable,0.927,0.95,none,data/VizWiz/Images/val/VizWiz_val_00001800.jpg
vizwiz_val_001801,VizWiz,Alright what is the expiration on this carton of milk?,march 21 2012,unanswerable,0.976,0.1,none,data/VizWiz/Images/val/VizWiz_val_00001801.jpg
vizwiz_val_001802,VizWiz,What is the product?,neoneosporin,sportin,0.559,0.9,none,data/VizWiz/Images/val/VizWiz_val_00001802.jpg
vizwiz_val_001803,VizWiz,What is in this can? Thank you.,ginger ale,ginger drink,0.823,0.9,none,data/VizWiz/Images/val/VizWiz_val_00001803.jpg
vizwiz_val_001804,VizWiz,What's in the picture?,table cups in kitchen,kitchen counter,0.671,0.9,none,data/VizWiz/Images/val/VizWiz_val_00001804.jpg
vizwiz_val_001805,VizWiz,Is this item?,poultry seasoning,marshalls creek spices,0.865,0.95,none,data/VizWiz/Images/val/VizWiz_val_00001805.jpg
vizwiz_val_001808,VizWiz,What is this?,unanswerable,jam/spread,0.760,0.9,answerability,data/VizWiz/Images/val/VizWiz_val_00001808.jpg
vizwiz_val_001811,VizWiz,What's this?,unanswerable,bright light,0.733,0.9,answerability,data/VizWiz/Images/val/VizWiz_val_00001811.jpg
vizwiz_val_001812,VizWiz,What is this?,bead,tick,0.618,0.9,none,data/VizWiz/Images/val/VizWiz_val_00001812.jpg
vizwiz_val_001813,VizWiz,What color is this shirt?,unanswerable,brown and white,0.638,0.6,answerability,data/VizWiz/Images/val/VizWiz_val_00001813.jpg
vizwiz_val_001815,VizWiz,What time does this say.,3:42,unanswerable,0.744,0.95,none,data/VizWiz/Images/val/VizWiz_val_00001815.jpg
vizwiz_val_001818,VizWiz,Coffee is this?,gevalia,nescafe,0.694,0.95,none,data/VizWiz/Images/val/VizWiz_val_00001818.jpg
vizwiz_val_001820,VizWiz,Who are the wrestlers in on this DVD?,woody piper terry funk,"bobby piper, terry funk",0.943,0.95,none,data/VizWiz/Images/val/VizWiz_val_00001820.jpg
vizwiz_val_001822,VizWiz,How could you tell?,unanswerable,captain america,0.794,1.0,answerability,data/VizWiz/Images/val/VizWiz_val_00001822.jpg
vizwiz_val_001824,VizWiz,What catalogue is this?,bed bath beyond,unanswerable,0.999,0.1,none,data/VizWiz/Images/val/VizWiz_val_00001824.jpg
vizwiz_val_001831,VizWiz,Which DVD is this?,fresh prince bel air,unanswerable,0.983,0.1,none,data/VizWiz/Images/val/VizWiz_val_00001831.jpg
vizwiz_val_001833,VizWiz,What does this say?,nothing,unanswerable,0.999,1.0,none,data/VizWiz/Images/val/VizWiz_val_00001833.jpg
vizwiz_val_001835,VizWiz,What's the title of this CD?,quiet 1,quiet one,0.984,1.0,none,data/VizWiz/Images/val/VizWiz_val_00001835.jpg
vizwiz_val_001837,VizWiz,what's currently being displayed on the tv screen?,static,star field,0.770,0.95,none,data/VizWiz/Images/val/VizWiz_val_00001837.jpg
vizwiz_val_001844,VizWiz,"I apologize for the rain, but can you please tell me what's in this bottle?",ketchup,unanswerable,0.783,0.2,none,data/VizWiz/Images/val/VizWiz_val_00001844.jpg
vizwiz_val_001847,VizWiz,What flavor is this?,pink lemonade,unanswerable,0.995,0.1,none,data/VizWiz/Images/val/VizWiz_val_00001847.jpg
vizwiz_val_001849,VizWiz,What's in the...What's in the bag?  Thank you.,vegetables,california blend,0.904,0.95,none,data/VizWiz/Images/val/VizWiz_val_00001849.jpg
vizwiz_val_001852,VizWiz,What is this?,unanswerable,candy wrapper,0.686,0.85,answerability,data/VizWiz/Images/val/VizWiz_val_00001852.jpg
vizwiz_val_001853,VizWiz,What is this?,ranch dressing,nutrition label,0.861,0.95,none,data/VizWiz/Images/val/VizWiz_val_00001853.jpg
vizwiz_val_001855,VizWiz,"What's the make and model of that car, and what's the license plate number?",unanswerable,honda civic,0.796,0.85,answerability,data/VizWiz/Images/val/VizWiz_val_00001855.jpg
vizwiz_val_001856,VizWiz,What does this label say?,vitamin c,unanswerable,0.956,0.5,none,data/VizWiz/Images/val/VizWiz_val_00001856.jpg
vizwiz_val_001858,VizWiz,What is the setting on this dryer?,off,regular,0.594,0.95,none,data/VizWiz/Images/val/VizWiz_val_00001858.jpg
vizwiz_val_001859,VizWiz,Color is this shirt?,brown,unanswerable,0.999,0.0,none,data/VizWiz/Images/val/VizWiz_val_00001859.jpg
vizwiz_val_001860,VizWiz,this can?,split pea soup,unanswerable,0.950,0.1,none,data/VizWiz/Images/val/VizWiz_val_00001860.jpg
vizwiz_val_001862,VizWiz,What color is this shirt?,black,dark gray,0.801,0.95,none,data/VizWiz/Images/val/VizWiz_val_00001862.jpg
vizwiz_val_001866,VizWiz,"Hey, what is this?",rug,textile pattern,0.935,0.95,none,data/VizWiz/Images/val/VizWiz_val_00001866.jpg
vizwiz_val_001868,VizWiz,What is this can?,beans,unanswerable,0.966,0.3,none,data/VizWiz/Images/val/VizWiz_val_00001868.jpg
vizwiz_val_001869,VizWiz,Can you please identify this package? Thank you.,chicken thigh filets,boneless chicken thigh,0.757,0.95,none,data/VizWiz/Images/val/VizWiz_val_00001869.jpg
vizwiz_val_001872,VizWiz,What is in this box?,hamburger helper,macaroni,0.957,0.95,none,data/VizWiz/Images/val/VizWiz_val_00001872.jpg
vizwiz_val_001873,VizWiz,What color is this?,grey,gray,0.881,0.95,none,data/VizWiz/Images/val/VizWiz_val_00001873.jpg
vizwiz_val_001874,VizWiz,Can you tell me the sodium content of this food?,no salt added,unanswerable,1.000,0.0,none,data/VizWiz/Images/val/VizWiz_val_00001874.jpg
vizwiz_val_001875,VizWiz,What bill is this?,1 dollar,one dollar,0.875,0.85,none,data/VizWiz/Images/val/VizWiz_val_00001875.jpg
vizwiz_val_001877,VizWiz,What is this stuffed animal?,snail,unanswerable,0.864,0.3,none,data/VizWiz/Images/val/VizWiz_val_00001877.jpg
vizwiz_val_001878,VizWiz,what is this?,vending machine,soda machine,0.615,0.9,none,data/VizWiz/Images/val/VizWiz_val_00001878.jpg
vizwiz_val_001879,VizWiz,The flavor of this yogurt.,mango papaya passion fruit,"mango, papaya & passion fruit",0.981,0.95,none,data/VizWiz/Images/val/VizWiz_val_00001879.jpg
vizwiz_val_001881,VizWiz,What is the color of this fabric?,blue white,teal and white,0.856,0.95,none,data/VizWiz/Images/val/VizWiz_val_00001881.jpg
vizwiz_val_001882,VizWiz,Is there an expiration date on this and if so when? Thank you.,01 07 12,01-07-12,0.990,0.95,none,data/VizWiz/Images/val/VizWiz_val_00001882.jpg
vizwiz_val_001885,VizWiz,What is in this box,unanswerable,cherry cobbler,0.838,0.95,answerability,data/VizWiz/Images/val/VizWiz_val_00001885.jpg
vizwiz_val_001886,VizWiz,What is this item please?,prescription pills,plastic cup,0.690,0.9,none,data/VizWiz/Images/val/VizWiz_val_00001886.jpg
vizwiz_val_001889,VizWiz,Could you please tell me what is on this shirt?,unanswerable,like daddy,0.691,0.85,answerability,data/VizWiz/Images/val/VizWiz_val_00001889.jpg
vizwiz_val_001890,VizWiz,Please describe this picture.,dog nose in bowl,black dog,0.828,0.95,none,data/VizWiz/Images/val/VizWiz_val_00001890.jpg
vizwiz_val_001895,VizWiz,what color,white,gray,0.711,0.9,none,data/VizWiz/Images/val/VizWiz_val_00001895.jpg
vizwiz_val_001898,VizWiz,Can you tell what this says?,no,restore point,0.672,0.9,none,data/VizWiz/Images/val/VizWiz_val_00001898.jpg
vizwiz_val_001900,VizWiz,What is that?,camel cigarettes,coffee blend,0.787,0.9,none,data/VizWiz/Images/val/VizWiz_val_00001900.jpg
vizwiz_val_001902,VizWiz,What is the expiration date?,jan 27 2013,unanswerable,0.961,0.5,none,data/VizWiz/Images/val/VizWiz_val_00001902.jpg
vizwiz_val_001903,VizWiz,What are the baking directions for this pie? Thank you.,unanswerable,preheat oven,0.675,0.95,answerability,data/VizWiz/Images/val/VizWiz_val_00001903.jpg
vizwiz_val_001906,VizWiz,What is this document?,medicare card,insurance card,0.692,0.95,none,data/VizWiz/Images/val/VizWiz_val_00001906.jpg
vizwiz_val_001912,VizWiz,What kind of rice is this?,4 cheese,ready rice,0.994,0.9,none,data/VizWiz/Images/val/VizWiz_val_00001912.jpg
vizwiz_val_001913,VizWiz,What is this frozen dinner and what is the instructions for conventional oven temperature and number,unanswerable,"channa masala, 350°f for 15 minutes",0.813,0.95,answerability,data/VizWiz/Images/val/VizWiz_val_00001913.jpg
vizwiz_val_001917,VizWiz,What is in this cereal box?,special k fruit yogurt,kellogg's special k,0.984,0.95,none,data/VizWiz/Images/val/VizWiz_val_00001917.jpg
vizwiz_val_001924,VizWiz,Where is the menu button?,directly under large volume button on left side,menu,0.794,1.0,none,data/VizWiz/Images/val/VizWiz_val_00001924.jpg
vizwiz_val_001929,VizWiz,What kind of juice is this?,ocean spray,unanswerable,0.997,0.1,none,data/VizWiz/Images/val/VizWiz_val_00001929.jpg
vizwiz_val_001932,VizWiz,Can you tell if this is vitamin C and what the Milligrams are?,yes 500mg,"vitamin c, 500 mg",0.950,0.9,none,data/VizWiz/Images/val/VizWiz_val_00001932.jpg
vizwiz_val_001935,VizWiz,What is this item?,statue,figurine,0.626,0.8,none,data/VizWiz/Images/val/VizWiz_val_00001935.jpg
vizwiz_val_001937,VizWiz,What is this?,unanswerable,horse flank,0.711,0.9,answerability,data/VizWiz/Images/val/VizWiz_val_00001937.jpg
vizwiz_val_001943,VizWiz,Can you tell me what kind of chips are in this bag?,potato,unanswerable,1.000,0.1,none,data/VizWiz/Images/val/VizWiz_val_00001943.jpg
vizwiz_val_001946,VizWiz,Is this a cola?,no,unanswerable,0.874,0.3,none,data/VizWiz/Images/val/VizWiz_val_00001946.jpg
vizwiz_val_001947,VizWiz,What is the title of the book?,auf die lange kommt es,auf die länge kommt es,0.914,1.0,none,data/VizWiz/Images/val/VizWiz_val_00001947.jpg
vizwiz_val_001948,VizWiz,"This is a package of something, What is it?",tomato basil rice,rice mix,0.876,0.9,none,data/VizWiz/Images/val/VizWiz_val_00001948.jpg
vizwiz_val_001949,VizWiz,what is this,food,mac and cheese,0.698,0.95,none,data/VizWiz/Images/val/VizWiz_val_00001949.jpg
vizwiz_val_001950,VizWiz,What color is this?,grey,gray,0.851,0.95,none,data/VizWiz/Images/val/VizWiz_val_00001950.jpg
vizwiz_val_001953,VizWiz,What is this?,can,unanswerable,0.898,0.1,none,data/VizWiz/Images/val/VizWiz_val_00001953.jpg
vizwiz_val_001956,VizWiz,WHat is this a picture of?,unanswerable,countertop,0.788,0.9,answerability,data/VizWiz/Images/val/VizWiz_val_00001956.jpg
vizwiz_val_001957,VizWiz,What is this product?,unanswerable,apple cider,0.678,0.85,answerability,data/VizWiz/Images/val/VizWiz_val_00001957.jpg
vizwiz_val_001959,VizWiz,what color is this shirt?,pink,light yellow,0.605,0.7,none,data/VizWiz/Images/val/VizWiz_val_00001959.jpg
vizwiz_val_001961,VizWiz,Anything on this label.,kitchen dry set 4 bar mop,100% cotton,0.915,0.85,none,data/VizWiz/Images/val/VizWiz_val_00001961.jpg
vizwiz_val_001962,VizWiz,What is in that bottle?,soda,unanswerable,0.988,0.1,none,data/VizWiz/Images/val/VizWiz_val_00001962.jpg
vizwiz_val_001964,VizWiz,What does it say on this shirt?,nothing,unanswerable,0.999,1.0,none,data/VizWiz/Images/val/VizWiz_val_00001964.jpg
vizwiz_val_001966,VizWiz,What time is it?,4:23,8:23,0.896,0.95,none,data/VizWiz/Images/val/VizWiz_val_00001966.jpg
vizwiz_val_001967,VizWiz,What does this say?,wrist wallet,sprigs anjees,0.825,0.95,none,data/VizWiz/Images/val/VizWiz_val_00001967.jpg
vizwiz_val_001968,VizWiz,What color is this purse?,blue red yellow,red and blue,0.956,0.9,none,data/VizWiz/Images/val/VizWiz_val_00001968.jpg
vizwiz_val_001969,VizWiz,Please just describe what this is.,bag candy,candy bag,0.625,0.9,none,data/VizWiz/Images/val/VizWiz_val_00001969.jpg
vizwiz_val_001970,VizWiz,What is this package?,knorr sides,crunchy cape cod fish & rice dinner,0.959,0.95,none,data/VizWiz/Images/val/VizWiz_val_00001970.jpg
vizwiz_val_001972,VizWiz,What is this?,flowers,peonies,0.955,0.95,none,data/VizWiz/Images/val/VizWiz_val_00001972.jpg
vizwiz_val_001973,VizWiz,What is this?,lysol sanitizing wipes,lysol wipes,0.862,1.0,none,data/VizWiz/Images/val/VizWiz_val_00001973.jpg
vizwiz_val_001974,VizWiz,For how long do I cook this in the microwave?,unanswerable,8 mins,0.885,1.0,answerability,data/VizWiz/Images/val/VizWiz_val_00001974.jpg
vizwiz_val_001976,VizWiz,What color are the three wires from left to right?,red black white,"red, black, white",0.963,1.0,none,data/VizWiz/Images/val/VizWiz_val_00001976.jpg
vizwiz_val_001979,VizWiz,What is this?,unanswerable,swimming competition,0.771,0.9,answerability,data/VizWiz/Images/val/VizWiz_val_00001979.jpg
vizwiz_val_001981,VizWiz,What is this?,cream mushroom soup,campbell's soup,0.926,1.0,none,data/VizWiz/Images/val/VizWiz_val_00001981.jpg
vizwiz_val_001984,VizWiz,What kind of can is this?,beer,energy drink,0.854,0.9,none,data/VizWiz/Images/val/VizWiz_val_00001984.jpg
vizwiz_val_001985,VizWiz,What's on the screen?,black,unanswerable,0.889,1.0,none,data/VizWiz/Images/val/VizWiz_val_00001985.jpg
vizwiz_val_001986,VizWiz,What kind of insect is this?,beetle,weevil,0.786,0.85,none,data/VizWiz/Images/val/VizWiz_val_00001986.jpg
vizwiz_val_001987,VizWiz,What is this?,ginger ale,ginger beer,0.945,0.95,none,data/VizWiz/Images/val/VizWiz_val_00001987.jpg
vizwiz_val_001989,VizWiz,"What are the, what are the two words in the box that are the captcha?",ryathhe,rythehe,0.711,0.9,none,data/VizWiz/Images/val/VizWiz_val_00001989.jpg
vizwiz_val_001995,VizWiz,What is on this card?,heart,valentine's day,0.941,0.9,none,data/VizWiz/Images/val/VizWiz_val_00001995.jpg
vizwiz_val_001996,VizWiz,What is the flavor of this?,orange,unanswerable,0.945,0.1,none,data/VizWiz/Images/val/VizWiz_val_00001996.jpg
vizwiz_val_001999,VizWiz,Can you tell which medallion this is from? Regiment.,47,unanswerable,0.997,0.1,none,data/VizWiz/Images/val/VizWiz_val_00001999.jpg
vizwiz_val_002000,VizWiz,"Hello there can you tell me what flavor this pasta sauce is, please? Thank you.",smoked bacon tomato,smoked bacon & tomato,0.965,1.0,none,data/VizWiz/Images/val/VizWiz_val_00002000.jpg
vizwiz_val_002001,VizWiz,What color is this?,pink,orange and white,0.996,0.95,none,data/VizWiz/Images/val/VizWiz_val_00002001.jpg
vizwiz_val_002002,VizWiz,What is this marker?,sport,unanswerable,0.878,0.9,none,data/VizWiz/Images/val/VizWiz_val_00002002.jpg
vizwiz_val_002003,VizWiz,What is this?,thumb,table surface,0.694,0.9,none,data/VizWiz/Images/val/VizWiz_val_00002003.jpg
vizwiz_val_002005,VizWiz,What brand of cat food is this?,unanswerable,proactive,0.851,0.9,answerability,data/VizWiz/Images/val/VizWiz_val_00002005.jpg
vizwiz_val_002006,VizWiz,What is this?,hand sanitizer,disinfectant bottle,0.849,0.95,none,data/VizWiz/Images/val/VizWiz_val_00002006.jpg
vizwiz_val_002008,VizWiz,What is the tv showing?,car racing,unanswerable,0.966,0.1,none,data/VizWiz/Images/val/VizWiz_val_00002008.jpg
vizwiz_val_002009,VizWiz,What color is the embroidery in these jeans?,yellow,white,0.707,0.95,none,data/VizWiz/Images/val/VizWiz_val_00002009.jpg
vizwiz_val_002010,VizWiz,Could you please describe this shirt to me?,black logo,black t-shirt,0.704,0.85,none,data/VizWiz/Images/val/VizWiz_val_00002010.jpg
vizwiz_val_002013,VizWiz,What is this picture of?,unanswerable,light source,0.738,0.9,answerability,data/VizWiz/Images/val/VizWiz_val_00002013.jpg
vizwiz_val_002016,VizWiz,What are the instructions listed on the box?,cooking instructions,"brown, stir, reduce, sprinkle",0.923,0.95,none,data/VizWiz/Images/val/VizWiz_val_00002016.jpg
vizwiz_val_002017,VizWiz,What do you see?,toys,unanswerable,0.699,0.85,none,data/VizWiz/Images/val/VizWiz_val_00002017.jpg
vizwiz_val_002018,VizWiz,What is this?,flowers,bluebell,0.817,0.95,none,data/VizWiz/Images/val/VizWiz_val_00002018.jpg
vizwiz_val_002021,VizWiz,What color is this?,white,gray,0.895,0.9,none,data/VizWiz/Images/val/VizWiz_val_00002021.jpg
vizwiz_val_002024,VizWiz,What does the sky look like?,grey,white,0.598,0.9,none,data/VizWiz/Images/val/VizWiz_val_00002024.jpg
vizwiz_val_002025,VizWiz,Is the dog lying on his bed?,no,unanswerable,0.860,0.1,none,data/VizWiz/Images/val/VizWiz_val_00002025.jpg
vizwiz_val_002026,VizWiz,What color is it?,grey,gray,0.801,0.9,none,data/VizWiz/Images/val/VizWiz_val_00002026.jpg
vizwiz_val_002030,VizWiz,What color is this please.,red white,red and white,1.000,1.0,none,data/VizWiz/Images/val/VizWiz_val_00002030.jpg
vizwiz_val_002033,VizWiz,What kind of CD case is this?,clear,cd case,0.619,0.9,none,data/VizWiz/Images/val/VizWiz_val_00002033.jpg
vizwiz_val_002034,VizWiz,What is this medicine?,all day allergy,allergy medicine,0.842,0.95,none,data/VizWiz/Images/val/VizWiz_val_00002034.jpg
vizwiz_val_002037,VizWiz,What is it?,tv screen,unanswerable,0.974,1.0,none,data/VizWiz/Images/val/VizWiz_val_00002037.jpg
vizwiz_val_002040,VizWiz,What is this?,1 dollar bill,us dollar,0.704,1.0,none,data/VizWiz/Images/val/VizWiz_val_00002040.jpg
vizwiz_val_002044,VizWiz,What seasoning is this?,steak,unanswerable,0.995,0.1,none,data/VizWiz/Images/val/VizWiz_val_00002044.jpg
vizwiz_val_002047,VizWiz,Can you tell me what the frozen dinner is here? If you can see oven instructions for preheating the ,channa masala,unanswerable,0.987,0.9,none,data/VizWiz/Images/val/VizWiz_val_00002047.jpg
vizwiz_val_002048,VizWiz,What's on this shirt?,beer logo,unanswerable,0.862,0.1,none,data/VizWiz/Images/val/VizWiz_val_00002048.jpg
vizwiz_val_002051,VizWiz,Can you please describe this label?,lotion,unanswerable,0.770,0.95,none,data/VizWiz/Images/val/VizWiz_val_00002051.jpg
vizwiz_val_002054,VizWiz,Can you describe the photo outside the text?,3 trophies,trophy display,0.901,0.95,none,data/VizWiz/Images/val/VizWiz_val_00002054.jpg
vizwiz_val_002058,VizWiz,Is this yogurt fat free?,no,unanswerable,0.993,0.5,none,data/VizWiz/Images/val/VizWiz_val_00002058.jpg
vizwiz_val_002060,VizWiz,What color is this t-shirt?,grey,dark gray,0.793,0.9,none,data/VizWiz/Images/val/VizWiz_val_00002060.jpg
vizwiz_val_002062,VizWiz,Can you see the serial number ____?,no,unanswerable,1.000,1.0,none,data/VizWiz/Images/val/VizWiz_val_00002062.jpg
vizwiz_val_002063,VizWiz,what is this and how much it cost,sword,unanswerable,0.982,0.1,none,data/VizWiz/Images/val/VizWiz_val_00002063.jpg
vizwiz_val_002064,VizWiz,What is this?,cough drops,honey stick,0.760,0.9,none,data/VizWiz/Images/val/VizWiz_val_00002064.jpg
vizwiz_val_002065,VizWiz,What is this called?,unanswerable,cotton balls,0.766,0.95,answerability,data/VizWiz/Images/val/VizWiz_val_00002065.jpg
vizwiz_val_002066,VizWiz,Just checking what this is.,wine,unanswerable,0.692,0.75,none,data/VizWiz/Images/val/VizWiz_val_00002066.jpg
vizwiz_val_002068,VizWiz,Can you tell me what the buttons or anything says on this screen?,lock filter,"auto, lock, filter, change filter",0.842,0.95,none,data/VizWiz/Images/val/VizWiz_val_00002068.jpg
vizwiz_val_002070,VizWiz,What is this?,unanswerable,cereal box,0.875,0.95,answerability,data/VizWiz/Images/val/VizWiz_val_00002070.jpg
vizwiz_val_002074,VizWiz,What CD is this?,blank,unanswerable,0.996,0.1,none,data/VizWiz/Images/val/VizWiz_val_00002074.jpg
vizwiz_val_002080,VizWiz,Which video game is this?,lego star wars 2,lego star wars ii,0.852,0.95,none,data/VizWiz/Images/val/VizWiz_val_00002080.jpg
vizwiz_val_002083,VizWiz,What does this say?,rock cafe,unanswerable,0.836,0.9,none,data/VizWiz/Images/val/VizWiz_val_00002083.jpg
vizwiz_val_002085,VizWiz,What color is this?,white,beige,0.962,0.95,none,data/VizWiz/Images/val/VizWiz_val_00002085.jpg
vizwiz_val_002087,VizWiz,what is this item?,unanswerable,jar,0.968,0.9,answerability,data/VizWiz/Images/val/VizWiz_val_00002087.jpg
vizwiz_val_002088,VizWiz,What's in this tin? Thanks for your help.,tuna,unanswerable,0.997,0.1,none,data/VizWiz/Images/val/VizWiz_val_00002088.jpg
vizwiz_val_002095,VizWiz,What spice is this?,garlic,unanswerable,1.000,0.0,none,data/VizWiz/Images/val/VizWiz_val_00002095.jpg
vizwiz_val_002096,VizWiz,What is this?,coupons,oil change coupon,0.915,0.95,none,data/VizWiz/Images/val/VizWiz_val_00002096.jpg
vizwiz_val_002099,VizWiz,What is this?,alarm clock,digital watch,0.717,0.95,none,data/VizWiz/Images/val/VizWiz_val_00002099.jpg
vizwiz_val_002100,VizWiz,"Hi, guys. What did I take a picture of?",shirt,sports jersey,0.778,0.9,none,data/VizWiz/Images/val/VizWiz_val_00002100.jpg
vizwiz_val_002102,VizWiz,Can you tell me what these are called?,socks,toilet paper,0.585,0.95,none,data/VizWiz/Images/val/VizWiz_val_00002102.jpg
vizwiz_val_002103,VizWiz,What color is this?,grey,gray,0.785,0.95,none,data/VizWiz/Images/val/VizWiz_val_00002103.jpg
vizwiz_val_002105,VizWiz,How much sodium is in this package?,unanswerable,280mg,0.971,1.0,answerability,data/VizWiz/Images/val/VizWiz_val_00002105.jpg
vizwiz_val_002106,VizWiz,Can you tell me what's in this box?,no,unanswerable,0.993,0.1,none,data/VizWiz/Images/val/VizWiz_val_00002106.jpg
vizwiz_val_002107,VizWiz,What is this?,thumb,unanswerable,0.816,0.9,none,data/VizWiz/Images/val/VizWiz_val_00002107.jpg
vizwiz_val_002109,VizWiz,What is this?,ipad,tablet screen,0.833,0.95,none,data/VizWiz/Images/val/VizWiz_val_00002109.jpg
vizwiz_val_002114,VizWiz,What is this?,unanswerable,cosmetic product,0.700,0.95,answerability,data/VizWiz/Images/val/VizWiz_val_00002114.jpg
vizwiz_val_002119,VizWiz,What is this?,cane,walking stick,0.518,0.9,none,data/VizWiz/Images/val/VizWiz_val_00002119.jpg
vizwiz_val_002123,VizWiz,"What color is this, please?",black,dark gray,0.868,0.95,none,data/VizWiz/Images/val/VizWiz_val_00002123.jpg
vizwiz_val_002126,VizWiz,What is this?,cell phone,smartphone,0.818,0.95,none,data/VizWiz/Images/val/VizWiz_val_00002126.jpg
vizwiz_val_002130,VizWiz,IS there shampoo or shower gel in this bottle please?,unanswerable,shower gel,0.821,0.9,answerability,data/VizWiz/Images/val/VizWiz_val_00002130.jpg
vizwiz_val_002131,VizWiz,Whats the weather like?,cloudy,sunny,0.715,0.9,none,data/VizWiz/Images/val/VizWiz_val_00002131.jpg
vizwiz_val_002133,VizWiz,"Can you read the writing on this tag and tell me what it says, please? Thank you.",sport savvy x,sport sawywy,0.818,0.95,none,data/VizWiz/Images/val/VizWiz_val_00002133.jpg
vizwiz_val_002135,VizWiz,What's on the computer screen?,nothing,unanswerable,0.779,0.1,none,data/VizWiz/Images/val/VizWiz_val_00002135.jpg
vizwiz_val_002136,VizWiz,What is this?,couch,unanswerable,0.949,0.1,none,data/VizWiz/Images/val/VizWiz_val_00002136.jpg
vizwiz_val_002138,VizWiz,What is this?,linoleum floor,tile floor,0.816,0.95,none,data/VizWiz/Images/val/VizWiz_val_00002138.jpg
vizwiz_val_002142,VizWiz,What is this?,lotion,mug,0.997,0.85,none,data/VizWiz/Images/val/VizWiz_val_00002142.jpg
vizwiz_val_002146,VizWiz,What is this?,coca cola,can of soda,0.804,0.85,none,data/VizWiz/Images/val/VizWiz_val_00002146.jpg
vizwiz_val_002148,VizWiz,What is this?,pudding,snack pack,0.841,0.95,none,data/VizWiz/Images/val/VizWiz_val_00002148.jpg
vizwiz_val_002149,VizWiz,What type of dinner is this?,chicken,unanswerable,0.996,0.1,none,data/VizWiz/Images/val/VizWiz_val_00002149.jpg
vizwiz_val_002152,VizWiz,What is this?,unanswerable,medication box,0.713,0.95,answerability,data/VizWiz/Images/val/VizWiz_val_00002152.jpg
vizwiz_val_002154,VizWiz,what kind of keyboard is this? who makes it?,apple,macbook air,0.876,1.0,none,data/VizWiz/Images/val/VizWiz_val_00002154.jpg
vizwiz_val_002155,VizWiz,What is this shirt?,heart,unanswerable,0.949,0.1,none,data/VizWiz/Images/val/VizWiz_val_00002155.jpg
vizwiz_val_002157,VizWiz,What is this called?,beans,trail mix,0.777,0.95,none,data/VizWiz/Images/val/VizWiz_val_00002157.jpg
vizwiz_val_002158,VizWiz,Who was on the watch?,ben 10,unanswerable,0.780,0.9,none,data/VizWiz/Images/val/VizWiz_val_00002158.jpg
vizwiz_val_002161,VizWiz,What is this bottle?,vodka,v-kat,0.857,0.9,none,data/VizWiz/Images/val/VizWiz_val_00002161.jpg
vizwiz_val_002162,VizWiz,What is this?,drum original,beer can,0.808,0.95,none,data/VizWiz/Images/val/VizWiz_val_00002162.jpg
vizwiz_val_002167,VizWiz,Which scent is this?,unanswerable,cereal pumpkin,0.787,0.95,answerability,data/VizWiz/Images/val/VizWiz_val_00002167.jpg
vizwiz_val_002168,VizWiz,What I have is this data,unanswerable,laptop,0.703,0.95,answerability,data/VizWiz/Images/val/VizWiz_val_00002168.jpg
vizwiz_val_002169,VizWiz,"What is visible on this screen, please?",nothing,unanswerable,0.989,1.0,none,data/VizWiz/Images/val/VizWiz_val_00002169.jpg
vizwiz_val_002171,VizWiz,Can you tell me what this is?,can peas,green beans,0.915,0.95,none,data/VizWiz/Images/val/VizWiz_val_00002171.jpg
vizwiz_val_002172,VizWiz,Please tell me as much as you can about this top.,polka dots,patterned fabric,0.691,0.9,none,data/VizWiz/Images/val/VizWiz_val_00002172.jpg
vizwiz_val_002174,VizWiz,How would i use this product?,sauce,cooking ingredient,0.731,0.9,none,data/VizWiz/Images/val/VizWiz_val_00002174.jpg
vizwiz_val_002177,VizWiz,"Yes, this is the front of an HP probook laptop. I just need to know if there's anything visible that",no,unanswerable,0.989,0.9,none,data/VizWiz/Images/val/VizWiz_val_00002177.jpg
vizwiz_val_002178,VizWiz,Can you tell me the cooking instruction of this food please?,unanswerable,microwave,0.959,0.95,answerability,data/VizWiz/Images/val/VizWiz_val_00002178.jpg
vizwiz_val_002179,VizWiz,The candle?,yes,white candle,0.763,1.0,none,data/VizWiz/Images/val/VizWiz_val_00002179.jpg
vizwiz_val_002180,VizWiz,What color is the sheet?,beige,yellow,0.782,0.95,none,data/VizWiz/Images/val/VizWiz_val_00002180.jpg
vizwiz_val_002183,VizWiz,What is this item that the camera is pointing at? If you can see the item them please tell me what i,wall,unanswerable,0.995,0.1,none,data/VizWiz/Images/val/VizWiz_val_00002183.jpg
vizwiz_val_002185,VizWiz,what kind of soda is this?,orange fanta,unanswerable,0.995,0.3,none,data/VizWiz/Images/val/VizWiz_val_00002185.jpg
vizwiz_val_002186,VizWiz,What is this?,soup,nutritional drink,0.744,0.95,none,data/VizWiz/Images/val/VizWiz_val_00002186.jpg
vizwiz_val_002188,VizWiz,What is on this shirt?,race car,graphic design,0.646,0.9,none,data/VizWiz/Images/val/VizWiz_val_00002188.jpg
vizwiz_val_002189,VizWiz,"Hello, could you please tell what caller this is?",red,unanswerable,0.999,1.0,none,data/VizWiz/Images/val/VizWiz_val_00002189.jpg
vizwiz_val_002190,VizWiz,What is this object?,iphone,smartphone,0.998,0.95,none,data/VizWiz/Images/val/VizWiz_val_00002190.jpg
vizwiz_val_002194,VizWiz,What kind of flower is this?,daisy,unanswerable,0.998,0.2,none,data/VizWiz/Images/val/VizWiz_val_00002194.jpg
vizwiz_val_002195,VizWiz,What is this please?,soup,recipe card,0.777,0.95,none,data/VizWiz/Images/val/VizWiz_val_00002195.jpg
vizwiz_val_002196,VizWiz,"Can you see the cooking instructions, please?",no,unanswerable,0.999,0.1,none,data/VizWiz/Images/val/VizWiz_val_00002196.jpg
vizwiz_val_002203,VizWiz,What is this?,fudge covered oreos,fudge cookies,0.846,0.9,none,data/VizWiz/Images/val/VizWiz_val_00002203.jpg
vizwiz_val_002205,VizWiz,NICE PICTURE,unanswerable,honeywell,0.797,0.95,answerability,data/VizWiz/Images/val/VizWiz_val_00002205.jpg
vizwiz_val_002208,VizWiz,What is this?,unanswerable,coffee packaging,0.853,0.9,answerability,data/VizWiz/Images/val/VizWiz_val_00002208.jpg
vizwiz_val_002210,VizWiz,What color is this skirt?,white,gray,0.744,0.95,none,data/VizWiz/Images/val/VizWiz_val_00002210.jpg
vizwiz_val_002212,VizWiz,I know this is a charger for something. Does it say anything in the picture that I just took that sa,htc,unanswerable,0.950,0.85,none,data/VizWiz/Images/val/VizWiz_val_00002212.jpg
vizwiz_val_002215,VizWiz,"Can you tell me what's in this can, please? Thank you.",unanswerable,chicken quesadillas,0.935,0.95,answerability,data/VizWiz/Images/val/VizWiz_val_00002215.jpg
vizwiz_val_002216,VizWiz,Is there any text on this side of the paper please?,no,unanswerable,1.000,1.0,none,data/VizWiz/Images/val/VizWiz_val_00002216.jpg
vizwiz_val_002217,VizWiz,"What's the name of this phone, and model please?",unanswerable,elite 9135,0.981,0.9,answerability,data/VizWiz/Images/val/VizWiz_val_00002217.jpg
vizwiz_val_002219,VizWiz,What is the picture on this cup?,cartoon,"moon, figure",0.718,0.85,none,data/VizWiz/Images/val/VizWiz_val_00002219.jpg
vizwiz_val_002222,VizWiz,Tell me about color this piece.,black white,black and white,0.786,0.9,none,data/VizWiz/Images/val/VizWiz_val_00002222.jpg
vizwiz_val_002224,VizWiz,What is this?,body lotion,aloe vera lotion,0.898,0.95,none,data/VizWiz/Images/val/VizWiz_val_00002224.jpg
vizwiz_val_002225,VizWiz,Can you describe this shirt? Thanks.,grey t shirt,olive green,0.760,0.9,none,data/VizWiz/Images/val/VizWiz_val_00002225.jpg
vizwiz_val_002226,VizWiz,"What is this, please?",food,ready meals,0.617,0.95,none,data/VizWiz/Images/val/VizWiz_val_00002226.jpg
vizwiz_val_002227,VizWiz,What is this item?,hot spicy trail mix,spice mix,0.769,0.9,none,data/VizWiz/Images/val/VizWiz_val_00002227.jpg
vizwiz_val_002229,VizWiz,Can you please tell me what's in this bottle?,tomato sauce,unanswerable,0.998,0.1,none,data/VizWiz/Images/val/VizWiz_val_00002229.jpg
vizwiz_val_002235,VizWiz,What is this?,blank,unanswerable,0.994,1.0,none,data/VizWiz/Images/val/VizWiz_val_00002235.jpg
vizwiz_val_002236,VizWiz,Please explain this shirt.,red picture,motorcycle,0.723,0.9,none,data/VizWiz/Images/val/VizWiz_val_00002236.jpg
vizwiz_val_002238,VizWiz,What is this? Foreign Language,cell phone,unanswerable,0.960,0.1,none,data/VizWiz/Images/val/VizWiz_val_00002238.jpg
vizwiz_val_002239,VizWiz,What's in this photo?,crackers,baked goods,0.537,0.9,none,data/VizWiz/Images/val/VizWiz_val_00002239.jpg
vizwiz_val_002244,VizWiz,What is this?,scrapbook,tray,0.545,0.9,none,data/VizWiz/Images/val/VizWiz_val_00002244.jpg
vizwiz_val_002245,VizWiz,what is this?,chicken fried steak,unanswerable,0.839,0.2,none,data/VizWiz/Images/val/VizWiz_val_00002245.jpg
vizwiz_val_002246,VizWiz,What is this?,fall preview new york,album cover,0.509,0.85,none,data/VizWiz/Images/val/VizWiz_val_00002246.jpg
vizwiz_val_002247,VizWiz,What is this on the paper?,braillele,dots,0.582,0.95,none,data/VizWiz/Images/val/VizWiz_val_00002247.jpg
vizwiz_val_002250,VizWiz,What is this? What item is this?,meat,plastic container,0.878,0.9,none,data/VizWiz/Images/val/VizWiz_val_00002250.jpg
vizwiz_val_002252,VizWiz,What video is this?,mad money,mad monday,0.986,0.9,none,data/VizWiz/Images/val/VizWiz_val_00002252.jpg
vizwiz_val_002253,VizWiz,What is this a bottle of?,suave shampoo,unanswerable,0.997,0.1,none,data/VizWiz/Images/val/VizWiz_val_00002253.jpg
vizwiz_val_002255,VizWiz,Which way do I turn the button for high?,right,clockwise,0.726,0.9,none,data/VizWiz/Images/val/VizWiz_val_00002255.jpg
vizwiz_val_002256,VizWiz,What's in the picture?,washer dryer,washing machine,0.992,0.95,none,data/VizWiz/Images/val/VizWiz_val_00002256.jpg
vizwiz_val_002258,VizWiz,Whats in this can?,kidney beans,red beans,0.728,0.95,none,data/VizWiz/Images/val/VizWiz_val_00002258.jpg
vizwiz_val_002261,VizWiz,What is the color for this keyboard?,black,gray,0.519,0.9,none,data/VizWiz/Images/val/VizWiz_val_00002261.jpg
vizwiz_val_002262,VizWiz,How does it look?,good,unanswerable,0.894,0.1,none,data/VizWiz/Images/val/VizWiz_val_00002262.jpg
vizwiz_val_002263,VizWiz,What is this?,cake mix,microwave popcorn,0.846,0.9,none,data/VizWiz/Images/val/VizWiz_val_00002263.jpg
vizwiz_val_002264,VizWiz,How much is this?,5,unanswerable,0.860,0.1,none,data/VizWiz/Images/val/VizWiz_val_00002264.jpg
vizwiz_val_002266,VizWiz,What is this?,box tissues,tissue box,0.870,0.95,none,data/VizWiz/Images/val/VizWiz_val_00002266.jpg
vizwiz_val_002267,VizWiz,May I know what is this please?,tea,tulsi chai,0.983,1.0,none,data/VizWiz/Images/val/VizWiz_val_00002267.jpg
vizwiz_val_002268,VizWiz,What is this?,kitchen,living room,0.657,0.9,none,data/VizWiz/Images/val/VizWiz_val_00002268.jpg
vizwiz_val_002270,VizWiz,Is it keyboard?,yes,keyboard,0.776,1.0,none,data/VizWiz/Images/val/VizWiz_val_00002270.jpg
vizwiz_val_002271,VizWiz,What is in this package?,cigarettes,recessed filter,0.967,0.95,none,data/VizWiz/Images/val/VizWiz_val_00002271.jpg
vizwiz_val_002274,VizWiz,What is this item?,can beans,canned beans,0.732,0.85,none,data/VizWiz/Images/val/VizWiz_val_00002274.jpg
vizwiz_val_002277,VizWiz,What is this?,picture,anatomy diagram,0.626,0.85,none,data/VizWiz/Images/val/VizWiz_val_00002277.jpg
vizwiz_val_002279,VizWiz,What is in this bottle?,lotion,body wash,0.863,0.9,none,data/VizWiz/Images/val/VizWiz_val_00002279.jpg
vizwiz_val_002281,VizWiz,What color is my dog?,white,golden,0.634,0.95,none,data/VizWiz/Images/val/VizWiz_val_00002281.jpg
vizwiz_val_002284,VizWiz,What can is this?,chili,snacks,0.601,0.95,none,data/VizWiz/Images/val/VizWiz_val_00002284.jpg
vizwiz_val_002290,VizWiz,Whats in this?,man walking,"people, dogs",0.914,0.95,none,data/VizWiz/Images/val/VizWiz_val_00002290.jpg
vizwiz_val_002291,VizWiz,What color is this shirt?,red,blue,0.976,0.9,none,data/VizWiz/Images/val/VizWiz_val_00002291.jpg
vizwiz_val_002292,VizWiz,What is this?,hat,baseball cap,0.977,1.0,none,data/VizWiz/Images/val/VizWiz_val_00002292.jpg
vizwiz_val_002294,VizWiz,Can you see what's on this label please?,yes,drug facts,0.967,0.95,none,data/VizWiz/Images/val/VizWiz_val_00002294.jpg
vizwiz_val_002297,VizWiz,What are the oven cooking instructions for this hot pie?,350 for 1 hr,unanswerable,1.000,0.1,none,data/VizWiz/Images/val/VizWiz_val_00002297.jpg
vizwiz_val_002298,VizWiz,What is it?,portable misting system,cool camper,0.800,0.95,none,data/VizWiz/Images/val/VizWiz_val_00002298.jpg
vizwiz_val_002300,VizWiz,Can you please identify this tin?,bug spray,unanswerable,0.860,0.85,none,data/VizWiz/Images/val/VizWiz_val_00002300.jpg
vizwiz_val_002302,VizWiz,What color is this?,grey,blue-gray,0.803,0.95,none,data/VizWiz/Images/val/VizWiz_val_00002302.jpg
vizwiz_val_002303,VizWiz,What kind of plant is this?,some beauty plant,dracaena,0.937,0.85,none,data/VizWiz/Images/val/VizWiz_val_00002303.jpg
vizwiz_val_002304,VizWiz,What kind of soda is this?,dr pepper,pepsi,0.999,0.95,none,data/VizWiz/Images/val/VizWiz_val_00002304.jpg
vizwiz_val_002306,VizWiz,Where is my black braille book?,on blanket,unanswerable,0.683,0.95,none,data/VizWiz/Images/val/VizWiz_val_00002306.jpg
vizwiz_val_002307,VizWiz,What does the dial indicate as the top facing number?,475,400,0.836,0.9,none,data/VizWiz/Images/val/VizWiz_val_00002307.jpg
vizwiz_val_002308,VizWiz,what is the scientific name of this leaf?,green leaf,unanswerable,1.000,0.1,none,data/VizWiz/Images/val/VizWiz_val_00002308.jpg
vizwiz_val_002312,VizWiz,What is it?,tv,entertainment center,0.608,0.95,none,data/VizWiz/Images/val/VizWiz_val_00002312.jpg
vizwiz_val_002313,VizWiz,Where on this screen do I accept the license terms for Windows?,bottom right corner,checkbox,0.694,1.0,none,data/VizWiz/Images/val/VizWiz_val_00002313.jpg
vizwiz_val_002318,VizWiz,when does this expire?,dec 23 2013,unanswerable,0.978,0.5,none,data/VizWiz/Images/val/VizWiz_val_00002318.jpg
vizwiz_val_002319,VizWiz,"What is this and what color is it? Thank you, I really appreciate what you do.",game controller black,"game controller, black",0.764,0.95,none,data/VizWiz/Images/val/VizWiz_val_00002319.jpg
vizwiz_val_002321,VizWiz,What is this product?,alcohol,sauce,0.952,0.9,none,data/VizWiz/Images/val/VizWiz_val_00002321.jpg
vizwiz_val_002323,VizWiz,what is this?,hat,baseball cap,0.861,1.0,none,data/VizWiz/Images/val/VizWiz_val_00002323.jpg
vizwiz_val_002328,VizWiz,"Can you please tell me what the dryer's set to, and which way does it turn it to increase the temper",currently at normal turn left for jeans then heavy duty,casual,0.673,0.85,none,data/VizWiz/Images/val/VizWiz_val_00002328.jpg
vizwiz_val_002335,VizWiz,What is this?,glass,unanswerable,0.887,0.9,none,data/VizWiz/Images/val/VizWiz_val_00002335.jpg
vizwiz_val_002336,VizWiz,What kind of bottle is this?,liquor,spray bottle,0.738,0.9,none,data/VizWiz/Images/val/VizWiz_val_00002336.jpg
vizwiz_val_002337,VizWiz,What color is this Starburst?,yellow,orange,0.839,0.95,none,data/VizWiz/Images/val/VizWiz_val_00002337.jpg
vizwiz_val_002339,VizWiz,What is that computer screen showing?,nothing,unanswerable,0.997,0.1,none,data/VizWiz/Images/val/VizWiz_val_00002339.jpg
vizwiz_val_002340,VizWiz,Can you tell me whats on this CD?,scott,unanswerable,0.996,0.1,none,data/VizWiz/Images/val/VizWiz_val_00002340.jpg
vizwiz_val_002346,VizWiz,Please tell me what color shirt this is. Thank you.,white,beige,0.848,0.95,none,data/VizWiz/Images/val/VizWiz_val_00002346.jpg
vizwiz_val_002347,VizWiz,I turned the box to the next side. Can you tell me what type of vitamin pill this is? Thank you.,womens 1 daily,unanswerable,0.979,0.0,none,data/VizWiz/Images/val/VizWiz_val_00002347.jpg
vizwiz_val_002350,VizWiz,What color is this phone case?,brown,gray,0.564,0.95,none,data/VizWiz/Images/val/VizWiz_val_00002350.jpg
vizwiz_val_002351,VizWiz,What is this can?,mixed vegetables,best mix,0.932,0.85,none,data/VizWiz/Images/val/VizWiz_val_00002351.jpg
vizwiz_val_002362,VizWiz,What type of food is this?,frozen meal,oatmeal,0.689,0.95,none,data/VizWiz/Images/val/VizWiz_val_00002362.jpg
vizwiz_val_002365,VizWiz,What is the name of this seasoning?,mrs dash,pepper blend,0.834,0.9,none,data/VizWiz/Images/val/VizWiz_val_00002365.jpg
vizwiz_val_002366,VizWiz,Do I need to go to the right or left to get to the heavy load end.  About how far do you think?,turn right half turn,left,0.703,0.85,none,data/VizWiz/Images/val/VizWiz_val_00002366.jpg
vizwiz_val_002374,VizWiz,How big is ZWY?,unanswerable,$126^\circ$,0.832,0.9,answerability,data/VizWiz/Images/val/VizWiz_val_00002374.jpg
vizwiz_val_002375,VizWiz,What is in this?,crystal light,spray can,0.799,0.95,none,data/VizWiz/Images/val/VizWiz_val_00002375.jpg
vizwiz_val_002380,VizWiz,what is this?,blueberry muffin mix,betty crocker wild blueb,0.687,0.95,none,data/VizWiz/Images/val/VizWiz_val_00002380.jpg
vizwiz_val_002381,VizWiz,How does this picture look?,blurry,unanswerable,0.921,0.1,none,data/VizWiz/Images/val/VizWiz_val_00002381.jpg
vizwiz_val_002383,VizWiz,What kind of chips are these?,flamin hot cheetos,flamin' hot,0.953,0.95,none,data/VizWiz/Images/val/VizWiz_val_00002383.jpg
vizwiz_val_002384,VizWiz,What is in this little bottle?,nothing,unanswerable,1.000,0.0,none,data/VizWiz/Images/val/VizWiz_val_00002384.jpg
vizwiz_val_002386,VizWiz,Does this microwave say on it?,5:26,yes,0.719,1.0,none,data/VizWiz/Images/val/VizWiz_val_00002386.jpg
vizwiz_val_002387,VizWiz,What is on this label?,unanswerable,buddhas tears,0.955,0.9,answerability,data/VizWiz/Images/val/VizWiz_val_00002387.jpg
vizwiz_val_002388,VizWiz,What is this?,iphone,smartphone,0.990,0.9,none,data/VizWiz/Images/val/VizWiz_val_00002388.jpg
vizwiz_val_002391,VizWiz,What is it?,diced tomatoes,diet soda,0.722,0.9,none,data/VizWiz/Images/val/VizWiz_val_00002391.jpg
vizwiz_val_002393,VizWiz,Can you please tell me if this thermostat is set to cool and what the readings are? Thank you.,fan on systems off 9:47pm,unanswerable,0.960,0.5,none,data/VizWiz/Images/val/VizWiz_val_00002393.jpg
vizwiz_val_002394,VizWiz,What does my hand look like?,ring on finger,unanswerable,0.743,0.85,none,data/VizWiz/Images/val/VizWiz_val_00002394.jpg
vizwiz_val_002395,VizWiz,What is in this bottle?,motrin,ibuprofen,0.978,0.95,none,data/VizWiz/Images/val/VizWiz_val_00002395.jpg
vizwiz_val_002396,VizWiz,What is this please?,can,price tag,0.980,0.95,none,data/VizWiz/Images/val/VizWiz_val_00002396.jpg
vizwiz_val_002398,VizWiz,What in the photo?,paper towels,toilet paper,0.816,0.95,none,data/VizWiz/Images/val/VizWiz_val_00002398.jpg
vizwiz_val_002399,VizWiz,What dinner is this?,beef peppers,beef & peppers,0.996,0.95,none,data/VizWiz/Images/val/VizWiz_val_00002399.jpg
vizwiz_val_002400,VizWiz,What's this?,wood floor,wood grain,0.921,0.95,none,data/VizWiz/Images/val/VizWiz_val_00002400.jpg
vizwiz_val_002402,VizWiz,What is this a picture of?,dog,fox puppy,0.868,0.95,none,data/VizWiz/Images/val/VizWiz_val_00002402.jpg
vizwiz_val_002405,VizWiz,What does the soap bottle say on it?,anti bacterial,anti-bacterial,0.920,0.85,none,data/VizWiz/Images/val/VizWiz_val_00002405.jpg
vizwiz_val_002406,VizWiz,"I know this is some kind of food. I just want to know what flavor is it, or what kind?",beef tips,unanswerable,0.927,0.2,none,data/VizWiz/Images/val/VizWiz_val_00002406.jpg
vizwiz_val_002407,VizWiz,What is this?,door,restaurant entrance,0.676,0.95,none,data/VizWiz/Images/val/VizWiz_val_00002407.jpg
vizwiz_val_002410,VizWiz,What kind of tree is this?,evergreen,arborvitae,0.913,0.9,none,data/VizWiz/Images/val/VizWiz_val_00002410.jpg
vizwiz_val_002414,VizWiz,What's on the screen?,nothing,unanswerable,0.992,0.95,none,data/VizWiz/Images/val/VizWiz_val_00002414.jpg
vizwiz_val_002417,VizWiz,What is this picture?,black white men in courtroom,unanswerable,0.995,0.1,none,data/VizWiz/Images/val/VizWiz_val_00002417.jpg
vizwiz_val_002419,VizWiz,What is this please?,traditional japanese incense,incense stick,0.990,0.95,none,data/VizWiz/Images/val/VizWiz_val_00002419.jpg
vizwiz_val_002421,VizWiz,what product is this please and thank you.,jam,tomato sauce,0.786,0.9,none,data/VizWiz/Images/val/VizWiz_val_00002421.jpg
vizwiz_val_002422,VizWiz,What is this?,miracle whip,salad dressing,0.967,0.95,none,data/VizWiz/Images/val/VizWiz_val_00002422.jpg
vizwiz_val_002424,VizWiz,Are you able to tell what kind this one is?,warm vanilla creme,vanilla crème,0.525,0.95,none,data/VizWiz/Images/val/VizWiz_val_00002424.jpg
vizwiz_val_002425,VizWiz,What's in this container?,windex,o-dex,0.538,0.95,none,data/VizWiz/Images/val/VizWiz_val_00002425.jpg
vizwiz_val_002426,VizWiz,What's in the collage?,unanswerable,sofa and foot,0.591,0.95,answerability,data/VizWiz/Images/val/VizWiz_val_00002426.jpg
vizwiz_val_002427,VizWiz,What is in this can?,corn,golden kernel,0.823,0.9,none,data/VizWiz/Images/val/VizWiz_val_00002427.jpg
vizwiz_val_002429,VizWiz,Can you tell me what this is?,canned food,spray can,0.642,0.9,none,data/VizWiz/Images/val/VizWiz_val_00002429.jpg
vizwiz_val_002431,VizWiz,What is in this bottle and what does the label say?,adult tussin cough cold,cough & cold,0.817,0.9,none,data/VizWiz/Images/val/VizWiz_val_00002431.jpg
vizwiz_val_002433,VizWiz,What is the color of,brown,gold,0.716,0.95,none,data/VizWiz/Images/val/VizWiz_val_00002433.jpg
vizwiz_val_002444,VizWiz,"I'm sorry ???, this is just a quick test. Seems to be an issue with my camera; could someone describ",chairs tables,dining area,0.777,0.95,none,data/VizWiz/Images/val/VizWiz_val_00002444.jpg
vizwiz_val_002445,VizWiz,I cannot see can you tell me if this is the left or the right headphone?,right,unanswerable,0.950,0.1,none,data/VizWiz/Images/val/VizWiz_val_00002445.jpg
vizwiz_val_002446,VizWiz,What is this fox?,chicken burgers,unanswerable,1.000,1.0,none,data/VizWiz/Images/val/VizWiz_val_00002446.jpg
vizwiz_val_002448,VizWiz,"I'm trying to learn to take better pictures. So, can you tell me in basic terms, which items are vis",blue bag green object gold writing,"bag, phone",0.661,0.9,none,data/VizWiz/Images/val/VizWiz_val_00002448.jpg
vizwiz_val_002449,VizWiz,What is this and what is the creator of this product?,unanswerable,samsung,0.890,0.9,answerability,data/VizWiz/Images/val/VizWiz_val_00002449.jpg
vizwiz_val_002450,VizWiz,What kind of soup is this?,traditional,unanswerable,0.999,0.1,none,data/VizWiz/Images/val/VizWiz_val_00002450.jpg
vizwiz_val_002454,VizWiz,Is this better? Can you tell the flavor?,fruit punch,orange,0.958,0.9,none,data/VizWiz/Images/val/VizWiz_val_00002454.jpg
vizwiz_val_002457,VizWiz,What's in this?,nuts,snack food,0.730,0.7,none,data/VizWiz/Images/val/VizWiz_val_00002457.jpg
vizwiz_val_002458,VizWiz,What picture is this?,night,unanswerable,0.998,1.0,none,data/VizWiz/Images/val/VizWiz_val_00002458.jpg
vizwiz_val_002459,VizWiz,Could you please tell me what this shirt says?,chicago blues tuesdays,chicago blues wedays,0.969,0.9,none,data/VizWiz/Images/val/VizWiz_val_00002459.jpg
vizwiz_val_002460,VizWiz,What is this?,mountain dew,soda bottle,0.943,0.95,none,data/VizWiz/Images/val/VizWiz_val_00002460.jpg
vizwiz_val_002463,VizWiz,Could you please read this?,gods gift,little baby,0.742,0.9,none,data/VizWiz/Images/val/VizWiz_val_00002463.jpg
vizwiz_val_002466,VizWiz,What is in this picture?,grass,night scene,0.818,0.6,none,data/VizWiz/Images/val/VizWiz_val_00002466.jpg
vizwiz_val_002467,VizWiz,What's in this bottle?,this bottle rutland,glass cleaner,0.917,0.95,none,data/VizWiz/Images/val/VizWiz_val_00002467.jpg
vizwiz_val_002468,VizWiz,Is my camera obscured?,yes,no,0.884,0.95,none,data/VizWiz/Images/val/VizWiz_val_00002468.jpg
vizwiz_val_002471,VizWiz,What's this?,toothpaste,cleaning supplies,0.709,0.95,none,data/VizWiz/Images/val/VizWiz_val_00002471.jpg
vizwiz_val_002482,VizWiz,What is the fifth number?,8,1,0.988,1.0,none,data/VizWiz/Images/val/VizWiz_val_00002482.jpg
vizwiz_val_002483,VizWiz,What is this can?,coca cola,coca-cola,0.978,0.95,none,data/VizWiz/Images/val/VizWiz_val_00002483.jpg
vizwiz_val_002484,VizWiz,What color is this shirt?,pink,unanswerable,0.969,0.1,none,data/VizWiz/Images/val/VizWiz_val_00002484.jpg
vizwiz_val_002487,VizWiz,"OK, how about this angle here? Curious if this is low-fat and what brand of yogurt this is. Thanks, ",organics regular,low-fat,0.837,0.9,none,data/VizWiz/Images/val/VizWiz_val_00002487.jpg
vizwiz_val_002488,VizWiz,Can you tell me what the conventional oven preheat temperature is and for how many minutes?,375 for 20 to 25 minutes,"375°f, 20-25",0.929,1.0,none,data/VizWiz/Images/val/VizWiz_val_00002488.jpg
vizwiz_val_002492,VizWiz,What is in this can?,soda,unanswerable,0.999,0.1,none,data/VizWiz/Images/val/VizWiz_val_00002492.jpg
vizwiz_val_002493,VizWiz,What's the color of this shirt?,white,cream,0.793,0.95,none,data/VizWiz/Images/val/VizWiz_val_00002493.jpg
vizwiz_val_002495,VizWiz,Which coffee is this?,express tauro,espressi tauro,0.957,1.0,none,data/VizWiz/Images/val/VizWiz_val_00002495.jpg
vizwiz_val_002499,VizWiz,What is this?,leg,mesh fabric,0.755,0.9,none,data/VizWiz/Images/val/VizWiz_val_00002499.jpg
vizwiz_val_002500,VizWiz,What is this?,candy,unanswerable,0.932,0.1,none,data/VizWiz/Images/val/VizWiz_val_00002500.jpg
vizwiz_val_002503,VizWiz,What is this?,wrapping paper,christmas ornaments,0.645,0.85,none,data/VizWiz/Images/val/VizWiz_val_00002503.jpg
vizwiz_val_002504,VizWiz,what cereal is this?,alpha bits,unanswerable,0.864,0.9,none,data/VizWiz/Images/val/VizWiz_val_00002504.jpg
vizwiz_val_002507,VizWiz,What color is this?,yellow red white,yellow and red,0.731,0.85,none,data/VizWiz/Images/val/VizWiz_val_00002507.jpg
vizwiz_val_002508,VizWiz,Which country does this belong to?,iran,pakistan,0.534,0.9,none,data/VizWiz/Images/val/VizWiz_val_00002508.jpg
vizwiz_val_002509,VizWiz,What is in this box?,spaghetti bolognaise,spaghetti bolognese,0.990,1.0,none,data/VizWiz/Images/val/VizWiz_val_00002509.jpg
vizwiz_val_002510,VizWiz,What is this bill?,2,unanswerable,0.886,0.3,none,data/VizWiz/Images/val/VizWiz_val_00002510.jpg
vizwiz_val_002511,VizWiz,what is this?,can,nutrition label,0.810,0.9,none,data/VizWiz/Images/val/VizWiz_val_00002511.jpg
vizwiz_val_002512,VizWiz,What card is this and is it right side up or upside down thank you.,upside down,"nine, right",0.642,0.95,none,data/VizWiz/Images/val/VizWiz_val_00002512.jpg
vizwiz_val_002513,VizWiz,"What is in this tin, please?",vegetable,unanswerable,0.979,0.1,none,data/VizWiz/Images/val/VizWiz_val_00002513.jpg
vizwiz_val_002515,VizWiz,What's in this can?,tomato sauce,hunt's sauce,0.913,1.0,none,data/VizWiz/Images/val/VizWiz_val_00002515.jpg
vizwiz_val_002516,VizWiz,What is this a picture of?,box,red container,0.622,0.85,none,data/VizWiz/Images/val/VizWiz_val_00002516.jpg
vizwiz_val_002518,VizWiz,Can you help me? What is this?,sheet,unanswerable,0.790,0.95,none,data/VizWiz/Images/val/VizWiz_val_00002518.jpg
vizwiz_val_002519,VizWiz,What color is this fabric?,white green dots,light blue,0.799,0.95,none,data/VizWiz/Images/val/VizWiz_val_00002519.jpg
vizwiz_val_002520,VizWiz,How much?,1 dollar,$1.00,0.981,0.95,none,data/VizWiz/Images/val/VizWiz_val_00002520.jpg
vizwiz_val_002523,VizWiz,What does it say on the display?,nothing,5.8ghz,0.909,0.3,none,data/VizWiz/Images/val/VizWiz_val_00002523.jpg
vizwiz_val_002525,VizWiz,What is this box?,computer software,product key card,0.970,0.95,none,data/VizWiz/Images/val/VizWiz_val_00002525.jpg
vizwiz_val_002526,VizWiz,What color was that please?,black white,black and white,0.985,0.95,none,data/VizWiz/Images/val/VizWiz_val_00002526.jpg
vizwiz_val_002529,VizWiz,"What are the, what are the instructions on the screen?",unanswerable,windows boot manager,0.811,0.95,answerability,data/VizWiz/Images/val/VizWiz_val_00002529.jpg
vizwiz_val_002532,VizWiz,Can you tell what's in this tin?,cranberry sauce,raspberry,0.707,0.9,none,data/VizWiz/Images/val/VizWiz_val_00002532.jpg
vizwiz_val_002533,VizWiz,What type of food?,cornbread mix,baking mix,0.833,0.95,none,data/VizWiz/Images/val/VizWiz_val_00002533.jpg
vizwiz_val_002536,VizWiz,What kind of fish is this?,catfish,angelfish,0.786,0.75,none,data/VizWiz/Images/val/VizWiz_val_00002536.jpg
vizwiz_val_002542,VizWiz,What is color for this laptop?,black,unanswerable,0.996,0.1,none,data/VizWiz/Images/val/VizWiz_val_00002542.jpg
vizwiz_val_002545,VizWiz,How much of the page in this photo cross is visible? Thank you.,90%,unanswerable,0.987,1.0,none,data/VizWiz/Images/val/VizWiz_val_00002545.jpg
vizwiz_val_002546,VizWiz,What is this?,itunes giftcard,music icon,0.835,1.0,none,data/VizWiz/Images/val/VizWiz_val_00002546.jpg
vizwiz_val_002553,VizWiz,What's on this shirt?,unanswerable,mickey mouse,0.990,0.9,answerability,data/VizWiz/Images/val/VizWiz_val_00002553.jpg
vizwiz_val_002556,VizWiz,"Now can you see the order number for this necklace and bracelet, and this Avon booklet?",558 503,unanswerable,0.981,0.95,none,data/VizWiz/Images/val/VizWiz_val_00002556.jpg
vizwiz_val_002557,VizWiz,What do you see?,door,unanswerable,0.724,0.5,none,data/VizWiz/Images/val/VizWiz_val_00002557.jpg
vizwiz_val_002561,VizWiz,What kind of coffee is this?,dunkin donuts,dunkin' donuts,0.935,0.95,none,data/VizWiz/Images/val/VizWiz_val_00002561.jpg
vizwiz_val_002565,VizWiz,what is this item,unanswerable,perfume sample,0.926,0.9,answerability,data/VizWiz/Images/val/VizWiz_val_00002565.jpg
vizwiz_val_002569,VizWiz,Can you tell me what this food item is?,manwich,canned vegetables,0.771,0.85,none,data/VizWiz/Images/val/VizWiz_val_00002569.jpg
vizwiz_val_002570,VizWiz,"What color is this t-shirt, and what are the colors in it?",white blue,blue and beige,0.867,0.9,none,data/VizWiz/Images/val/VizWiz_val_00002570.jpg
vizwiz_val_002573,VizWiz,What is the expiration date?,dec 03 2011,dec 30211,0.810,0.95,none,data/VizWiz/Images/val/VizWiz_val_00002573.jpg
vizwiz_val_002574,VizWiz,What color is this t-shirt?,white,gray,0.728,0.95,none,data/VizWiz/Images/val/VizWiz_val_00002574.jpg
vizwiz_val_002576,VizWiz,Which color has it?,white,silver,0.735,0.95,none,data/VizWiz/Images/val/VizWiz_val_00002576.jpg
vizwiz_val_002578,VizWiz,which pot pie is this?,cheesy ham potato,unanswerable,0.896,0.9,none,data/VizWiz/Images/val/VizWiz_val_00002578.jpg
vizwiz_val_002583,VizWiz,What is this object?,wall,unanswerable,0.998,0.1,none,data/VizWiz/Images/val/VizWiz_val_00002583.jpg
vizwiz_val_002585,VizWiz,Which meal is this?  It's waiting for time to run out?,spaghetti,pizza,0.888,0.85,none,data/VizWiz/Images/val/VizWiz_val_00002585.jpg
vizwiz_val_002589,VizWiz,What color is this t-shirt?,white,light blue,0.962,0.9,none,data/VizWiz/Images/val/VizWiz_val_00002589.jpg
vizwiz_val_002590,VizWiz,What kind of TV dinner is this? I know it's Stoffer's but what flavor? Thanks.,meatloaf,unanswerable,0.991,0.3,none,data/VizWiz/Images/val/VizWiz_val_00002590.jpg
vizwiz_val_002592,VizWiz,What is this?,oreos,oreo cookies,0.701,0.95,none,data/VizWiz/Images/val/VizWiz_val_00002592.jpg
vizwiz_val_002593,VizWiz,What temperature is the oven set at?,425,350,0.949,0.9,none,data/VizWiz/Images/val/VizWiz_val_00002593.jpg
vizwiz_val_002594,VizWiz,how many nachos over to the left and or right is the setting bulky?,1 notch to right,unanswerable,0.706,0.95,none,data/VizWiz/Images/val/VizWiz_val_00002594.jpg
vizwiz_val_002595,VizWiz,What spice is this?,garlic salt,unanswerable,0.994,0.1,none,data/VizWiz/Images/val/VizWiz_val_00002595.jpg
vizwiz_val_002596,VizWiz,What is this?,chinese food,cooked beans,0.712,0.9,none,data/VizWiz/Images/val/VizWiz_val_00002596.jpg
vizwiz_val_002597,VizWiz,What is this box?,breakfast sandwich,bacon egg & cheese,0.774,0.95,none,data/VizWiz/Images/val/VizWiz_val_00002597.jpg
vizwiz_val_002599,VizWiz,What is in this can?,tomato sauce,unanswerable,0.999,0.1,none,data/VizWiz/Images/val/VizWiz_val_00002599.jpg
vizwiz_val_002605,VizWiz,What is this shirt?,disney world,unanswerable,0.932,0.1,none,data/VizWiz/Images/val/VizWiz_val_00002605.jpg
vizwiz_val_002607,VizWiz,What is this product?,i cant believe not butter,butter spray,0.980,0.95,none,data/VizWiz/Images/val/VizWiz_val_00002607.jpg
vizwiz_val_002608,VizWiz,What color is this dress?,brown white,brown and white,0.999,0.95,none,data/VizWiz/Images/val/VizWiz_val_00002608.jpg
vizwiz_val_002609,VizWiz,What is this?,dvd,chess set,0.517,0.95,none,data/VizWiz/Images/val/VizWiz_val_00002609.jpg
vizwiz_val_002610,VizWiz,What color is that? Thank you.,grey,black,0.991,0.95,none,data/VizWiz/Images/val/VizWiz_val_00002610.jpg
vizwiz_val_002611,VizWiz,What kind of oatmeal is this and thank you.,cinnamon spice,cinnamon & spice,0.887,0.9,none,data/VizWiz/Images/val/VizWiz_val_00002611.jpg
vizwiz_val_002612,VizWiz,What do the big gray clouds look like in the sky?,clouds,"dark, heavy",0.774,0.95,none,data/VizWiz/Images/val/VizWiz_val_00002612.jpg
vizwiz_val_002613,VizWiz,Is it asking? What? Should be. I am.,peanut butter granola bars,unanswerable,0.944,1.0,none,data/VizWiz/Images/val/VizWiz_val_00002613.jpg
vizwiz_val_002616,VizWiz,How about the weather?,25 degrees c,unanswerable,1.000,1.0,none,data/VizWiz/Images/val/VizWiz_val_00002616.jpg
vizwiz_val_002618,VizWiz,What is this?,tv,television setup,0.690,0.95,none,data/VizWiz/Images/val/VizWiz_val_00002618.jpg
vizwiz_val_002620,VizWiz,What does the screen say?,acer,unanswerable,0.978,0.1,none,data/VizWiz/Images/val/VizWiz_val_00002620.jpg
vizwiz_val_002624,VizWiz,What is the measure of angle mar?,unanswerable,$2x+3$,0.664,,answerability,data/VizWiz/Images/val/VizWiz_val_00002624.jpg
vizwiz_val_002627,VizWiz,What is this?,sugar,bags,0.646,0.9,none,data/VizWiz/Images/val/VizWiz_val_00002627.jpg
vizwiz_val_002629,VizWiz,What is the object in this image?,tv,rug,0.685,0.95,none,data/VizWiz/Images/val/VizWiz_val_00002629.jpg
vizwiz_val_002631,VizWiz,What is this?,perfume,dolce & gabbana light blue,0.805,1.0,none,data/VizWiz/Images/val/VizWiz_val_00002631.jpg
vizwiz_val_002633,VizWiz,What shirt is this?,niagara falls,unanswerable,1.000,0.0,none,data/VizWiz/Images/val/VizWiz_val_00002633.jpg
vizwiz_val_002638,VizWiz,What is this item?,hot pepper sauce,hot sauce,0.987,0.95,none,data/VizWiz/Images/val/VizWiz_val_00002638.jpg
vizwiz_val_002643,VizWiz,What color are these rosary beads?,yellow green blue red,multi-colored,0.798,0.95,none,data/VizWiz/Images/val/VizWiz_val_00002643.jpg
vizwiz_val_002644,VizWiz,What is this?,mcdonalds cup,mcdonald's cup,0.983,1.0,none,data/VizWiz/Images/val/VizWiz_val_00002644.jpg
vizwiz_val_002647,VizWiz,What does this say?,jergens new soft shimmer skin radiance moisturizer,jergens soft shimmer,0.961,0.95,none,data/VizWiz/Images/val/VizWiz_val_00002647.jpg
vizwiz_val_002651,VizWiz,What is this bottle and what's the dosage if you can see it?  Thank you.,aspirin cant see dosage,"aspirin, 81 mg",0.973,0.95,none,data/VizWiz/Images/val/VizWiz_val_00002651.jpg
vizwiz_val_002653,VizWiz,What's this?,table,breakfast,0.733,0.95,none,data/VizWiz/Images/val/VizWiz_val_00002653.jpg
vizwiz_val_002654,VizWiz,What is this item?,sugar,coffee packet,0.627,0.95,none,data/VizWiz/Images/val/VizWiz_val_00002654.jpg
vizwiz_val_002662,VizWiz,"What is in this can, please?",fruit,unanswerable,0.988,0.1,none,data/VizWiz/Images/val/VizWiz_val_00002662.jpg
vizwiz_val_002665,VizWiz,What are the title and author of the CD?,washingtons golden delicious music series,washington's golden delicious,0.779,0.9,none,data/VizWiz/Images/val/VizWiz_val_00002665.jpg
vizwiz_val_002666,VizWiz,"Hi, are you able to describe this trainer to me, please.",white red blue,white trainers,0.739,0.95,none,data/VizWiz/Images/val/VizWiz_val_00002666.jpg
vizwiz_val_002667,VizWiz,What type of bottle is that?,water bottle,plastic bottle,0.874,0.85,none,data/VizWiz/Images/val/VizWiz_val_00002667.jpg
vizwiz_val_002669,VizWiz,What does my screen say?,unanswerable,8100,0.820,0.85,answerability,data/VizWiz/Images/val/VizWiz_val_00002669.jpg
vizwiz_val_002671,VizWiz,What is this?,cell phone,mobile hotspot,0.903,0.95,none,data/VizWiz/Images/val/VizWiz_val_00002671.jpg
vizwiz_val_002672,VizWiz,What is this?,iphone,apple case,0.588,0.95,none,data/VizWiz/Images/val/VizWiz_val_00002672.jpg
vizwiz_val_002673,VizWiz,What is in that bottle?,vodka,smirnoff ice,0.991,0.95,none,data/VizWiz/Images/val/VizWiz_val_00002673.jpg
vizwiz_val_002677,VizWiz,What do you see?,flowers,table setting,0.555,0.9,none,data/VizWiz/Images/val/VizWiz_val_00002677.jpg
vizwiz_val_002680,VizWiz,What color is this slip?,white,cream,0.672,0.95,none,data/VizWiz/Images/val/VizWiz_val_00002680.jpg
vizwiz_val_002681,VizWiz,Which button is the second floor button?,top,2,0.975,1.0,none,data/VizWiz/Images/val/VizWiz_val_00002681.jpg
vizwiz_val_002682,VizWiz,Is this love?,no,unanswerable,0.999,1.0,none,data/VizWiz/Images/val/VizWiz_val_00002682.jpg
vizwiz_val_002683,VizWiz,What is this little package?,kool aid,nutrition facts,0.660,0.9,none,data/VizWiz/Images/val/VizWiz_val_00002683.jpg
vizwiz_val_002684,VizWiz,What am I looking at?,lightbulb,led bulb,0.666,0.9,none,data/VizWiz/Images/val/VizWiz_val_00002684.jpg
vizwiz_val_002685,VizWiz,"can you give me the cooking directions for this product, thank you",place spoon bake,"preheat, mix, bake",0.753,0.95,none,data/VizWiz/Images/val/VizWiz_val_00002685.jpg
vizwiz_val_002691,VizWiz,What flavor is this?,awake,black tea,0.791,0.95,none,data/VizWiz/Images/val/VizWiz_val_00002691.jpg
vizwiz_val_002692,VizWiz,What is it?,microwave,unanswerable,0.809,0.75,none,data/VizWiz/Images/val/VizWiz_val_00002692.jpg
vizwiz_val_002693,VizWiz,what am I looking at?,desk,conference room,0.525,0.85,none,data/VizWiz/Images/val/VizWiz_val_00002693.jpg
vizwiz_val_002694,VizWiz,I'm wondering about the main buttons on this microwave. What I need to cook something for a number o,unanswerable,number pad,0.841,0.95,answerability,data/VizWiz/Images/val/VizWiz_val_00002694.jpg
vizwiz_val_002696,VizWiz,Is this wallet for male or female?,male,unanswerable,0.853,0.5,none,data/VizWiz/Images/val/VizWiz_val_00002696.jpg
vizwiz_val_002698,VizWiz,Sky look like in this picture.,cloudy,stormy sky,0.811,0.95,none,data/VizWiz/Images/val/VizWiz_val_00002698.jpg
vizwiz_val_002704,VizWiz,What color is this?,grey,gray,0.874,0.9,none,data/VizWiz/Images/val/VizWiz_val_00002704.jpg
vizwiz_val_002706,VizWiz,What color is this?,grey,black,0.999,0.95,none,data/VizWiz/Images/val/VizWiz_val_00002706.jpg
vizwiz_val_002711,VizWiz,What spice is this?,sugar,unanswerable,1.000,0.0,none,data/VizWiz/Images/val/VizWiz_val_00002711.jpg
vizwiz_val_002712,VizWiz,What is this?,piggy bank,toy frog,0.541,0.9,none,data/VizWiz/Images/val/VizWiz_val_00002712.jpg
vizwiz_val_002715,VizWiz,What kind of hand soap is this?,papaya mango,papaya & mango,0.939,1.0,none,data/VizWiz/Images/val/VizWiz_val_00002715.jpg
vizwiz_val_002718,VizWiz,What cd is this?,john michael montgomery,unanswerable,0.994,0.2,none,data/VizWiz/Images/val/VizWiz_val_00002718.jpg
vizwiz_val_002720,VizWiz,What is this and what is recent there?,unanswerable,bioderma white objective,0.597,0.95,answerability,data/VizWiz/Images/val/VizWiz_val_00002720.jpg
vizwiz_val_002722,VizWiz,What does this list include?,bandages,first aid kit,0.901,1.0,none,data/VizWiz/Images/val/VizWiz_val_00002722.jpg
vizwiz_val_002724,VizWiz,this is the display of a treadmill could you tell me the distance please.,4.22,4.20,0.765,0.9,none,data/VizWiz/Images/val/VizWiz_val_00002724.jpg
vizwiz_val_002726,VizWiz,What color is the dryer and what time is it?,white,unanswerable,0.991,0.1,none,data/VizWiz/Images/val/VizWiz_val_00002726.jpg
vizwiz_val_002732,VizWiz,How much money is this?,20,twenty dollars,0.897,1.0,none,data/VizWiz/Images/val/VizWiz_val_00002732.jpg
vizwiz_val_002738,VizWiz,What type of medicine is this?,omega,dietary supplement,0.997,0.9,none,data/VizWiz/Images/val/VizWiz_val_00002738.jpg
vizwiz_val_002739,VizWiz,What's the temperature set at?,75,65,0.629,0.85,none,data/VizWiz/Images/val/VizWiz_val_00002739.jpg
vizwiz_val_002742,VizWiz,What is this item?,ipod nano case,sound case,0.978,0.95,none,data/VizWiz/Images/val/VizWiz_val_00002742.jpg
vizwiz_val_002743,VizWiz,What color is this?,aqua,light blue,0.986,0.95,none,data/VizWiz/Images/val/VizWiz_val_00002743.jpg
vizwiz_val_002747,VizWiz,what is on this page?,tarot card instructions,book page,0.564,0.95,none,data/VizWiz/Images/val/VizWiz_val_00002747.jpg
vizwiz_val_002748,VizWiz,Can you see what label is on the can of coke?  I'm just wondering if it's something that got stuck t,no,unanswerable,0.968,0.2,none,data/VizWiz/Images/val/VizWiz_val_00002748.jpg
vizwiz_val_002749,VizWiz,Can you please tell me what the oven temperature is set to?,broil,unanswerable,0.998,0.5,none,data/VizWiz/Images/val/VizWiz_val_00002749.jpg
vizwiz_val_002755,VizWiz,What is this?,bag,unanswerable,0.848,0.1,none,data/VizWiz/Images/val/VizWiz_val_00002755.jpg
vizwiz_val_002756,VizWiz,What is the title of this book?,english italian italian english dictionary,hippocrene practical dictionary,0.936,1.0,none,data/VizWiz/Images/val/VizWiz_val_00002756.jpg
vizwiz_val_002759,VizWiz,What is this?,1 dollar bill,one dollar,0.842,0.95,none,data/VizWiz/Images/val/VizWiz_val_00002759.jpg
vizwiz_val_002762,VizWiz,Cooking directions.,microwave 4 minutes,unanswerable,0.994,0.0,none,data/VizWiz/Images/val/VizWiz_val_00002762.jpg
vizwiz_val_002764,VizWiz,What is this?,xm radio,car stereo,0.887,0.95,none,data/VizWiz/Images/val/VizWiz_val_00002764.jpg
vizwiz_val_002767,VizWiz,what wash cycle do i have this on?,heavy,normal,0.739,0.9,none,data/VizWiz/Images/val/VizWiz_val_00002767.jpg
vizwiz_val_002772,VizWiz,What is this?,unanswerable,cosmetic product,0.858,0.75,answerability,data/VizWiz/Images/val/VizWiz_val_00002772.jpg
vizwiz_val_002774,VizWiz,What is it?,unanswerable,money,0.777,0.8,answerability,data/VizWiz/Images/val/VizWiz_val_00002774.jpg
vizwiz_val_002775,VizWiz,What kind of bird is this?,parakeet,baltimore oriole,0.757,0.9,none,data/VizWiz/Images/val/VizWiz_val_00002775.jpg
vizwiz_val_002776,VizWiz,"What color is that, please?",black,dark brown,0.695,0.7,none,data/VizWiz/Images/val/VizWiz_val_00002776.jpg
vizwiz_val_002779,VizWiz,Please describe the picture.,shrub grass,sunlit garden,0.604,0.85,none,data/VizWiz/Images/val/VizWiz_val_00002779.jpg
vizwiz_val_002781,VizWiz,What is in this box?,sausages onion gravy,sausages & onion gravy,0.984,0.95,none,data/VizWiz/Images/val/VizWiz_val_00002781.jpg
vizwiz_val_002788,VizWiz,What is in this bag? Thank you.,frozen vegetables,steam n serve vegetables,0.708,0.95,none,data/VizWiz/Images/val/VizWiz_val_00002788.jpg
vizwiz_val_002789,VizWiz,What is this?,can vegetables,vegetable soup,0.730,0.9,none,data/VizWiz/Images/val/VizWiz_val_00002789.jpg
vizwiz_val_002791,VizWiz,What is in this box?,chicken filets,chicken fillets,0.897,0.9,none,data/VizWiz/Images/val/VizWiz_val_00002791.jpg
vizwiz_val_002792,VizWiz,Whats in the bag?,chocolate chips,milk chocolate,0.755,1.0,none,data/VizWiz/Images/val/VizWiz_val_00002792.jpg
vizwiz_val_002794,VizWiz,What is this?,bedroom,unanswerable,0.799,0.9,none,data/VizWiz/Images/val/VizWiz_val_00002794.jpg
vizwiz_val_002796,VizWiz,What color is this shirt?,black,gray,0.655,0.6,none,data/VizWiz/Images/val/VizWiz_val_00002796.jpg
vizwiz_val_002798,VizWiz,whats in this can?,diet dr pepper,diet pepsi,0.845,0.95,none,data/VizWiz/Images/val/VizWiz_val_00002798.jpg
vizwiz_val_002799,VizWiz,What is this a picture of?,pens,unanswerable,0.762,0.9,none,data/VizWiz/Images/val/VizWiz_val_00002799.jpg
vizwiz_val_002802,VizWiz,What color is this?,burgundy,brown,0.765,0.95,none,data/VizWiz/Images/val/VizWiz_val_00002802.jpg
vizwiz_val_002803,VizWiz,What is this?,chicken florentine alfredo,food packaging,0.576,0.95,none,data/VizWiz/Images/val/VizWiz_val_00002803.jpg
vizwiz_val_002804,VizWiz,What flavor are these biscuits?,crunch cream,unanswerable,0.994,0.1,none,data/VizWiz/Images/val/VizWiz_val_00002804.jpg
vizwiz_val_002805,VizWiz,Can you tell me the detail of the food in this thing?,herb crusted white fish pasta in tomato basil sauce green beans carrots,herb crusted fish,0.970,1.0,none,data/VizWiz/Images/val/VizWiz_val_00002805.jpg
vizwiz_val_002809,VizWiz,Would you please tell me what the sky in this photograph looks like?,stormy,"cloudy, dark",0.665,0.95,none,data/VizWiz/Images/val/VizWiz_val_00002809.jpg
vizwiz_val_002811,VizWiz,Dinner bowl is this?,marie callenders,unanswerable,0.989,0.1,none,data/VizWiz/Images/val/VizWiz_val_00002811.jpg
vizwiz_val_002812,VizWiz,Can you tell me what this card is?,blue 2,two,0.967,0.9,none,data/VizWiz/Images/val/VizWiz_val_00002812.jpg
vizwiz_val_002819,VizWiz,what kind of product is this?,cigarettes,unanswerable,0.794,0.85,none,data/VizWiz/Images/val/VizWiz_val_00002819.jpg
vizwiz_val_002820,VizWiz,What are the colors of these three cable ties?,red red yellow,"red, red, yellow",0.953,1.0,none,data/VizWiz/Images/val/VizWiz_val_00002820.jpg
vizwiz_val_002821,VizWiz,What is this?,cake mix,baking ingredients,0.976,0.95,none,data/VizWiz/Images/val/VizWiz_val_00002821.jpg
vizwiz_val_002828,VizWiz,What color is this?,white,beige,0.937,0.9,none,data/VizWiz/Images/val/VizWiz_val_00002828.jpg
vizwiz_val_002829,VizWiz,What is this?,andes mints,green packaging,0.600,0.9,none,data/VizWiz/Images/val/VizWiz_val_00002829.jpg
vizwiz_val_002831,VizWiz,What is this?,unanswerable,medication bottle,0.940,0.9,answerability,data/VizWiz/Images/val/VizWiz_val_00002831.jpg
vizwiz_val_002833,VizWiz,What is in this box?,croissants,unanswerable,0.748,0.3,none,data/VizWiz/Images/val/VizWiz_val_00002833.jpg
vizwiz_val_002837,VizWiz,What are the directions?,heat drop bake,"mix, drop, bake",0.783,0.95,none,data/VizWiz/Images/val/VizWiz_val_00002837.jpg
vizwiz_val_002838,VizWiz,What is this?,rc cola,red bull,0.885,0.95,none,data/VizWiz/Images/val/VizWiz_val_00002838.jpg
vizwiz_val_002840,VizWiz,What is this?,can,unanswerable,0.942,0.1,none,data/VizWiz/Images/val/VizWiz_val_00002840.jpg
vizwiz_val_002841,VizWiz,What colors are on this shirt?,brown black silver,"blue, brown",0.757,0.95,none,data/VizWiz/Images/val/VizWiz_val_00002841.jpg
vizwiz_val_002843,VizWiz,What is the temperature on this thermostat?,50,unanswerable,0.889,0.1,none,data/VizWiz/Images/val/VizWiz_val_00002843.jpg
vizwiz_val_002845,VizWiz,What kind of coffee is this?,brazil santos,brazilian santos,0.756,0.9,none,data/VizWiz/Images/val/VizWiz_val_00002845.jpg
vizwiz_val_002847,VizWiz,What color is the wall?,pink,purple,0.987,1.0,none,data/VizWiz/Images/val/VizWiz_val_00002847.jpg
vizwiz_val_002851,VizWiz,What does this one say?,nascar kart racing,wii nascar,0.775,0.95,none,data/VizWiz/Images/val/VizWiz_val_00002851.jpg
vizwiz_val_002852,VizWiz,Is this on fan now?,no,unanswerable,0.999,0.1,none,data/VizWiz/Images/val/VizWiz_val_00002852.jpg
vizwiz_val_002853,VizWiz,What is this a picture of?,sea sky,abstract painting,0.983,0.9,none,data/VizWiz/Images/val/VizWiz_val_00002853.jpg
vizwiz_val_002854,VizWiz,What dinner is this?,healthy choice,barbecue,0.757,0.9,none,data/VizWiz/Images/val/VizWiz_val_00002854.jpg
vizwiz_val_002855,VizWiz,What does it say on the box for directions on how to make macaroni and cheese?,unanswerable,2. drain macaroni. 3. add 1/4 cup,0.869,0.75,answerability,data/VizWiz/Images/val/VizWiz_val_00002855.jpg
vizwiz_val_002856,VizWiz,What is this?,unanswerable,supplement bottle,0.876,0.9,answerability,data/VizWiz/Images/val/VizWiz_val_00002856.jpg
vizwiz_val_002857,VizWiz,What kind of animal is this?,dinosaur,frog,0.589,0.95,none,data/VizWiz/Images/val/VizWiz_val_00002857.jpg
vizwiz_val_002858,VizWiz,What denomination is this?,5,five dollars,0.932,1.0,none,data/VizWiz/Images/val/VizWiz_val_00002858.jpg
vizwiz_val_002859,VizWiz,What is in this bag?,vegetables,unanswerable,0.929,0.3,none,data/VizWiz/Images/val/VizWiz_val_00002859.jpg
vizwiz_val_002861,VizWiz,What color is this shirt?,white pink,pink and white,0.998,0.85,none,data/VizWiz/Images/val/VizWiz_val_00002861.jpg
vizwiz_val_002862,VizWiz,What is this coin?,quarter,one cent,0.779,0.95,none,data/VizWiz/Images/val/VizWiz_val_00002862.jpg
vizwiz_val_002865,VizWiz,What do you see in this picture?,nothing,unanswerable,0.785,0.75,none,data/VizWiz/Images/val/VizWiz_val_00002865.jpg
vizwiz_val_002867,VizWiz,What kind of coffee is this?,dark,verona,0.857,0.95,none,data/VizWiz/Images/val/VizWiz_val_00002867.jpg
vizwiz_val_002868,VizWiz,What is this?,lamp,unanswerable,0.787,0.1,none,data/VizWiz/Images/val/VizWiz_val_00002868.jpg
vizwiz_val_002869,VizWiz,Tell me the value of this card.,6,nine,0.991,1.0,none,data/VizWiz/Images/val/VizWiz_val_00002869.jpg
vizwiz_val_002871,VizWiz,What is this?,diced tomatoes,soda can,0.683,0.95,none,data/VizWiz/Images/val/VizWiz_val_00002871.jpg
vizwiz_val_002873,VizWiz,what is this can?,unanswerable,cream of chicken,0.686,0.85,answerability,data/VizWiz/Images/val/VizWiz_val_00002873.jpg
vizwiz_val_002874,VizWiz,What does this box say?,nothing,unanswerable,1.000,1.0,none,data/VizWiz/Images/val/VizWiz_val_00002874.jpg
vizwiz_val_002877,VizWiz,I moved closer.  See if we can identify this product.  Thank you.,baked potato cheddar bacon bits,campbell's chunky,0.988,0.95,none,data/VizWiz/Images/val/VizWiz_val_00002877.jpg
vizwiz_val_002878,VizWiz,What is this?,video game,playstation 2 game,0.918,1.0,none,data/VizWiz/Images/val/VizWiz_val_00002878.jpg
vizwiz_val_002879,VizWiz,What is this?,dog,unanswerable,0.900,0.1,none,data/VizWiz/Images/val/VizWiz_val_00002879.jpg
vizwiz_val_002881,VizWiz,What are the characters in this CAPTCHA image?,472 dahwit,dantv,0.815,0.9,none,data/VizWiz/Images/val/VizWiz_val_00002881.jpg
vizwiz_val_002882,VizWiz,What does this say?,harry potter deathly hallows,joker fight,0.559,0.65,none,data/VizWiz/Images/val/VizWiz_val_00002882.jpg
vizwiz_val_002884,VizWiz,What color is it?,gold,red,0.907,1.0,none,data/VizWiz/Images/val/VizWiz_val_00002884.jpg
vizwiz_val_002890,VizWiz,Can you tell how much this says I weigh?,200,unanswerable,0.997,1.0,none,data/VizWiz/Images/val/VizWiz_val_00002890.jpg
vizwiz_val_002891,VizWiz,What kind of dog is this?,dalmation,dalmatian,0.987,0.9,none,data/VizWiz/Images/val/VizWiz_val_00002891.jpg
vizwiz_val_002892,VizWiz,What's this?,unanswerable,product box,0.711,0.9,answerability,data/VizWiz/Images/val/VizWiz_val_00002892.jpg
vizwiz_val_002894,VizWiz,Can you read these words please?,unanswerable,acer,0.764,0.1,answerability,data/VizWiz/Images/val/VizWiz_val_00002894.jpg
vizwiz_val_002896,VizWiz,What is this shirt?,pink,unanswerable,0.941,0.1,none,data/VizWiz/Images/val/VizWiz_val_00002896.jpg
vizwiz_val_002897,VizWiz,Last time I asked I got the answer design. I need color. What color is the design?,tan white,brown and white,0.933,1.0,none,data/VizWiz/Images/val/VizWiz_val_00002897.jpg
vizwiz_val_002900,VizWiz,What color is this? Thank you.,black blue,blue and black,0.635,0.85,none,data/VizWiz/Images/val/VizWiz_val_00002900.jpg
vizwiz_val_002902,VizWiz,Can you please describe the card and is it right side up?,xi strength no,right side up,0.922,0.95,none,data/VizWiz/Images/val/VizWiz_val_00002902.jpg
vizwiz_val_002904,VizWiz,Could you read the writing that's on this tag please? Thank you.,yes i can read,63% polyester,0.918,0.95,none,data/VizWiz/Images/val/VizWiz_val_00002904.jpg
vizwiz_val_002906,VizWiz,what is this can,corn,unanswerable,0.918,0.3,none,data/VizWiz/Images/val/VizWiz_val_00002906.jpg
vizwiz_val_002907,VizWiz,What CD is this?,feed flock,fled flock,0.730,0.85,none,data/VizWiz/Images/val/VizWiz_val_00002907.jpg
vizwiz_val_002909,VizWiz,What is this can?,beans,unanswerable,0.991,0.2,none,data/VizWiz/Images/val/VizWiz_val_00002909.jpg
vizwiz_val_002910,VizWiz,Where is my laptop?,desk,unanswerable,0.992,0.1,none,data/VizWiz/Images/val/VizWiz_val_00002910.jpg
vizwiz_val_002911,VizWiz,What does this food label say?,uncle bens,uncle ben's,0.889,0.95,none,data/VizWiz/Images/val/VizWiz_val_00002911.jpg
vizwiz_val_002912,VizWiz,Is this product?,toy,woody wagon,0.911,0.95,none,data/VizWiz/Images/val/VizWiz_val_00002912.jpg
vizwiz_val_002914,VizWiz,What is in the picture?,dashboard,car interior,0.999,0.95,none,data/VizWiz/Images/val/VizWiz_val_00002914.jpg
vizwiz_val_002923,VizWiz,"What is this, please?",unanswerable,metal cup,0.820,0.95,answerability,data/VizWiz/Images/val/VizWiz_val_00002923.jpg
vizwiz_val_002924,VizWiz,What season is this?,spaghetti,unanswerable,0.998,1.0,none,data/VizWiz/Images/val/VizWiz_val_00002924.jpg
vizwiz_val_002930,VizWiz,What is currently on the TV screen?,nothing,unanswerable,0.991,0.95,none,data/VizWiz/Images/val/VizWiz_val_00002930.jpg
vizwiz_val_002931,VizWiz,What does my TV screen say?,this cable box not authorized for service please call your cable division,this cable box is not authorized for service,0.910,0.95,none,data/VizWiz/Images/val/VizWiz_val_00002931.jpg
vizwiz_val_002934,VizWiz,What is this?,unanswerable,mug,0.954,0.9,answerability,data/VizWiz/Images/val/VizWiz_val_00002934.jpg
vizwiz_val_002935,VizWiz,"Tell me what this bottle say, please. I don't know what it say. Please help me, please.",lawry marinade,hawks minute,0.670,0.75,none,data/VizWiz/Images/val/VizWiz_val_00002935.jpg
vizwiz_val_002936,VizWiz,What denomination of currency is this?,1 dollar,one dollar,0.879,0.95,none,data/VizWiz/Images/val/VizWiz_val_00002936.jpg
vizwiz_val_002939,VizWiz,"All right they are closed now. I don't think there are any labels on there though, but if there are ",label on left 1,unanswerable,0.814,0.95,none,data/VizWiz/Images/val/VizWiz_val_00002939.jpg
vizwiz_val_002940,VizWiz,So is this button speed?  Is that a down or up arrow?,no,speed,0.757,0.95,none,data/VizWiz/Images/val/VizWiz_val_00002940.jpg
vizwiz_val_002941,VizWiz,"OK, I have the flap open. Let's see if this actually works.",empty,unanswerable,0.988,0.1,none,data/VizWiz/Images/val/VizWiz_val_00002941.jpg
vizwiz_val_002942,VizWiz,What is this?,box,chicken product,0.757,0.95,none,data/VizWiz/Images/val/VizWiz_val_00002942.jpg
vizwiz_val_002944,VizWiz,What can I take a picture of?,unanswerable,watch,0.542,0.85,answerability,data/VizWiz/Images/val/VizWiz_val_00002944.jpg
vizwiz_val_002947,VizWiz,I mean is it good what I'm wearing today?,yes,unanswerable,0.898,0.1,none,data/VizWiz/Images/val/VizWiz_val_00002947.jpg
vizwiz_val_002948,VizWiz,What is on the screen?,painting,game screen,0.585,0.9,none,data/VizWiz/Images/val/VizWiz_val_00002948.jpg
vizwiz_val_002953,VizWiz,is this? What is this?,tv,dvd player,0.570,0.95,none,data/VizWiz/Images/val/VizWiz_val_00002953.jpg
vizwiz_val_002954,VizWiz,What brand is this?,moist meaty,oist & meaty,0.845,0.95,none,data/VizWiz/Images/val/VizWiz_val_00002954.jpg
vizwiz_val_002955,VizWiz,What color are the ropes from top to bottom?,blue green red yellow,"black, green, red, yellow",0.881,1.0,none,data/VizWiz/Images/val/VizWiz_val_00002955.jpg
vizwiz_val_002956,VizWiz,What is this?,bottle water,water bottle,0.982,1.0,none,data/VizWiz/Images/val/VizWiz_val_00002956.jpg
vizwiz_val_002961,VizWiz,What color is this cartridge?,black,yellow,0.645,0.9,none,data/VizWiz/Images/val/VizWiz_val_00002961.jpg
vizwiz_val_002962,VizWiz,Is there a test piece here?,unanswerable,yes,0.971,0.95,answerability,data/VizWiz/Images/val/VizWiz_val_00002962.jpg
vizwiz_val_002964,VizWiz,what color is this shirt?,blue white,unanswerable,0.999,0.0,none,data/VizWiz/Images/val/VizWiz_val_00002964.jpg
vizwiz_val_002969,VizWiz,What is this item?,paper,hot sauce,0.979,0.9,none,data/VizWiz/Images/val/VizWiz_val_00002969.jpg
vizwiz_val_002971,VizWiz,"This is a heat and air conditioning thermostat, I need to know if it is set on the off position or i",off,system on,0.832,0.9,none,data/VizWiz/Images/val/VizWiz_val_00002971.jpg
vizwiz_val_002973,VizWiz,What color is my jeans?,blue,unanswerable,1.000,1.0,none,data/VizWiz/Images/val/VizWiz_val_00002973.jpg
vizwiz_val_002976,VizWiz,What kind of beverage is this?,soda,orange drink,0.651,0.75,none,data/VizWiz/Images/val/VizWiz_val_00002976.jpg
vizwiz_val_002977,VizWiz,What is this?,dollar bill,money,0.912,0.75,none,data/VizWiz/Images/val/VizWiz_val_00002977.jpg
vizwiz_val_002984,VizWiz,What is this?,coffee maker,coffee machine,0.840,0.95,none,data/VizWiz/Images/val/VizWiz_val_00002984.jpg
vizwiz_val_002985,VizWiz,How many servings are in this candy bar?,2,unanswerable,0.993,0.0,none,data/VizWiz/Images/val/VizWiz_val_00002985.jpg
vizwiz_val_002991,VizWiz,What kind of Keurig cup is this?,donut,unanswerable,0.999,0.1,none,data/VizWiz/Images/val/VizWiz_val_00002991.jpg
vizwiz_val_002992,VizWiz,What color is my shirt?,blue,unanswerable,1.000,1.0,none,data/VizWiz/Images/val/VizWiz_val_00002992.jpg
vizwiz_val_002994,VizWiz,This is the display of a treadmill.  Can you tell me the distance off the top display please.,unanswerable,9.93,0.997,0.95,answerability,data/VizWiz/Images/val/VizWiz_val_00002994.jpg
vizwiz_val_002996,VizWiz,It's not recording. What is this perfume? You don't double tap or anything? No.,carried away,corniel,0.873,0.9,none,data/VizWiz/Images/val/VizWiz_val_00002996.jpg
vizwiz_val_002997,VizWiz,What is that please?,plastic drink bottle,unanswerable,0.977,0.1,none,data/VizWiz/Images/val/VizWiz_val_00002997.jpg
vizwiz_val_002999,VizWiz,What's the color of the pants and the shirt?,brown tan,"pants: gray, shirt: white",0.829,0.9,none,data/VizWiz/Images/val/VizWiz_val_00002999.jpg
vizwiz_val_003001,VizWiz,What movie is this?,abbott costello,unanswerable,0.860,0.85,none,data/VizWiz/Images/val/VizWiz_val_00003001.jpg
vizwiz_val_003008,VizWiz,"I know it says the Ten Commandments, but what are the Ten Commandments?",unanswerable,moral laws,0.730,1.0,answerability,data/VizWiz/Images/val/VizWiz_val_00003008.jpg
vizwiz_val_003009,VizWiz,Will you tell me what this item is please.,unanswerable,error message,0.879,0.9,answerability,data/VizWiz/Images/val/VizWiz_val_00003009.jpg
vizwiz_val_003010,VizWiz,What is that?,knee,unanswerable,0.826,0.1,none,data/VizWiz/Images/val/VizWiz_val_00003010.jpg
vizwiz_val_003012,VizWiz,Can you tell me what this is?,medicine,unanswerable,0.779,0.85,none,data/VizWiz/Images/val/VizWiz_val_00003012.jpg
vizwiz_val_003013,VizWiz,What color is this?,grey,gray,0.817,0.95,none,data/VizWiz/Images/val/VizWiz_val_00003013.jpg
vizwiz_val_003014,VizWiz,What color is this?,grey,gray,0.899,0.9,none,data/VizWiz/Images/val/VizWiz_val_00003014.jpg
vizwiz_val_003015,VizWiz,What is that badge?,porsche,peugeot,0.893,0.9,none,data/VizWiz/Images/val/VizWiz_val_00003015.jpg
vizwiz_val_003016,VizWiz,What kind of chex mix are those?,traditional,unanswerable,0.977,0.3,none,data/VizWiz/Images/val/VizWiz_val_00003016.jpg
vizwiz_val_003017,VizWiz,What's in this capture?,unanswerable,symbols,0.520,0.85,answerability,data/VizWiz/Images/val/VizWiz_val_00003017.jpg
vizwiz_val_003018,VizWiz,What does it say on this shirt?,mommys big guy,mommy's big guy,0.894,0.95,none,data/VizWiz/Images/val/VizWiz_val_00003018.jpg
vizwiz_val_003021,VizWiz,What is the expiration date on this bus pass?,dec 17 11,dec-17-11,0.998,0.95,none,data/VizWiz/Images/val/VizWiz_val_00003021.jpg
vizwiz_val_003022,VizWiz,"Excuse me, tell me what you can see exactly in this picture.",fridge,white refrigerator,0.914,1.0,none,data/VizWiz/Images/val/VizWiz_val_00003022.jpg
vizwiz_val_003026,VizWiz,Which temperature?,unanswerable,0.2,0.827,0.9,answerability,data/VizWiz/Images/val/VizWiz_val_00003026.jpg
vizwiz_val_003027,VizWiz,What is this can?,pork beans,pork and beans,0.997,0.95,none,data/VizWiz/Images/val/VizWiz_val_00003027.jpg
vizwiz_val_003029,VizWiz,What is this can?,turnip greens,gory greens,0.643,0.95,none,data/VizWiz/Images/val/VizWiz_val_00003029.jpg
vizwiz_val_003031,VizWiz,What's this?,cigarettes,box,0.561,0.95,none,data/VizWiz/Images/val/VizWiz_val_00003031.jpg
vizwiz_val_003033,VizWiz,"Can contents, please.",hominy,15.5 oz,0.961,0.95,none,data/VizWiz/Images/val/VizWiz_val_00003033.jpg
vizwiz_val_003034,VizWiz,What is this product?,vodka,water dispenser,0.783,0.95,none,data/VizWiz/Images/val/VizWiz_val_00003034.jpg
vizwiz_val_003035,VizWiz,What is the name of this item?,trivia,tuvia,0.720,0.9,none,data/VizWiz/Images/val/VizWiz_val_00003035.jpg
vizwiz_val_003036,VizWiz,What color is the necklace?,pink,purple,0.842,0.95,none,data/VizWiz/Images/val/VizWiz_val_00003036.jpg
vizwiz_val_003037,VizWiz,What device does this adapter go to?,cell phone,unanswerable,0.853,0.9,none,data/VizWiz/Images/val/VizWiz_val_00003037.jpg
vizwiz_val_003038,VizWiz,In this bottle.,soda,unanswerable,0.844,0.1,none,data/VizWiz/Images/val/VizWiz_val_00003038.jpg
vizwiz_val_003042,VizWiz,What product is this?,mac n cheese,unanswerable,0.820,0.85,none,data/VizWiz/Images/val/VizWiz_val_00003042.jpg
vizwiz_val_003044,VizWiz,Could you tell me what kind of bill this is? Because I'm looking for a twenty and I think this is a ,10,ten,0.768,0.85,none,data/VizWiz/Images/val/VizWiz_val_00003044.jpg
vizwiz_val_003045,VizWiz,What is this? Can i drink this?,soap no,unanswerable,0.840,0.1,none,data/VizWiz/Images/val/VizWiz_val_00003045.jpg
vizwiz_val_003048,VizWiz,What color is this comforter?,white,light blue,0.796,0.75,none,data/VizWiz/Images/val/VizWiz_val_00003048.jpg
vizwiz_val_003050,VizWiz,What's on the screen?,black backround white line,unanswerable,0.860,0.5,none,data/VizWiz/Images/val/VizWiz_val_00003050.jpg
vizwiz_val_003051,VizWiz,this garment.,shirt,unanswerable,0.969,0.1,none,data/VizWiz/Images/val/VizWiz_val_00003051.jpg
vizwiz_val_003054,VizWiz,Do you see any kind of an ID number on this photo that starts with a four?,no,unanswerable,1.000,1.0,none,data/VizWiz/Images/val/VizWiz_val_00003054.jpg
vizwiz_val_003056,VizWiz,What kind of TV dinner is this?,tuna noodle casserole,tuna casserole,0.880,0.95,none,data/VizWiz/Images/val/VizWiz_val_00003056.jpg
vizwiz_val_003057,VizWiz,WHAT IS THIS?,popcorn,air delight,0.622,0.9,none,data/VizWiz/Images/val/VizWiz_val_00003057.jpg
vizwiz_val_003060,VizWiz,What color is this shirt and does it have striped? Thank you.,plain mauve,"purple, no",0.946,0.9,none,data/VizWiz/Images/val/VizWiz_val_00003060.jpg
vizwiz_val_003063,VizWiz,What is this bottle?,strawberry pomegranate,cosmetic product,0.672,0.8,none,data/VizWiz/Images/val/VizWiz_val_00003063.jpg
vizwiz_val_003065,VizWiz,What's in this tin?,fish,ketchup sauce,0.811,0.9,none,data/VizWiz/Images/val/VizWiz_val_00003065.jpg
vizwiz_val_003066,VizWiz,What is this item?,robo sweeper,robot vacuum,0.967,0.95,none,data/VizWiz/Images/val/VizWiz_val_00003066.jpg
vizwiz_val_003068,VizWiz,What is this?,proton tablets,pantoprazole tablets,0.785,1.0,none,data/VizWiz/Images/val/VizWiz_val_00003068.jpg
vizwiz_val_003069,VizWiz,What is this?,fruit delight,fruit confections,0.844,0.95,none,data/VizWiz/Images/val/VizWiz_val_00003069.jpg
vizwiz_val_003072,VizWiz,"Can you tell me what color this shirt is and what the design is on the front, please?",yellow 2011 vision walk,"yellow, visionwalk",0.945,1.0,none,data/VizWiz/Images/val/VizWiz_val_00003072.jpg
vizwiz_val_003075,VizWiz,Can you please tell me what this letter says?  Thank you.,feb 29 to march 2nd 2012 they will be testing fire alarms,fire safety inspection,0.593,0.95,none,data/VizWiz/Images/val/VizWiz_val_00003075.jpg
vizwiz_val_003077,VizWiz,What is this?,timer,walkie-talkie,0.981,0.9,none,data/VizWiz/Images/val/VizWiz_val_00003077.jpg
vizwiz_val_003080,VizWiz,which flavors are these?,shrimp,unanswerable,0.946,0.5,none,data/VizWiz/Images/val/VizWiz_val_00003080.jpg
vizwiz_val_003081,VizWiz,What is in this can?,beans,unanswerable,0.942,0.1,none,data/VizWiz/Images/val/VizWiz_val_00003081.jpg
vizwiz_val_003082,VizWiz,What is this?,frozen dinner,unanswerable,0.981,0.1,none,data/VizWiz/Images/val/VizWiz_val_00003082.jpg
vizwiz_val_003084,VizWiz,Qu es esto?,keyboard,teclado portátil,0.915,1.0,none,data/VizWiz/Images/val/VizWiz_val_00003084.jpg
vizwiz_val_003085,VizWiz,What flavor and brand of cake is this please? Thank you.,french roast,unanswerable,0.993,0.1,none,data/VizWiz/Images/val/VizWiz_val_00003085.jpg
vizwiz_val_003086,VizWiz,What's the date of this paper?,unanswerable,11.11.11,0.986,0.9,answerability,data/VizWiz/Images/val/VizWiz_val_00003086.jpg
vizwiz_val_003091,VizWiz,What is the product?,polysporin,antibiotic spray,0.789,1.0,none,data/VizWiz/Images/val/VizWiz_val_00003091.jpg
vizwiz_val_003092,VizWiz,What is this?,samuel adams cherry wheat ale,samuel adams cherry wheat beer,0.711,1.0,none,data/VizWiz/Images/val/VizWiz_val_00003092.jpg
vizwiz_val_003093,VizWiz,What is this?,pudding,thick batter,0.774,0.9,none,data/VizWiz/Images/val/VizWiz_val_00003093.jpg
vizwiz_val_003094,VizWiz,What color is the shirt?,grey,gray,0.703,0.95,none,data/VizWiz/Images/val/VizWiz_val_00003094.jpg
vizwiz_val_003096,VizWiz,What is it?,box,portable speaker,0.699,0.95,none,data/VizWiz/Images/val/VizWiz_val_00003096.jpg
vizwiz_val_003097,VizWiz,Hi can you tell me what flavor of crisps these are please?,sour cream onion,sour cream & onion,0.852,1.0,none,data/VizWiz/Images/val/VizWiz_val_00003097.jpg
vizwiz_val_003099,VizWiz,Finally from left to right what are the two bottom buttons the bigger buttons on the bottom?,stop reset start,"time, stop/reset",0.771,0.9,none,data/VizWiz/Images/val/VizWiz_val_00003099.jpg
vizwiz_val_003100,VizWiz,What did I just take a picture of,ground,sidewalk and grass,0.935,0.95,none,data/VizWiz/Images/val/VizWiz_val_00003100.jpg
vizwiz_val_003101,VizWiz,Is this broke?,no,unanswerable,0.925,1.0,none,data/VizWiz/Images/val/VizWiz_val_00003101.jpg
vizwiz_val_003106,VizWiz,What color is my book bag?,blue grey,blue and gray,0.847,0.9,none,data/VizWiz/Images/val/VizWiz_val_00003106.jpg
vizwiz_val_003107,VizWiz,What is this?,vitamins,supplement bottle,0.991,0.9,none,data/VizWiz/Images/val/VizWiz_val_00003107.jpg
vizwiz_val_003108,VizWiz,What's on this shirt? Thanks.,does bother you that im always right,does it bother that i'm always right?,0.928,0.95,none,data/VizWiz/Images/val/VizWiz_val_00003108.jpg
vizwiz_val_003112,VizWiz,What is this?,coca cola,coca-cola bottle,0.950,0.95,none,data/VizWiz/Images/val/VizWiz_val_00003112.jpg
vizwiz_val_003113,VizWiz,What's in front?,unanswerable,window,0.608,0.9,answerability,data/VizWiz/Images/val/VizWiz_val_00003113.jpg
vizwiz_val_003114,VizWiz,"Sorry about that, what does this say?",emerson,unanswerable,0.838,0.1,none,data/VizWiz/Images/val/VizWiz_val_00003114.jpg
vizwiz_val_003115,VizWiz,What is the color?,white,unanswerable,0.861,0.6,none,data/VizWiz/Images/val/VizWiz_val_00003115.jpg
vizwiz_val_003118,VizWiz,What coin is this?,penny,unanswerable,1.000,0.1,none,data/VizWiz/Images/val/VizWiz_val_00003118.jpg
vizwiz_val_003119,VizWiz,What is this?,apple logo,unanswerable,0.821,0.85,none,data/VizWiz/Images/val/VizWiz_val_00003119.jpg
vizwiz_val_003120,VizWiz,Can you tell me what this is?,strawberry shortcake doll,toy box,0.612,0.95,none,data/VizWiz/Images/val/VizWiz_val_00003120.jpg
vizwiz_val_003121,VizWiz,"Hi, I was wondering if you could tell me the color of this t-shirt and there's a logo up on the left",no,"teal, true religion",0.927,0.95,none,data/VizWiz/Images/val/VizWiz_val_00003121.jpg
vizwiz_val_003125,VizWiz,Is there a picture forming on this map?,yes,heart shape,0.834,0.95,none,data/VizWiz/Images/val/VizWiz_val_00003125.jpg
vizwiz_val_003126,VizWiz,Just needing to know what this bottle of wine is?,red,unanswerable,0.999,0.1,none,data/VizWiz/Images/val/VizWiz_val_00003126.jpg
vizwiz_val_003127,VizWiz,What is that?,atlas,abstract texture,0.712,0.9,none,data/VizWiz/Images/val/VizWiz_val_00003127.jpg
vizwiz_val_003129,VizWiz,What is this?,mustard,mayonnaise jar,0.890,0.9,none,data/VizWiz/Images/val/VizWiz_val_00003129.jpg
vizwiz_val_003130,VizWiz,What is this?,penbino,baby product,0.639,0.9,none,data/VizWiz/Images/val/VizWiz_val_00003130.jpg
vizwiz_val_003139,VizWiz,What is this?,cell phone,mobile phone,0.945,0.95,none,data/VizWiz/Images/val/VizWiz_val_00003139.jpg
vizwiz_val_003140,VizWiz,Simplify the following expression.,d,3.42,0.949,1.0,none,data/VizWiz/Images/val/VizWiz_val_00003140.jpg
vizwiz_val_003144,VizWiz,Please tell me what is on the screen,green lights,web page,0.549,0.9,none,data/VizWiz/Images/val/VizWiz_val_00003144.jpg
vizwiz_val_003145,VizWiz,Do you see any type of water bugs or anything?,no,"yes, bug",0.562,0.9,none,data/VizWiz/Images/val/VizWiz_val_00003145.jpg
vizwiz_val_003147,VizWiz,What is this?,rug,hotel amenity,0.601,0.9,none,data/VizWiz/Images/val/VizWiz_val_00003147.jpg
vizwiz_val_003148,VizWiz,Where's the shirt of the person in the photo?,in picture,unanswerable,0.999,1.0,none,data/VizWiz/Images/val/VizWiz_val_00003148.jpg
vizwiz_val_003149,VizWiz,Do I have to ho - oh. What is this?,hand,unanswerable,0.999,0.1,none,data/VizWiz/Images/val/VizWiz_val_00003149.jpg
vizwiz_val_003150,VizWiz,Does this strip have one or two pink lines? One can be lighter than the other one.,1,one,0.645,0.9,none,data/VizWiz/Images/val/VizWiz_val_00003150.jpg
vizwiz_val_003154,VizWiz,Are these two shirts the same color? If so what color? If not what colors?,no,similar red,0.688,0.9,none,data/VizWiz/Images/val/VizWiz_val_00003154.jpg
vizwiz_val_003155,VizWiz,"Summary, what is on this page?",advertisement for food,fast food ad,0.734,0.9,none,data/VizWiz/Images/val/VizWiz_val_00003155.jpg
vizwiz_val_003156,VizWiz,What is this?,ketchup,jam jar,0.521,0.9,none,data/VizWiz/Images/val/VizWiz_val_00003156.jpg
vizwiz_val_003158,VizWiz,i know this is bre but what flavor of brie is it please?,chicken,unanswerable,1.000,0.1,none,data/VizWiz/Images/val/VizWiz_val_00003158.jpg
vizwiz_val_003159,VizWiz,What kind of soda pop?,coca cola,coca-cola,0.991,1.0,none,data/VizWiz/Images/val/VizWiz_val_00003159.jpg
vizwiz_val_003163,VizWiz,Kind of dog is this?,labrador,rottweiler mix,0.814,0.75,none,data/VizWiz/Images/val/VizWiz_val_00003163.jpg
vizwiz_val_003164,VizWiz,What is this thing?,cassette tape,test strip,0.590,0.9,none,data/VizWiz/Images/val/VizWiz_val_00003164.jpg
vizwiz_val_003166,VizWiz,Is this shampoo or hand lotion?,lotion,unanswerable,0.727,0.3,none,data/VizWiz/Images/val/VizWiz_val_00003166.jpg
vizwiz_val_003167,VizWiz,What kind of coffee is this?,creme brulee,crème brûlée,0.986,0.95,none,data/VizWiz/Images/val/VizWiz_val_00003167.jpg
vizwiz_val_003168,VizWiz,What color is this shirt?,grey,khaki green,0.764,0.9,none,data/VizWiz/Images/val/VizWiz_val_00003168.jpg
vizwiz_val_003170,VizWiz,What color is this shoe?,pink white,pink and white,0.948,1.0,none,data/VizWiz/Images/val/VizWiz_val_00003170.jpg
vizwiz_val_003171,VizWiz,What color is this?,white,unanswerable,0.792,0.1,none,data/VizWiz/Images/val/VizWiz_val_00003171.jpg
vizwiz_val_003172,VizWiz,What is this?,coffee,unanswerable,0.722,0.9,none,data/VizWiz/Images/val/VizWiz_val_00003172.jpg
vizwiz_val_003175,VizWiz,What kind of drink is this?,sunkist,orange soda,0.977,0.95,none,data/VizWiz/Images/val/VizWiz_val_00003175.jpg
vizwiz_val_003176,VizWiz,can i get the name of the team please for rickey henderson thank you.,oakland athletics,yankees,0.983,0.9,none,data/VizWiz/Images/val/VizWiz_val_00003176.jpg
vizwiz_val_003178,VizWiz,What is this?,whiskey,buffalo trace,0.934,1.0,none,data/VizWiz/Images/val/VizWiz_val_00003178.jpg
vizwiz_val_003179,VizWiz,What is it?,unanswerable,breast pump,0.695,0.9,answerability,data/VizWiz/Images/val/VizWiz_val_00003179.jpg
vizwiz_val_003183,VizWiz,What object is this and what color is it?,pink candles,"candles, pink",0.777,0.95,none,data/VizWiz/Images/val/VizWiz_val_00003183.jpg
vizwiz_val_003184,VizWiz,what is in the box?,unanswerable,nutrition label,0.813,0.9,answerability,data/VizWiz/Images/val/VizWiz_val_00003184.jpg
vizwiz_val_003185,VizWiz,What is this?,dollar bill,one dollar,0.866,0.95,none,data/VizWiz/Images/val/VizWiz_val_00003185.jpg
vizwiz_val_003187,VizWiz,Does this need to be refrigerated?,yes,unanswerable,0.703,0.1,none,data/VizWiz/Images/val/VizWiz_val_00003187.jpg
vizwiz_val_003190,VizWiz,What's in this box?,hot pockets,hot pot,0.557,0.9,none,data/VizWiz/Images/val/VizWiz_val_00003190.jpg
vizwiz_val_003197,VizWiz,Are you able to tell me how far the water is from the top of this pool?,no,unanswerable,0.999,1.0,none,data/VizWiz/Images/val/VizWiz_val_00003197.jpg
vizwiz_val_003202,VizWiz,Is this card right side up or upside down? Thank you,upside down,right side up,0.928,1.0,none,data/VizWiz/Images/val/VizWiz_val_00003202.jpg
vizwiz_val_003204,VizWiz,What part of the eye are shown here?,entire eye,eye anatomy,0.810,1.0,none,data/VizWiz/Images/val/VizWiz_val_00003204.jpg
vizwiz_val_003206,VizWiz,"Tell me, how big is it?",32,unanswerable,1.000,0.1,none,data/VizWiz/Images/val/VizWiz_val_00003206.jpg
vizwiz_val_003207,VizWiz,What color is the carpet?,beige,brown,0.620,0.9,none,data/VizWiz/Images/val/VizWiz_val_00003207.jpg
vizwiz_val_003209,VizWiz,What are the colors in these?,pink brown white,"pink, brown",0.658,0.9,none,data/VizWiz/Images/val/VizWiz_val_00003209.jpg
vizwiz_val_003210,VizWiz,What's this?,green beans,del monte green bean,0.853,1.0,none,data/VizWiz/Images/val/VizWiz_val_00003210.jpg
vizwiz_val_003211,VizWiz,What is this please,gum container,unanswerable,0.908,0.1,none,data/VizWiz/Images/val/VizWiz_val_00003211.jpg
vizwiz_val_003212,VizWiz,Can you make out the picture I took? Just testing this.,yes,oven controls,0.817,0.95,none,data/VizWiz/Images/val/VizWiz_val_00003212.jpg
vizwiz_val_003216,VizWiz,"Okay, the camera's about four inches from this thing, I don't really know how close to get. Can you ",unanswerable,04702582be,0.981,0.95,answerability,data/VizWiz/Images/val/VizWiz_val_00003216.jpg
vizwiz_val_003218,VizWiz,What is this?,rocks,marshmallows,0.798,0.9,none,data/VizWiz/Images/val/VizWiz_val_00003218.jpg
vizwiz_val_003223,VizWiz,What color is this shirt?,green white,green and white,0.995,0.85,none,data/VizWiz/Images/val/VizWiz_val_00003223.jpg
vizwiz_val_003232,VizWiz,what flavor is this?,salmon basil,salmon with basil,0.882,1.0,none,data/VizWiz/Images/val/VizWiz_val_00003232.jpg
vizwiz_val_003234,VizWiz,What is this?,dollar bill,money,0.661,0.95,none,data/VizWiz/Images/val/VizWiz_val_00003234.jpg
vizwiz_val_003239,VizWiz,What is this?,laundry detergent,water bottle,0.953,0.95,none,data/VizWiz/Images/val/VizWiz_val_00003239.jpg
vizwiz_val_003240,VizWiz,What is this?,shepards pie,shepherd's pie,0.849,0.95,none,data/VizWiz/Images/val/VizWiz_val_00003240.jpg
vizwiz_val_003243,VizWiz,What is my color of what is color of my shirt?,white,light gray,0.862,0.9,none,data/VizWiz/Images/val/VizWiz_val_00003243.jpg
vizwiz_val_003246,VizWiz,What's on the screen?,nothing,bright light,0.908,0.9,none,data/VizWiz/Images/val/VizWiz_val_00003246.jpg
vizwiz_val_003249,VizWiz,what does the sky look like in this picture,blue few white clouds,blue with clouds,0.923,1.0,none,data/VizWiz/Images/val/VizWiz_val_00003249.jpg
vizwiz_val_003251,VizWiz,Is this picture on Google?,no,unanswerable,0.983,0.1,none,data/VizWiz/Images/val/VizWiz_val_00003251.jpg
vizwiz_val_003256,VizWiz,What is on this shirt?,lion,tiger head,0.616,0.95,none,data/VizWiz/Images/val/VizWiz_val_00003256.jpg
vizwiz_val_003257,VizWiz,Can you tell me what colors are on my shirt?,grey black white,"gray, white, black",0.720,0.95,none,data/VizWiz/Images/val/VizWiz_val_00003257.jpg
vizwiz_val_003259,VizWiz,what kind of snake is this?,cobra,corn snake,0.790,0.85,none,data/VizWiz/Images/val/VizWiz_val_00003259.jpg
vizwiz_val_003261,VizWiz,What is this item?,whiskers paws,notebook,0.969,0.95,none,data/VizWiz/Images/val/VizWiz_val_00003261.jpg
vizwiz_val_003262,VizWiz,What's this?,fridge,refrigerator,0.993,0.95,none,data/VizWiz/Images/val/VizWiz_val_00003262.jpg
vizwiz_val_003263,VizWiz,Record >> What kind of flower is this?,white,hydrangea,1.000,0.95,none,data/VizWiz/Images/val/VizWiz_val_00003263.jpg
vizwiz_val_003265,VizWiz,What color is this blouse?,blue,teal,0.950,1.0,none,data/VizWiz/Images/val/VizWiz_val_00003265.jpg
vizwiz_val_003267,VizWiz,What is it?,foot,unanswerable,0.906,0.1,none,data/VizWiz/Images/val/VizWiz_val_00003267.jpg
vizwiz_val_003268,VizWiz,barcode is this,unanswerable,4119004561,0.998,0.9,answerability,data/VizWiz/Images/val/VizWiz_val_00003268.jpg
vizwiz_val_003270,VizWiz,What color is this please?,purple,maroon,0.846,0.95,none,data/VizWiz/Images/val/VizWiz_val_00003270.jpg
vizwiz_val_003271,VizWiz,What is this.,glass cleaner,unanswerable,0.930,0.1,none,data/VizWiz/Images/val/VizWiz_val_00003271.jpg
vizwiz_val_003272,VizWiz,What is in this box?,fisherman pie,fisherman's pie,0.939,0.95,none,data/VizWiz/Images/val/VizWiz_val_00003272.jpg
vizwiz_val_003276,VizWiz,What's written on this bottle?,nivea,ofness body wash,0.857,0.75,none,data/VizWiz/Images/val/VizWiz_val_00003276.jpg
vizwiz_val_003277,VizWiz,What kind of yogurt is this?,unanswerable,low fat,0.873,0.9,answerability,data/VizWiz/Images/val/VizWiz_val_00003277.jpg
vizwiz_val_003278,VizWiz,What is in this can?,soda,unanswerable,0.999,0.1,none,data/VizWiz/Images/val/VizWiz_val_00003278.jpg
vizwiz_val_003282,VizWiz,What does this say?,native visions,"oh, great spirit allow my eyes to behold beauty in every day. permit my hands to respect things you have made. i'd teach my heart to respect all people regardless of their ways",0.931,0.95,none,data/VizWiz/Images/val/VizWiz_val_00003282.jpg
vizwiz_val_003285,VizWiz,What is written on the bottle?,office 2000,office 2010,0.913,0.9,none,data/VizWiz/Images/val/VizWiz_val_00003285.jpg
vizwiz_val_003286,VizWiz,Can you tell me how much i weigh please?,1,unanswerable,0.999,1.0,none,data/VizWiz/Images/val/VizWiz_val_00003286.jpg
vizwiz_val_003288,VizWiz,What color are these pants?  I didn't ask.,grey,gray,0.787,0.9,none,data/VizWiz/Images/val/VizWiz_val_00003288.jpg
vizwiz_val_003295,VizWiz,In this picture.,couch shelf,unanswerable,0.926,0.1,none,data/VizWiz/Images/val/VizWiz_val_00003295.jpg
vizwiz_val_003297,VizWiz,WHat is this?,money,one dollar,0.862,1.0,none,data/VizWiz/Images/val/VizWiz_val_00003297.jpg
vizwiz_val_003298,VizWiz,What is this?,body wash,perfume bottle,0.985,0.9,none,data/VizWiz/Images/val/VizWiz_val_00003298.jpg
vizwiz_val_003300,VizWiz,Please tell me what is in this package. Thank you,unanswerable,beets,0.787,0.95,answerability,data/VizWiz/Images/val/VizWiz_val_00003300.jpg
vizwiz_val_003301,VizWiz,Could you tell me what kind of chips these are please,classic,unanswerable,0.995,0.2,none,data/VizWiz/Images/val/VizWiz_val_00003301.jpg
vizwiz_val_003303,VizWiz,"Ya, I just got this apple on my phone and I'm blind and to find what's in this can. Let's sell it.",corn,golden sun,0.559,0.9,none,data/VizWiz/Images/val/VizWiz_val_00003303.jpg
vizwiz_val_003305,VizWiz,What does that mean?,milk,thanks to people,0.687,0.9,none,data/VizWiz/Images/val/VizWiz_val_00003305.jpg
vizwiz_val_003306,VizWiz,What is in this can?,soup,unanswerable,1.000,0.1,none,data/VizWiz/Images/val/VizWiz_val_00003306.jpg
vizwiz_val_003308,VizWiz,What am I holding?,sidewalk chalk,crayola chalk,0.908,1.0,none,data/VizWiz/Images/val/VizWiz_val_00003308.jpg
vizwiz_val_003309,VizWiz,What is it?,purse,brown bag,0.891,0.95,none,data/VizWiz/Images/val/VizWiz_val_00003309.jpg
vizwiz_val_003312,VizWiz,What is this box?,unanswerable,product packaging,0.834,0.9,answerability,data/VizWiz/Images/val/VizWiz_val_00003312.jpg
vizwiz_val_003313,VizWiz,Know what brand of coffee this is?,coffee guys,unanswerable,0.861,0.3,none,data/VizWiz/Images/val/VizWiz_val_00003313.jpg
vizwiz_val_003316,VizWiz,what is this,chewing tobacco,longhorn feed,0.600,0.95,none,data/VizWiz/Images/val/VizWiz_val_00003316.jpg
vizwiz_val_003317,VizWiz,What is the title of this book?,unanswerable,trophy picture book,0.990,0.9,answerability,data/VizWiz/Images/val/VizWiz_val_00003317.jpg
vizwiz_val_003319,VizWiz,Which buttons are the volume?,middle left,vol,0.647,0.95,none,data/VizWiz/Images/val/VizWiz_val_00003319.jpg
vizwiz_val_003320,VizWiz,What's this a picture of?,poster,greeting card,0.899,1.0,none,data/VizWiz/Images/val/VizWiz_val_00003320.jpg
vizwiz_val_003322,VizWiz,Any copying instructions.,no,unanswerable,0.989,0.1,none,data/VizWiz/Images/val/VizWiz_val_00003322.jpg
vizwiz_val_003324,VizWiz,What kind of vegetable is this?,onion,bok choy,0.965,0.95,none,data/VizWiz/Images/val/VizWiz_val_00003324.jpg
vizwiz_val_003327,VizWiz,"Is this some kind of bone?  Or a horn, by chance?",horn,bone,0.768,0.85,none,data/VizWiz/Images/val/VizWiz_val_00003327.jpg
vizwiz_val_003331,VizWiz,What is this?,cell phone,smartphone,0.999,0.9,none,data/VizWiz/Images/val/VizWiz_val_00003331.jpg
vizwiz_val_003332,VizWiz,"Sorry, cleaning out my cupboard what kind of can, box is this? I'm sorry.",chicken broth,can,0.889,0.95,none,data/VizWiz/Images/val/VizWiz_val_00003332.jpg
vizwiz_val_003334,VizWiz,What might this be?,sweet potato cutlets,zoglo's cutlets,0.932,0.95,none,data/VizWiz/Images/val/VizWiz_val_00003334.jpg
vizwiz_val_003336,VizWiz,"What colors are on this hat, and is there writing?",red black yes,"black, red",0.779,0.95,none,data/VizWiz/Images/val/VizWiz_val_00003336.jpg
vizwiz_val_003337,VizWiz,What does this sign say?,do not disturb,"insert into door lock, not disturb",0.881,1.0,none,data/VizWiz/Images/val/VizWiz_val_00003337.jpg
vizwiz_val_003339,VizWiz,What is this?,money,architecture drawing,0.725,0.75,none,data/VizWiz/Images/val/VizWiz_val_00003339.jpg
vizwiz_val_003340,VizWiz,What kind is this?,manwich,tomato sauce,0.857,0.95,none,data/VizWiz/Images/val/VizWiz_val_00003340.jpg
vizwiz_val_003341,VizWiz,What is this a picture of?,drawing,concept art,0.943,0.9,none,data/VizWiz/Images/val/VizWiz_val_00003341.jpg
vizwiz_val_003342,VizWiz,"Hey there, what's in this bottle?",lemon juice,unanswerable,0.996,0.1,none,data/VizWiz/Images/val/VizWiz_val_00003342.jpg
vizwiz_val_003346,VizWiz,What dinner is this?,meatballs sausage,meatballs & sausage,0.865,0.95,none,data/VizWiz/Images/val/VizWiz_val_00003346.jpg
vizwiz_val_003353,VizWiz,what is on this shirt?,words,unanswerable,0.905,0.2,none,data/VizWiz/Images/val/VizWiz_val_00003353.jpg
vizwiz_val_003354,VizWiz,"What is is this, and is it hot?",heater not hot,"appliance, possibly hot",0.619,0.9,none,data/VizWiz/Images/val/VizWiz_val_00003354.jpg
vizwiz_val_003355,VizWiz,What is in this photo?,sky,unanswerable,0.977,1.0,none,data/VizWiz/Images/val/VizWiz_val_00003355.jpg
vizwiz_val_003357,VizWiz,What is this?,internet security,bookstore advertisement,0.769,0.95,none,data/VizWiz/Images/val/VizWiz_val_00003357.jpg
vizwiz_val_003358,VizWiz,What color is this?,grey,gray,0.762,0.95,none,data/VizWiz/Images/val/VizWiz_val_00003358.jpg
vizwiz_val_003362,VizWiz,What is this?,new college worcester,brochure,0.902,0.95,none,data/VizWiz/Images/val/VizWiz_val_00003362.jpg
vizwiz_val_003364,VizWiz,Can you tell if this is step two or step three? Thank you,unanswerable,step 2,0.941,0.95,answerability,data/VizWiz/Images/val/VizWiz_val_00003364.jpg
vizwiz_val_003365,VizWiz,What is in this can?,beans,unanswerable,0.977,0.2,none,data/VizWiz/Images/val/VizWiz_val_00003365.jpg
vizwiz_val_003367,VizWiz,What is this item?,color treat,hair treatment,0.740,0.95,none,data/VizWiz/Images/val/VizWiz_val_00003367.jpg
vizwiz_val_003382,VizWiz,What kind of beer is this?,becks,beck's,0.995,0.95,none,data/VizWiz/Images/val/VizWiz_val_00003382.jpg
vizwiz_val_003384,VizWiz,What is this object?,trophy,silver cup,0.587,0.7,none,data/VizWiz/Images/val/VizWiz_val_00003384.jpg
vizwiz_val_003385,VizWiz,What spice is this?,mrs dash,unanswerable,1.000,0.0,none,data/VizWiz/Images/val/VizWiz_val_00003385.jpg
vizwiz_val_003386,VizWiz,What is this please?,6 cheese tortellini,six cheese tortellini,0.961,1.0,none,data/VizWiz/Images/val/VizWiz_val_00003386.jpg
vizwiz_val_003387,VizWiz,What language is currently selected?,english,unanswerable,0.860,1.0,none,data/VizWiz/Images/val/VizWiz_val_00003387.jpg
vizwiz_val_003388,VizWiz,Yes I need to know the captcha image in this picture? Thank you.,6i5v,615v,0.905,0.75,none,data/VizWiz/Images/val/VizWiz_val_00003388.jpg
vizwiz_val_003390,VizWiz,What's that?,backseat car,yellow jacket,0.645,0.95,none,data/VizWiz/Images/val/VizWiz_val_00003390.jpg
vizwiz_val_003391,VizWiz,What's the picture?,tv,television set,0.732,0.95,none,data/VizWiz/Images/val/VizWiz_val_00003391.jpg
vizwiz_val_003392,VizWiz,What does this screen say?,computer unable to start,startup repair,0.990,1.0,none,data/VizWiz/Images/val/VizWiz_val_00003392.jpg
vizwiz_val_003394,VizWiz,What is this? What is this?,jersey,texas rangers,0.629,0.95,none,data/VizWiz/Images/val/VizWiz_val_00003394.jpg
vizwiz_val_003395,VizWiz,For how long do I cook this in the microwave?,unanswerable,5-8 minutes,0.528,0.9,answerability,data/VizWiz/Images/val/VizWiz_val_00003395.jpg
vizwiz_val_003398,VizWiz,What kind of coffee is this?,french vanilla,french olla,0.770,0.95,none,data/VizWiz/Images/val/VizWiz_val_00003398.jpg
vizwiz_val_003399,VizWiz,What is this movie?,gone wind,unanswerable,1.000,0.1,none,data/VizWiz/Images/val/VizWiz_val_00003399.jpg
vizwiz_val_003403,VizWiz,What is it?,leaf,leaves,0.775,0.95,none,data/VizWiz/Images/val/VizWiz_val_00003403.jpg
vizwiz_val_003406,VizWiz,What color is this pillow?,grey,gray,0.841,0.95,none,data/VizWiz/Images/val/VizWiz_val_00003406.jpg
vizwiz_val_003408,VizWiz,Which kind of food is this?,tip,chicken fricassee,0.710,0.95,none,data/VizWiz/Images/val/VizWiz_val_00003408.jpg
vizwiz_val_003409,VizWiz,What is it?,baby oil,body lotion,0.579,0.95,none,data/VizWiz/Images/val/VizWiz_val_00003409.jpg
vizwiz_val_003411,VizWiz,What is this?,pill bottle,unanswerable,0.889,0.1,none,data/VizWiz/Images/val/VizWiz_val_00003411.jpg
vizwiz_val_003412,VizWiz,What movie is this poster for?,abraham lincoln vampire hunter,abraham lincoln: vampire hunter,0.943,0.95,none,data/VizWiz/Images/val/VizWiz_val_00003412.jpg
vizwiz_val_003413,VizWiz,is this strawberry pudding,no,unanswerable,0.944,0.9,none,data/VizWiz/Images/val/VizWiz_val_00003413.jpg
vizwiz_val_003419,VizWiz,Can you tell me what colors these pants are and the stripes that's in the pants?  Thank you.,black red stripe,"black, pink",0.782,0.9,none,data/VizWiz/Images/val/VizWiz_val_00003419.jpg
vizwiz_val_003421,VizWiz,"Can someone please tell me what type of meat is in this package? I'm not sure, I can't identify it.",chicken,pork chops,0.831,0.95,none,data/VizWiz/Images/val/VizWiz_val_00003421.jpg
vizwiz_val_003423,VizWiz,What's on the screen?,leaves,digital clock,0.739,0.95,none,data/VizWiz/Images/val/VizWiz_val_00003423.jpg
vizwiz_val_003425,VizWiz,What is this?,marshmallows,rice casserole,0.701,0.9,none,data/VizWiz/Images/val/VizWiz_val_00003425.jpg
vizwiz_val_003427,VizWiz,What is the title of this DVD?,planes trains automobiles,"planes, trains and automobiles",0.995,0.95,none,data/VizWiz/Images/val/VizWiz_val_00003427.jpg
vizwiz_val_003429,VizWiz,"Tell me, what's the best meal there--I mean, in McDonald's. Because I'm a new customer.",number 1,unanswerable,0.999,0.0,none,data/VizWiz/Images/val/VizWiz_val_00003429.jpg
vizwiz_val_003430,VizWiz,Can you please tell me the brand and name of these cookies?,pillsbury,unanswerable,0.620,0.3,none,data/VizWiz/Images/val/VizWiz_val_00003430.jpg
vizwiz_val_003433,VizWiz,What is this?,money,saudi riyal,0.928,0.85,none,data/VizWiz/Images/val/VizWiz_val_00003433.jpg
vizwiz_val_003437,VizWiz,Is my iPad on the table?,no,yes,0.858,1.0,none,data/VizWiz/Images/val/VizWiz_val_00003437.jpg
vizwiz_val_003439,VizWiz,What is this instrument?,guitar,banjo,0.777,0.95,none,data/VizWiz/Images/val/VizWiz_val_00003439.jpg
vizwiz_val_003441,VizWiz,What does this say?,unanswerable,instructions,0.650,0.95,answerability,data/VizWiz/Images/val/VizWiz_val_00003441.jpg
vizwiz_val_003447,VizWiz,What kind of gum is this?,trident,sugarfree gum,0.855,0.95,none,data/VizWiz/Images/val/VizWiz_val_00003447.jpg
vizwiz_val_003451,VizWiz,What color is my shirt?,white,unanswerable,1.000,0.0,none,data/VizWiz/Images/val/VizWiz_val_00003451.jpg
vizwiz_val_003452,VizWiz,what is this card?,smiths reward card,loyalty card,0.862,0.9,none,data/VizWiz/Images/val/VizWiz_val_00003452.jpg
vizwiz_val_003455,VizWiz,What kind of flower is this?,tulip,unanswerable,0.996,0.2,none,data/VizWiz/Images/val/VizWiz_val_00003455.jpg
vizwiz_val_003458,VizWiz,This is a view from above. What is the shape of this speaker?,triangle,unanswerable,0.920,0.5,none,data/VizWiz/Images/val/VizWiz_val_00003458.jpg
vizwiz_val_003459,VizWiz,What is this?,uncle bens rice,instant noodles,0.756,0.95,none,data/VizWiz/Images/val/VizWiz_val_00003459.jpg
vizwiz_val_003472,VizWiz,What color is it?,grey,silver,0.762,1.0,none,data/VizWiz/Images/val/VizWiz_val_00003472.jpg
vizwiz_val_003475,VizWiz,What fragrance is this?,dream,unanswerable,0.997,0.1,none,data/VizWiz/Images/val/VizWiz_val_00003475.jpg
vizwiz_val_003476,VizWiz,You see what scent this is?,lavender vanilla,lavender & vanilla,0.998,0.95,none,data/VizWiz/Images/val/VizWiz_val_00003476.jpg
vizwiz_val_003477,VizWiz,can you tell me what this is please?,unanswerable,spray can,0.846,0.9,answerability,data/VizWiz/Images/val/VizWiz_val_00003477.jpg
vizwiz_val_003480,VizWiz,What color is this shirt?,black,dark brown,0.677,0.85,none,data/VizWiz/Images/val/VizWiz_val_00003480.jpg
vizwiz_val_003481,VizWiz,What is this?,man,unanswerable,0.952,0.1,none,data/VizWiz/Images/val/VizWiz_val_00003481.jpg
vizwiz_val_003483,VizWiz,What is this product?,gift box,bedspread,0.859,0.9,none,data/VizWiz/Images/val/VizWiz_val_00003483.jpg
vizwiz_val_003484,VizWiz,What color is this?,grey,purple,0.593,0.9,none,data/VizWiz/Images/val/VizWiz_val_00003484.jpg
vizwiz_val_003485,VizWiz,what is in the tin in my right hand,soup,unanswerable,0.988,0.2,none,data/VizWiz/Images/val/VizWiz_val_00003485.jpg
vizwiz_val_003487,VizWiz,Can you tell what this item is?,cleaner,unanswerable,0.836,0.75,none,data/VizWiz/Images/val/VizWiz_val_00003487.jpg
vizwiz_val_003488,VizWiz,What is this item please?,mashed potatoes,creamy butter,0.850,0.95,none,data/VizWiz/Images/val/VizWiz_val_00003488.jpg
vizwiz_val_003489,VizWiz,"Okay, we're onto something here. I put it a little closer, hopefully to focus in on that lower secti",350f 40 45 min,"350°f, 40-45",0.923,0.9,none,data/VizWiz/Images/val/VizWiz_val_00003489.jpg
vizwiz_val_003490,VizWiz,What is this?,telephone,remote control,0.989,0.95,none,data/VizWiz/Images/val/VizWiz_val_00003490.jpg
vizwiz_val_003491,VizWiz,What is that can?,soup,unanswerable,0.807,0.3,none,data/VizWiz/Images/val/VizWiz_val_00003491.jpg
vizwiz_val_003492,VizWiz,"What is the picture of? In other words, what's in the picture?",man gun,sniper/soldier,0.746,0.95,none,data/VizWiz/Images/val/VizWiz_val_00003492.jpg
vizwiz_val_003494,VizWiz,Is this...,spray n wash max,unanswerable,0.836,0.1,none,data/VizWiz/Images/val/VizWiz_val_00003494.jpg
vizwiz_val_003495,VizWiz,I was curious to know what color her shirt is; and whether or not it's camouflage?,camouflage olive green brown,camouflage green,0.827,0.9,none,data/VizWiz/Images/val/VizWiz_val_00003495.jpg
vizwiz_val_003497,VizWiz,What kind of pop is this?,orange crush,unanswerable,0.928,0.75,none,data/VizWiz/Images/val/VizWiz_val_00003497.jpg
vizwiz_val_003498,VizWiz,What is this?,cigarettes,marlboro,0.849,0.95,none,data/VizWiz/Images/val/VizWiz_val_00003498.jpg
vizwiz_val_003499,VizWiz,What color are those pants?,grey,blue-gray,0.774,0.95,none,data/VizWiz/Images/val/VizWiz_val_00003499.jpg
vizwiz_val_003501,VizWiz,What color is this shirt?,white green black blue red orange,unanswerable,0.990,0.1,none,data/VizWiz/Images/val/VizWiz_val_00003501.jpg
vizwiz_val_003503,VizWiz,What's in this box?,unanswerable,award plaque,0.577,0.95,answerability,data/VizWiz/Images/val/VizWiz_val_00003503.jpg
vizwiz_val_003505,VizWiz,What is in...,braised chicken almonds,braised chicken & almonds,0.984,0.95,none,data/VizWiz/Images/val/VizWiz_val_00003505.jpg
vizwiz_val_003506,VizWiz,For how long do i cook this in the microwave?,unanswerable,30-40 seconds,0.964,0.9,answerability,data/VizWiz/Images/val/VizWiz_val_00003506.jpg
vizwiz_val_003507,VizWiz,can you tell if the soup?,no,unanswerable,1.000,1.0,none,data/VizWiz/Images/val/VizWiz_val_00003507.jpg
vizwiz_val_003508,VizWiz,What is this?,hand,unanswerable,0.980,0.1,none,data/VizWiz/Images/val/VizWiz_val_00003508.jpg
vizwiz_val_003509,VizWiz,What kind of flower is this?,hydrangea,unanswerable,0.983,0.3,none,data/VizWiz/Images/val/VizWiz_val_00003509.jpg
vizwiz_val_003510,VizWiz,What is this?,macaroni cheese,macaroni and cheese,0.880,1.0,none,data/VizWiz/Images/val/VizWiz_val_00003510.jpg
vizwiz_val_003512,VizWiz,What does this say?,jet puffed marshmallow creme,jet-puffed,0.977,1.0,none,data/VizWiz/Images/val/VizWiz_val_00003512.jpg
vizwiz_val_003513,VizWiz,What kind of cream is contained in this Usher container?,after shave,after-shave,0.996,0.95,none,data/VizWiz/Images/val/VizWiz_val_00003513.jpg
vizwiz_val_003516,VizWiz,"Hi, what's outside the window?",railing,"buildings, trees",0.834,0.9,none,data/VizWiz/Images/val/VizWiz_val_00003516.jpg
vizwiz_val_003517,VizWiz,What color is this,white,light blue,0.858,0.75,none,data/VizWiz/Images/val/VizWiz_val_00003517.jpg
vizwiz_val_003519,VizWiz,What color is this t-shirt?,grey,gray,0.789,0.95,none,data/VizWiz/Images/val/VizWiz_val_00003519.jpg
vizwiz_val_003520,VizWiz,Creamer is this?,cafe mocha,coffee-mate,0.831,1.0,none,data/VizWiz/Images/val/VizWiz_val_00003520.jpg
vizwiz_val_003521,VizWiz,Does this match?,yes,unanswerable,0.996,0.1,none,data/VizWiz/Images/val/VizWiz_val_00003521.jpg
vizwiz_val_003523,VizWiz,What's in this can?,condensed milk,unanswerable,0.990,0.2,none,data/VizWiz/Images/val/VizWiz_val_00003523.jpg
vizwiz_val_003524,VizWiz,What is this item?,unanswerable,yellow package,0.686,0.6,answerability,data/VizWiz/Images/val/VizWiz_val_00003524.jpg
vizwiz_val_003525,VizWiz,What is in this jar?,unanswerable,tomatoes,0.946,0.95,answerability,data/VizWiz/Images/val/VizWiz_val_00003525.jpg
vizwiz_val_003526,VizWiz,What is this?,kitchen counter food,cereal boxes,0.790,0.85,none,data/VizWiz/Images/val/VizWiz_val_00003526.jpg
vizwiz_val_003528,VizWiz,What is in this screen?,unanswerable,facebook,0.963,0.9,answerability,data/VizWiz/Images/val/VizWiz_val_00003528.jpg
vizwiz_val_003532,VizWiz,Tell me what's the color for this ipad?,white,silver,0.795,0.9,none,data/VizWiz/Images/val/VizWiz_val_00003532.jpg
vizwiz_val_003533,VizWiz,can you please me what this is thank you,dishwasher finish,finish dishwashing tablets,0.588,0.9,none,data/VizWiz/Images/val/VizWiz_val_00003533.jpg
vizwiz_val_003534,VizWiz,can you please describe this card to me and its orientation? thank you.,card turned to left says swords image 5 swords,upright,0.642,0.9,none,data/VizWiz/Images/val/VizWiz_val_00003534.jpg
vizwiz_val_003536,VizWiz,How should I cook this pasta dish?,oven,bake,0.781,0.1,none,data/VizWiz/Images/val/VizWiz_val_00003536.jpg
vizwiz_val_003540,VizWiz,Someone tell me what is this gift before I wrap it as a Christmas present.  Thank you.,picture frame,unanswerable,0.978,0.1,none,data/VizWiz/Images/val/VizWiz_val_00003540.jpg
vizwiz_val_003541,VizWiz,What kind of drink is this?,ginger ale,soda gingembre,0.741,0.95,none,data/VizWiz/Images/val/VizWiz_val_00003541.jpg
vizwiz_val_003547,VizWiz,What is it?,coca cola 0,coca-cola,0.878,1.0,none,data/VizWiz/Images/val/VizWiz_val_00003547.jpg
vizwiz_val_003550,VizWiz,Does this sweater and this shirt go together?,yes,unanswerable,0.847,0.85,none,data/VizWiz/Images/val/VizWiz_val_00003550.jpg
vizwiz_val_003557,VizWiz,What is this?,sno caps candy,chips bag,0.700,0.95,none,data/VizWiz/Images/val/VizWiz_val_00003557.jpg
vizwiz_val_003558,VizWiz,Is this.,mug,unanswerable,0.967,0.1,none,data/VizWiz/Images/val/VizWiz_val_00003558.jpg
vizwiz_val_003561,VizWiz,What kind of can food is this?,bamboo shoots,unanswerable,0.983,0.3,none,data/VizWiz/Images/val/VizWiz_val_00003561.jpg
vizwiz_val_003562,VizWiz,"Just, just a quick idea on this.",swregfserg,mlb 12,0.981,1.0,none,data/VizWiz/Images/val/VizWiz_val_00003562.jpg
vizwiz_val_003564,VizWiz,What kind of flower is this?,daisy,lantana,0.959,0.85,none,data/VizWiz/Images/val/VizWiz_val_00003564.jpg
vizwiz_val_003568,VizWiz,Franklin considered moral perfection to be an?,unanswerable,),0.584,1.0,answerability,data/VizWiz/Images/val/VizWiz_val_00003568.jpg
vizwiz_val_003570,VizWiz,What kind of dinner bowl is this?,meatballs sausage marinara,unanswerable,0.994,0.1,none,data/VizWiz/Images/val/VizWiz_val_00003570.jpg
vizwiz_val_003580,VizWiz,What is this document?,singapore third series,booklet/catalog,0.651,0.9,none,data/VizWiz/Images/val/VizWiz_val_00003580.jpg
vizwiz_val_003582,VizWiz,What is this?,split pea soup,creamy split pea,0.711,0.95,none,data/VizWiz/Images/val/VizWiz_val_00003582.jpg
vizwiz_val_003584,VizWiz,Can you tell me the pin on the back of this router?,no,unanswerable,1.000,0.1,none,data/VizWiz/Images/val/VizWiz_val_00003584.jpg
vizwiz_val_003585,VizWiz,What can is this?,unanswerable,seasoning mix,0.697,0.9,answerability,data/VizWiz/Images/val/VizWiz_val_00003585.jpg
vizwiz_val_003587,VizWiz,What color is this?,grey,brown,0.812,0.95,none,data/VizWiz/Images/val/VizWiz_val_00003587.jpg
vizwiz_val_003590,VizWiz,What color is this shirt?,black,unanswerable,0.981,0.0,none,data/VizWiz/Images/val/VizWiz_val_00003590.jpg
vizwiz_val_003591,VizWiz,What is this?,smart ass game,board game,0.735,0.95,none,data/VizWiz/Images/val/VizWiz_val_00003591.jpg
vizwiz_val_003592,VizWiz,What is this?,epson projector,printer,0.699,1.0,none,data/VizWiz/Images/val/VizWiz_val_00003592.jpg
vizwiz_val_003593,VizWiz,"What is that, please?",unanswerable,light source,0.856,0.85,answerability,data/VizWiz/Images/val/VizWiz_val_00003593.jpg
vizwiz_val_003594,VizWiz,What is this a can of?,soup,campbell's nice,0.918,0.9,none,data/VizWiz/Images/val/VizWiz_val_00003594.jpg
vizwiz_val_003595,VizWiz,What medicine is this?,advil,&d cold & sinus,0.836,0.95,none,data/VizWiz/Images/val/VizWiz_val_00003595.jpg
vizwiz_val_003598,VizWiz,Thank you for your help.,unanswerable,deodorant spray,0.796,1.0,answerability,data/VizWiz/Images/val/VizWiz_val_00003598.jpg
vizwiz_val_003599,VizWiz,What is this?,water bottle,vape pen,0.870,0.95,none,data/VizWiz/Images/val/VizWiz_val_00003599.jpg
vizwiz_val_003602,VizWiz,What kind of soup is this?,progresso,unanswerable,1.000,0.1,none,data/VizWiz/Images/val/VizWiz_val_00003602.jpg
vizwiz_val_003604,VizWiz,Can this sweater work with business attire as well as with a more casual outfit?,yes,casual only,0.649,0.6,none,data/VizWiz/Images/val/VizWiz_val_00003604.jpg
vizwiz_val_003610,VizWiz,What is this item?,craft kit,coloring book,0.929,0.9,none,data/VizWiz/Images/val/VizWiz_val_00003610.jpg
vizwiz_val_003612,VizWiz,What kind of coffee is this?,gevalia,espresso,0.999,0.9,none,data/VizWiz/Images/val/VizWiz_val_00003612.jpg
vizwiz_val_003618,VizWiz,What is this?,jiffy cornbread mix,unanswerable,0.857,0.05,none,data/VizWiz/Images/val/VizWiz_val_00003618.jpg
vizwiz_val_003619,VizWiz,"Hi, could you please tell me what color these shoes are, please?",grey black,grey and black,0.795,0.95,none,data/VizWiz/Images/val/VizWiz_val_00003619.jpg
vizwiz_val_003624,VizWiz,It's it cola?,no,unanswerable,0.985,0.1,none,data/VizWiz/Images/val/VizWiz_val_00003624.jpg
vizwiz_val_003625,VizWiz,What is it?,map,new zealand,0.954,0.9,none,data/VizWiz/Images/val/VizWiz_val_00003625.jpg
vizwiz_val_003626,VizWiz,Can you tell what type of cheese is in this package?,honey vanilla,unanswerable,1.000,1.0,none,data/VizWiz/Images/val/VizWiz_val_00003626.jpg
vizwiz_val_003627,VizWiz,What is this?,margarine,soap bottle,0.585,0.85,none,data/VizWiz/Images/val/VizWiz_val_00003627.jpg
vizwiz_val_003628,VizWiz,What is this?,almonds,canned food,0.975,0.95,none,data/VizWiz/Images/val/VizWiz_val_00003628.jpg
vizwiz_val_003630,VizWiz,What kind of can is this?,tomatoes,tomato sauce,0.774,0.95,none,data/VizWiz/Images/val/VizWiz_val_00003630.jpg
vizwiz_val_003632,VizWiz,what is this? please describe.,this leg,interior room,0.736,0.9,none,data/VizWiz/Images/val/VizWiz_val_00003632.jpg
vizwiz_val_003636,VizWiz,What dinner is this?,chili beans,chili with beans,0.902,0.95,none,data/VizWiz/Images/val/VizWiz_val_00003636.jpg
vizwiz_val_003637,VizWiz,What are these instructions for?,phone,quick start guide,0.926,1.0,none,data/VizWiz/Images/val/VizWiz_val_00003637.jpg
vizwiz_val_003639,VizWiz,What is this please?,unanswerable,chicken pasta primavera,0.599,0.95,answerability,data/VizWiz/Images/val/VizWiz_val_00003639.jpg
vizwiz_val_003640,VizWiz,What are the . . .  What are the letters and words?,lt8hjawb,ltghjawb,0.875,0.95,none,data/VizWiz/Images/val/VizWiz_val_00003640.jpg
vizwiz_val_003642,VizWiz,What are these?,unanswerable,lights,0.632,0.1,answerability,data/VizWiz/Images/val/VizWiz_val_00003642.jpg
vizwiz_val_003644,VizWiz,Let's try this here again. I've done as you've requested and hopefully we can get what's in this tub,soup,unanswerable,0.968,0.1,none,data/VizWiz/Images/val/VizWiz_val_00003644.jpg
vizwiz_val_003647,VizWiz,OK can you see the bishop now?,yes,unanswerable,0.960,0.95,none,data/VizWiz/Images/val/VizWiz_val_00003647.jpg
vizwiz_val_003648,VizWiz,What window screen do you see on my computer monitor?,unanswerable,startup repair,0.999,1.0,answerability,data/VizWiz/Images/val/VizWiz_val_00003648.jpg
vizwiz_val_003651,VizWiz,Does it tell what is in this can of food?,garbanzo beans,"yes, peas",0.867,0.95,none,data/VizWiz/Images/val/VizWiz_val_00003651.jpg
vizwiz_val_003656,VizWiz,What does the the CAPTCHA say?,w2nmv5fz,w2nssv5z,0.670,0.85,none,data/VizWiz/Images/val/VizWiz_val_00003656.jpg
vizwiz_val_003657,VizWiz,What is in this can,mixed vegetables,veggie,0.859,0.9,none,data/VizWiz/Images/val/VizWiz_val_00003657.jpg
vizwiz_val_003658,VizWiz,whats the name of the CD,patsy cline,unanswerable,0.700,0.1,none,data/VizWiz/Images/val/VizWiz_val_00003658.jpg
vizwiz_val_003661,VizWiz,What kind of oatmeal is this?,maple brown sugar,maple & brown sugar,0.999,0.95,none,data/VizWiz/Images/val/VizWiz_val_00003661.jpg
vizwiz_val_003662,VizWiz,"what container is this, please?",vegetable pasta soup,soup cup,0.830,0.9,none,data/VizWiz/Images/val/VizWiz_val_00003662.jpg
vizwiz_val_003663,VizWiz,is this cup full?,no,yes,0.796,0.95,none,data/VizWiz/Images/val/VizWiz_val_00003663.jpg
vizwiz_val_003665,VizWiz,"Is the air conditioner set to air, fan, or dehumidifier?",dehumidifier,dehumidify,0.968,0.8,none,data/VizWiz/Images/val/VizWiz_val_00003665.jpg
vizwiz_val_003667,VizWiz,What does that photo say?,tnpeyt,indeyt,0.909,0.85,none,data/VizWiz/Images/val/VizWiz_val_00003667.jpg
vizwiz_val_003668,VizWiz,What is it?,wall,unanswerable,0.999,1.0,none,data/VizWiz/Images/val/VizWiz_val_00003668.jpg
vizwiz_val_003670,VizWiz,What kind of coffee is this?,starbucks caffe verona,unanswerable,0.702,0.9,none,data/VizWiz/Images/val/VizWiz_val_00003670.jpg
vizwiz_val_003671,VizWiz,What is this?,peanut sauce mix,mama sita's kare-kare,0.991,1.0,none,data/VizWiz/Images/val/VizWiz_val_00003671.jpg
vizwiz_val_003672,VizWiz,What is in this box?,crackers,cookies,0.880,0.9,none,data/VizWiz/Images/val/VizWiz_val_00003672.jpg
vizwiz_val_003674,VizWiz,Call that plate that guides the gear stick?,unanswerable,gear selector,0.765,0.85,answerability,data/VizWiz/Images/val/VizWiz_val_00003674.jpg
vizwiz_val_003677,VizWiz,Which one of these is cream of mushroom soup?,0,unanswerable,0.987,0.1,none,data/VizWiz/Images/val/VizWiz_val_00003677.jpg
vizwiz_val_003679,VizWiz,Is this box?,unanswerable,yes,0.728,0.9,answerability,data/VizWiz/Images/val/VizWiz_val_00003679.jpg
vizwiz_val_003680,VizWiz,What song is this?,unanswerable,i let her go,0.919,0.9,answerability,data/VizWiz/Images/val/VizWiz_val_00003680.jpg
vizwiz_val_003681,VizWiz,What's in this photo?,bowl on paper confetti,egg,0.731,0.95,none,data/VizWiz/Images/val/VizWiz_val_00003681.jpg
vizwiz_val_003690,VizWiz,What is this?,bluetooth headset,headphones box,0.832,0.95,none,data/VizWiz/Images/val/VizWiz_val_00003690.jpg
vizwiz_val_003693,VizWiz,Who is this dog?,sam,unanswerable,1.000,0.0,none,data/VizWiz/Images/val/VizWiz_val_00003693.jpg
vizwiz_val_003695,VizWiz,What kind of pop is this?,nestea,nescafe,0.908,0.9,none,data/VizWiz/Images/val/VizWiz_val_00003695.jpg
vizwiz_val_003696,VizWiz,What is this?,keys,car key,0.862,0.95,none,data/VizWiz/Images/val/VizWiz_val_00003696.jpg
vizwiz_val_003697,VizWiz,What kind of cigar is this?Does this vibrate?I don't know.,american spirit,unanswerable,0.998,0.1,none,data/VizWiz/Images/val/VizWiz_val_00003697.jpg
vizwiz_val_003698,VizWiz,What is this?,money,us dollar,0.793,0.95,none,data/VizWiz/Images/val/VizWiz_val_00003698.jpg
vizwiz_val_003699,VizWiz,What is this?,unanswerable,band-aid,0.632,0.9,answerability,data/VizWiz/Images/val/VizWiz_val_00003699.jpg
vizwiz_val_003702,VizWiz,What color wine is this?,red,unanswerable,0.910,0.9,none,data/VizWiz/Images/val/VizWiz_val_00003702.jpg
vizwiz_val_003704,VizWiz,What does this say?,verve sociable,verve is sociable,0.863,0.9,none,data/VizWiz/Images/val/VizWiz_val_00003704.jpg
vizwiz_val_003705,VizWiz,What kind of coffee is this?,brazil santos,brazilian santos,0.797,0.9,none,data/VizWiz/Images/val/VizWiz_val_00003705.jpg
vizwiz_val_003706,VizWiz,could you give me the name and possible the brand of lavender bath soap this is,living garden,unanswerable,0.988,0.2,none,data/VizWiz/Images/val/VizWiz_val_00003706.jpg
vizwiz_val_003707,VizWiz,What is it?,unanswerable,hair,0.793,0.9,answerability,data/VizWiz/Images/val/VizWiz_val_00003707.jpg
vizwiz_val_003711,VizWiz,What is this?,unanswerable,snack food,0.878,0.95,answerability,data/VizWiz/Images/val/VizWiz_val_00003711.jpg
vizwiz_val_003714,VizWiz,Now record a question. Read the text on the picture. And then double tap.,unanswerable,what is product name?,0.754,0.95,answerability,data/VizWiz/Images/val/VizWiz_val_00003714.jpg
vizwiz_val_003715,VizWiz,What kind of coffee is this? Thank you.,mexico,unanswerable,0.735,0.9,none,data/VizWiz/Images/val/VizWiz_val_00003715.jpg
vizwiz_val_003719,VizWiz,"What color are, what color is the, yeah?",black white,unanswerable,0.958,0.1,none,data/VizWiz/Images/val/VizWiz_val_00003719.jpg
vizwiz_val_003720,VizWiz,What is this product?,phone,unanswerable,0.939,0.1,none,data/VizWiz/Images/val/VizWiz_val_00003720.jpg
vizwiz_val_003722,VizWiz,What does the sky look like?,clear,light blue,0.835,0.95,none,data/VizWiz/Images/val/VizWiz_val_00003722.jpg
vizwiz_val_003728,VizWiz,Is the color?,brown,unanswerable,0.699,0.85,none,data/VizWiz/Images/val/VizWiz_val_00003728.jpg
vizwiz_val_003729,VizWiz,What is this?,eyewear,walkie-talkie,0.927,0.9,none,data/VizWiz/Images/val/VizWiz_val_00003729.jpg
vizwiz_val_003740,VizWiz,What is this bottle?,lotion,unanswerable,0.980,0.1,none,data/VizWiz/Images/val/VizWiz_val_00003740.jpg
vizwiz_val_003741,VizWiz,Is this vanilla coffee?,no,unanswerable,0.862,1.0,none,data/VizWiz/Images/val/VizWiz_val_00003741.jpg
vizwiz_val_003742,VizWiz,What is the name of this product?,odor gone,odogoo,0.945,0.9,none,data/VizWiz/Images/val/VizWiz_val_00003742.jpg
vizwiz_val_003743,VizWiz,What is this?,lake,river scene,0.964,0.95,none,data/VizWiz/Images/val/VizWiz_val_00003743.jpg
vizwiz_val_003746,VizWiz,What is this?,moussaka,food packaging,0.732,0.9,none,data/VizWiz/Images/val/VizWiz_val_00003746.jpg
vizwiz_val_003747,VizWiz,What is this title.,unanswerable,best,0.889,0.9,answerability,data/VizWiz/Images/val/VizWiz_val_00003747.jpg
vizwiz_val_003749,VizWiz,What is this?,barbecue sauce,hot dogs,0.580,0.95,none,data/VizWiz/Images/val/VizWiz_val_00003749.jpg
vizwiz_val_003750,VizWiz,Are these regular chips or salt-and-vinegar chips? Thank you.,regular,salt & vine,0.672,0.9,none,data/VizWiz/Images/val/VizWiz_val_00003750.jpg
vizwiz_val_003753,VizWiz,Where are the whiteboard markers?,shelf,unanswerable,0.959,1.0,none,data/VizWiz/Images/val/VizWiz_val_00003753.jpg
vizwiz_val_003754,VizWiz,What kind of shampoo is this?,bed head control freak,bed head tigi,0.853,0.95,none,data/VizWiz/Images/val/VizWiz_val_00003754.jpg
vizwiz_val_003757,VizWiz,"Can you tell me what's in this packet?  Some sort of microwave meal but I don't know what it is, tha",unanswerable,mangoes,0.514,0.9,answerability,data/VizWiz/Images/val/VizWiz_val_00003757.jpg
vizwiz_val_003758,VizWiz,"I need to know what that measures, if you would. Thank you.",18.5,18 inches,0.584,0.95,none,data/VizWiz/Images/val/VizWiz_val_00003758.jpg
vizwiz_val_003759,VizWiz,What is this?,graham crackers,honey grams,0.723,0.95,none,data/VizWiz/Images/val/VizWiz_val_00003759.jpg
vizwiz_val_003762,VizWiz,What is on this picture? Thank you.,prokaryotic eukaryotic cells,red cells,0.570,0.95,none,data/VizWiz/Images/val/VizWiz_val_00003762.jpg
vizwiz_val_003765,VizWiz,does the screen say anything now?,no,unanswerable,0.941,0.5,none,data/VizWiz/Images/val/VizWiz_val_00003765.jpg
vizwiz_val_003767,VizWiz,"Can you tell me what this card is? If it's a baseball card, a football card, or what and who and the",baseball card,unanswerable,0.857,0.75,none,data/VizWiz/Images/val/VizWiz_val_00003767.jpg
vizwiz_val_003768,VizWiz,Who's logo is this?,citroen,unanswerable,0.932,0.1,none,data/VizWiz/Images/val/VizWiz_val_00003768.jpg
vizwiz_val_003769,VizWiz,What is this?,sorbet maker,ice cream maker,0.683,1.0,none,data/VizWiz/Images/val/VizWiz_val_00003769.jpg
vizwiz_val_003770,VizWiz,Is this midol?,no,unanswerable,0.979,0.5,none,data/VizWiz/Images/val/VizWiz_val_00003770.jpg
vizwiz_val_003773,VizWiz,What kind of soup is this?,progresso,unanswerable,1.000,0.0,none,data/VizWiz/Images/val/VizWiz_val_00003773.jpg
vizwiz_val_003779,VizWiz,What can you see in the picture?,coffee mug,blue mug,0.999,1.0,none,data/VizWiz/Images/val/VizWiz_val_00003779.jpg
vizwiz_val_003784,VizWiz,What flavor is this?,big easy bold,unanswerable,0.991,0.1,none,data/VizWiz/Images/val/VizWiz_val_00003784.jpg
vizwiz_val_003792,VizWiz,What product is this?,book shelf,bookshelf,0.601,0.9,none,data/VizWiz/Images/val/VizWiz_val_00003792.jpg
vizwiz_val_003794,VizWiz,What color is this shirt?,grey,gray,0.680,0.9,none,data/VizWiz/Images/val/VizWiz_val_00003794.jpg
vizwiz_val_003795,VizWiz,What color is this bell?,black,blue,0.988,0.95,none,data/VizWiz/Images/val/VizWiz_val_00003795.jpg
vizwiz_val_003796,VizWiz,What is this?,lacoste cologne,perfume box,0.805,0.95,none,data/VizWiz/Images/val/VizWiz_val_00003796.jpg
vizwiz_val_003799,VizWiz,What is this?,up,guinness,0.792,0.95,none,data/VizWiz/Images/val/VizWiz_val_00003799.jpg
vizwiz_val_003801,VizWiz,What is this item?,unanswerable,speaker grille,0.851,0.9,answerability,data/VizWiz/Images/val/VizWiz_val_00003801.jpg
vizwiz_val_003802,VizWiz,I found this in the wild. Can I keep it as a pet?,yes,unanswerable,0.956,0.1,none,data/VizWiz/Images/val/VizWiz_val_00003802.jpg
vizwiz_val_003803,VizWiz,What color is the shirt?,black white,black and gold,0.989,0.9,none,data/VizWiz/Images/val/VizWiz_val_00003803.jpg
vizwiz_val_003809,VizWiz,Alright looking for the input or mode button I have moved the camera in tell me if this is clear.  T,yes,input,0.889,0.95,none,data/VizWiz/Images/val/VizWiz_val_00003809.jpg
vizwiz_val_003811,VizWiz,What color is that vain?,unanswerable,pink,0.890,0.9,answerability,data/VizWiz/Images/val/VizWiz_val_00003811.jpg
vizwiz_val_003816,VizWiz,What is this?,unanswerable,medicine bottle,0.713,0.85,answerability,data/VizWiz/Images/val/VizWiz_val_00003816.jpg
vizwiz_val_003820,VizWiz,Whats the picture on the shirt?,snoopy,santa dog,0.912,0.9,none,data/VizWiz/Images/val/VizWiz_val_00003820.jpg
vizwiz_val_003821,VizWiz,What is this?,tree,papaya,0.581,0.95,none,data/VizWiz/Images/val/VizWiz_val_00003821.jpg
vizwiz_val_003826,VizWiz,Can you tell what this is?,mixed fruit,drink mix,0.757,0.95,none,data/VizWiz/Images/val/VizWiz_val_00003826.jpg
vizwiz_val_003827,VizWiz,What is this image?,mountain dew,energy drink,0.950,0.95,none,data/VizWiz/Images/val/VizWiz_val_00003827.jpg
vizwiz_val_003829,VizWiz,Where is this shirt?,on person,unanswerable,1.000,0.1,none,data/VizWiz/Images/val/VizWiz_val_00003829.jpg
vizwiz_val_003831,VizWiz,What is this?,text,unanswerable,0.812,0.9,none,data/VizWiz/Images/val/VizWiz_val_00003831.jpg
vizwiz_val_003832,VizWiz,What's in this bottle?,bbq sauce,spicy honey,0.993,0.9,none,data/VizWiz/Images/val/VizWiz_val_00003832.jpg
vizwiz_val_003833,VizWiz,What are the colors and designs of this skirt?,blue white purple lines swirling together,"blue, pink, teal",0.592,0.6,none,data/VizWiz/Images/val/VizWiz_val_00003833.jpg
vizwiz_val_003834,VizWiz,What is this a model of?,sprite,energy drink,0.722,0.95,none,data/VizWiz/Images/val/VizWiz_val_00003834.jpg
vizwiz_val_003836,VizWiz,How many ounces is this?,20,23.7 fl oz,0.936,1.0,none,data/VizWiz/Images/val/VizWiz_val_00003836.jpg
vizwiz_val_003837,VizWiz,What is this?,unanswerable,wine bottle,0.806,0.95,answerability,data/VizWiz/Images/val/VizWiz_val_00003837.jpg
vizwiz_val_003839,VizWiz,Describe this shirt to me.,grey white stripes,striped polo,0.997,1.0,none,data/VizWiz/Images/val/VizWiz_val_00003839.jpg
vizwiz_val_003849,VizWiz,"Alright so what do we got here from left to right, or biggest to littlest, however you want to do it",unanswerable,"jar, cans, box",0.544,0.95,answerability,data/VizWiz/Images/val/VizWiz_val_00003849.jpg
vizwiz_val_003853,VizWiz,What is in my hand? And what color is it?,blue shaver,metal pen,0.720,0.9,none,data/VizWiz/Images/val/VizWiz_val_00003853.jpg
vizwiz_val_003855,VizWiz,What is the value of this card?,8 clubs,eight of clubs,0.967,1.0,none,data/VizWiz/Images/val/VizWiz_val_00003855.jpg
vizwiz_val_003856,VizWiz,What is this book?,diary wimpy kid ugly truth,diary of wimpy kid,0.990,1.0,none,data/VizWiz/Images/val/VizWiz_val_00003856.jpg
vizwiz_val_003857,VizWiz,I know this is a can of food. Could you please tell me what's in it?,green beans,unanswerable,0.924,0.3,none,data/VizWiz/Images/val/VizWiz_val_00003857.jpg
vizwiz_val_003859,VizWiz,This is Brian. What color is this?,grey,blue,0.797,0.95,none,data/VizWiz/Images/val/VizWiz_val_00003859.jpg
vizwiz_val_003860,VizWiz,What is in this box?,unanswerable,cake,0.573,0.85,answerability,data/VizWiz/Images/val/VizWiz_val_00003860.jpg
vizwiz_val_003866,VizWiz,Can you please tell me what these numbers say? Thank you.,0.0 5.0 233,"0.0, 5.0, 233",0.897,0.95,none,data/VizWiz/Images/val/VizWiz_val_00003866.jpg
vizwiz_val_003867,VizWiz,What item is this?,white cane,pens,0.640,0.95,none,data/VizWiz/Images/val/VizWiz_val_00003867.jpg
vizwiz_val_003868,VizWiz,How many MLs is this can?,unanswerable,375ml,0.936,0.95,answerability,data/VizWiz/Images/val/VizWiz_val_00003868.jpg
vizwiz_val_003869,VizWiz,What is in this?,chocolate milk,chocolate fat free milk,0.858,0.95,none,data/VizWiz/Images/val/VizWiz_val_00003869.jpg
vizwiz_val_003871,VizWiz,What type of K Cup is this?,folgers,unanswerable,0.999,0.1,none,data/VizWiz/Images/val/VizWiz_val_00003871.jpg
vizwiz_val_003873,VizWiz,What is the picture on this box?,flowers,floral pattern,0.848,1.0,none,data/VizWiz/Images/val/VizWiz_val_00003873.jpg
vizwiz_val_003876,VizWiz,What is in this box?,unanswerable,ght,0.680,0.9,answerability,data/VizWiz/Images/val/VizWiz_val_00003876.jpg
vizwiz_val_003879,VizWiz,What color is this folded shed?,blue,teal,0.925,0.95,none,data/VizWiz/Images/val/VizWiz_val_00003879.jpg
vizwiz_val_003881,VizWiz,What does this do?,holds item up,charging port,0.677,0.95,none,data/VizWiz/Images/val/VizWiz_val_00003881.jpg
vizwiz_val_003882,VizWiz,What color is this?,white,light gray,0.796,0.9,none,data/VizWiz/Images/val/VizWiz_val_00003882.jpg
vizwiz_val_003883,VizWiz,What kind of card is this?,barnes noble gift card,birthday card,0.969,0.95,none,data/VizWiz/Images/val/VizWiz_val_00003883.jpg
vizwiz_val_003885,VizWiz,What is this can?,sunscreen,unanswerable,0.962,0.2,none,data/VizWiz/Images/val/VizWiz_val_00003885.jpg
vizwiz_val_003886,VizWiz,"What is on these cells, and how many things are there on these cells?",toys at least 22,diecast cars,0.757,0.9,none,data/VizWiz/Images/val/VizWiz_val_00003886.jpg
vizwiz_val_003888,VizWiz,What is this item?,snack mix,cereal box,0.658,0.9,none,data/VizWiz/Images/val/VizWiz_val_00003888.jpg
vizwiz_val_003889,VizWiz,What's in this picture?,city,room interior,0.757,0.95,none,data/VizWiz/Images/val/VizWiz_val_00003889.jpg
vizwiz_val_003890,VizWiz,What's this?,box,unanswerable,0.831,0.9,none,data/VizWiz/Images/val/VizWiz_val_00003890.jpg
vizwiz_val_003892,VizWiz,Is this ice cream?,no,unanswerable,0.845,0.2,none,data/VizWiz/Images/val/VizWiz_val_00003892.jpg
vizwiz_val_003898,VizWiz,What color are these pants?,blue,unanswerable,0.991,0.1,none,data/VizWiz/Images/val/VizWiz_val_00003898.jpg
vizwiz_val_003899,VizWiz,Is this a cable?,no,yes,0.795,0.95,none,data/VizWiz/Images/val/VizWiz_val_00003899.jpg
vizwiz_val_003900,VizWiz,What is this box?,spaghetti meat sauce,unanswerable,0.848,0.9,none,data/VizWiz/Images/val/VizWiz_val_00003900.jpg
vizwiz_val_003901,VizWiz,What's in this picture?,shirt,blue fabric,0.927,0.95,none,data/VizWiz/Images/val/VizWiz_val_00003901.jpg
vizwiz_val_003904,VizWiz,What is the photo on the shirt and what does it say?,crocodile no words,alligator logo,0.976,0.95,none,data/VizWiz/Images/val/VizWiz_val_00003904.jpg
vizwiz_val_003905,VizWiz,OK now which Harry Potter book is this?,goblet fire,goblet of fire,0.920,0.95,none,data/VizWiz/Images/val/VizWiz_val_00003905.jpg
vizwiz_val_003907,VizWiz,What is this?,unanswerable,vent grille,0.585,0.85,answerability,data/VizWiz/Images/val/VizWiz_val_00003907.jpg
vizwiz_val_003913,VizWiz,What color is the battery charging light?,orange,white,0.924,0.95,none,data/VizWiz/Images/val/VizWiz_val_00003913.jpg
vizwiz_val_003915,VizWiz,What is this?,unanswerable,nutrition label,0.768,0.95,answerability,data/VizWiz/Images/val/VizWiz_val_00003915.jpg
vizwiz_val_003918,VizWiz,What is this?,video game,dvd case,0.918,0.9,none,data/VizWiz/Images/val/VizWiz_val_00003918.jpg
vizwiz_val_003921,VizWiz,Can you tell me what this is? Is it tomatoes? Or enchilada sauce?,tomatoes,enchilada sauce,0.983,0.9,none,data/VizWiz/Images/val/VizWiz_val_00003921.jpg
vizwiz_val_003922,VizWiz,This is a blank screen. What color is it? Is there any text there?,green yes,dark green,0.757,1.0,none,data/VizWiz/Images/val/VizWiz_val_00003922.jpg
vizwiz_val_003923,VizWiz,What is this thing?,desk,computer setup,0.840,0.85,none,data/VizWiz/Images/val/VizWiz_val_00003923.jpg
vizwiz_val_003925,VizWiz,What kind of clouds are those?,white,cumulus,0.976,0.9,none,data/VizWiz/Images/val/VizWiz_val_00003925.jpg
vizwiz_val_003929,VizWiz,What order did the controls appear in Low-high warm or high-low warm?,off low high warm,low-high warm,0.926,0.95,none,data/VizWiz/Images/val/VizWiz_val_00003929.jpg
vizwiz_val_003930,VizWiz,What movie is this?,4 deuces,four deuces,0.994,0.95,none,data/VizWiz/Images/val/VizWiz_val_00003930.jpg
vizwiz_val_003933,VizWiz,What is this?,food,snack bag,0.776,0.95,none,data/VizWiz/Images/val/VizWiz_val_00003933.jpg
vizwiz_val_003939,VizWiz,What is that?,window,fabric,0.591,0.9,none,data/VizWiz/Images/val/VizWiz_val_00003939.jpg
vizwiz_val_003941,VizWiz,Does that say what kind of frozen dinner it is? i cant tell myself,no,unanswerable,0.994,0.1,none,data/VizWiz/Images/val/VizWiz_val_00003941.jpg
vizwiz_val_003942,VizWiz,What does this photo say?,password how can we help you reset,"password, how can we help you reset it?",0.839,0.95,none,data/VizWiz/Images/val/VizWiz_val_00003942.jpg
vizwiz_val_003945,VizWiz,What does this symbol mean?,daniel bruce designs logo,unanswerable,0.903,0.1,none,data/VizWiz/Images/val/VizWiz_val_00003945.jpg
vizwiz_val_003948,VizWiz,Can you please tell me what the computer screen says?,widgets visible including calculator clock 2 identifiable ones,unanswerable,0.990,0.1,none,data/VizWiz/Images/val/VizWiz_val_00003948.jpg
vizwiz_val_003952,VizWiz,What's this?,bedroom,unanswerable,0.727,0.9,none,data/VizWiz/Images/val/VizWiz_val_00003952.jpg
vizwiz_val_003953,VizWiz,How much sodium is in each serving of these beans?,unanswerable,38mg,0.723,0.95,answerability,data/VizWiz/Images/val/VizWiz_val_00003953.jpg
vizwiz_val_003956,VizWiz,"What flavor of, what flavor of Doritos are these?",sweet chili heat,unanswerable,1.000,0.0,none,data/VizWiz/Images/val/VizWiz_val_00003956.jpg
vizwiz_val_003958,VizWiz,Can you please tell me what this says? Thank you.,us bank payment card quick reference guide,u.s. bank payment card quick-reference guide,0.957,1.0,none,data/VizWiz/Images/val/VizWiz_val_00003958.jpg
vizwiz_val_003959,VizWiz,What is this a picture of?,collard greens,canned greens,0.724,0.95,none,data/VizWiz/Images/val/VizWiz_val_00003959.jpg
vizwiz_val_003962,VizWiz,What is on this computer screen?,nothing,abstract image,0.725,0.85,none,data/VizWiz/Images/val/VizWiz_val_00003962.jpg
vizwiz_val_003965,VizWiz,Can you tell me what this is?,frozen dinner,magazine ad,0.571,0.95,none,data/VizWiz/Images/val/VizWiz_val_00003965.jpg
vizwiz_val_003967,VizWiz,What kind of chips are these?,lays classic,classic chips,0.866,0.9,none,data/VizWiz/Images/val/VizWiz_val_00003967.jpg
vizwiz_val_003972,VizWiz,What page is this.  And can you tell me if it's upside down or right side up.,330 upside down,"330, right side up",0.921,0.95,none,data/VizWiz/Images/val/VizWiz_val_00003972.jpg
vizwiz_val_003974,VizWiz,Is the screen on?,no,yes,0.974,0.95,none,data/VizWiz/Images/val/VizWiz_val_00003974.jpg
vizwiz_val_003975,VizWiz,What's the crock pot setting?,high,low,0.902,0.85,none,data/VizWiz/Images/val/VizWiz_val_00003975.jpg
vizwiz_val_003976,VizWiz,What is this?,unanswerable,smd component,0.650,0.95,answerability,data/VizWiz/Images/val/VizWiz_val_00003976.jpg
vizwiz_val_003978,VizWiz,Could you tell me what it says on the TV screen? Thank you.,unanswerable,software update,0.774,0.95,answerability,data/VizWiz/Images/val/VizWiz_val_00003978.jpg
vizwiz_val_003981,VizWiz,What is this?,water bottle,unanswerable,0.732,0.75,none,data/VizWiz/Images/val/VizWiz_val_00003981.jpg
vizwiz_val_003983,VizWiz,Can you describe what you see on the screen? Hopefully it's some sort of a menu. I'm trying to boot ,blank screen,blue screen,0.720,0.85,none,data/VizWiz/Images/val/VizWiz_val_00003983.jpg
vizwiz_val_003985,VizWiz,What is this a box of?,shredded wheat,wheat crackers,0.637,0.9,none,data/VizWiz/Images/val/VizWiz_val_00003985.jpg
vizwiz_val_003987,VizWiz,What does this box say on top?,mary kay,unanswerable,0.794,0.9,none,data/VizWiz/Images/val/VizWiz_val_00003987.jpg
vizwiz_val_003989,VizWiz,What is this?,external hard drive,synthesizer,0.672,0.95,none,data/VizWiz/Images/val/VizWiz_val_00003989.jpg
vizwiz_val_003996,VizWiz,What kind of pizza is this?,pepperoni,thin crust,0.892,0.9,none,data/VizWiz/Images/val/VizWiz_val_00003996.jpg
vizwiz_val_003998,VizWiz,What is this?,food,dessert tray,0.694,0.95,none,data/VizWiz/Images/val/VizWiz_val_00003998.jpg
vizwiz_val_004001,VizWiz,What are the dials on this washer.,unanswerable,wash cycle,0.562,0.9,answerability,data/VizWiz/Images/val/VizWiz_val_00004001.jpg
vizwiz_val_004004,VizWiz,What color is this rug?,pinks greys,multi-colored,0.894,0.95,none,data/VizWiz/Images/val/VizWiz_val_00004004.jpg
vizwiz_val_004006,VizWiz,"What is this, please?",dresser,skincare product,0.945,0.95,none,data/VizWiz/Images/val/VizWiz_val_00004006.jpg
vizwiz_val_004008,VizWiz,What is this?,soup,canned goods,0.929,0.9,none,data/VizWiz/Images/val/VizWiz_val_00004008.jpg
vizwiz_val_004012,VizWiz,What is shown in the little rectangular window?,unanswerable,blue blanket,0.581,0.9,answerability,data/VizWiz/Images/val/VizWiz_val_00004012.jpg
vizwiz_val_004014,VizWiz,What flavor are these noodles?,chicken,chocolate,0.882,0.75,none,data/VizWiz/Images/val/VizWiz_val_00004014.jpg
vizwiz_val_004015,VizWiz,What kind of pop is this can?,coca cola,coke,0.957,0.85,none,data/VizWiz/Images/val/VizWiz_val_00004015.jpg
vizwiz_val_004017,VizWiz,What is this?,asparagus spears,unanswerable,0.987,0.1,none,data/VizWiz/Images/val/VizWiz_val_00004017.jpg
vizwiz_val_004018,VizWiz,What is this?,ravioli,canned food,0.879,0.95,none,data/VizWiz/Images/val/VizWiz_val_00004018.jpg
vizwiz_val_004019,VizWiz,What is this?,grilled onions mushrooms,seasoning mix,0.939,0.95,none,data/VizWiz/Images/val/VizWiz_val_00004019.jpg
vizwiz_val_004021,VizWiz,What is this?,baking soda,unanswerable,0.986,0.1,none,data/VizWiz/Images/val/VizWiz_val_00004021.jpg
vizwiz_val_004022,VizWiz,"What is this? What color of fish, please. Thank you.",white sheet,unanswerable,0.999,1.0,none,data/VizWiz/Images/val/VizWiz_val_00004022.jpg
vizwiz_val_004025,VizWiz,What is this?,teabags,green tea,0.716,0.95,none,data/VizWiz/Images/val/VizWiz_val_00004025.jpg
vizwiz_val_004029,VizWiz,is this?,unanswerable,uncle tobys,0.726,0.5,answerability,data/VizWiz/Images/val/VizWiz_val_00004029.jpg
vizwiz_val_004031,VizWiz,Can you please tell me what the three buttons are from left to right? Thank you.,day hour minute,"home, clean, power",0.777,0.9,none,data/VizWiz/Images/val/VizWiz_val_00004031.jpg
vizwiz_val_004035,VizWiz,What is this? It's from Schwans.,hawaiian style pizza,hawaiian pizza,0.936,0.95,none,data/VizWiz/Images/val/VizWiz_val_00004035.jpg
vizwiz_val_004039,VizWiz,What does the picture show?,window,stained glass,0.991,0.9,none,data/VizWiz/Images/val/VizWiz_val_00004039.jpg
vizwiz_val_004043,VizWiz,What is this?,ziti,pasta box,0.896,1.0,none,data/VizWiz/Images/val/VizWiz_val_00004043.jpg
vizwiz_val_004045,VizWiz,What's in this packet?,haribo tangfastics,haribos,0.990,1.0,none,data/VizWiz/Images/val/VizWiz_val_00004045.jpg
vizwiz_val_004047,VizWiz,What's the title of this CD?,songs 4 life,songs & life,0.997,0.9,none,data/VizWiz/Images/val/VizWiz_val_00004047.jpg
vizwiz_val_004050,VizWiz,What is this?,pink ball,interior room,0.571,0.9,none,data/VizWiz/Images/val/VizWiz_val_00004050.jpg
vizwiz_val_004054,VizWiz,Here is another picture. Positive or negative?,negative,positive,0.931,0.9,none,data/VizWiz/Images/val/VizWiz_val_00004054.jpg
vizwiz_val_004055,VizWiz,What's this chairs color?,blue,unanswerable,1.000,0.0,none,data/VizWiz/Images/val/VizWiz_val_00004055.jpg
vizwiz_val_004056,VizWiz,What is this spice and what color is it?,golden yellow maybe cumin tumeric,"turmeric, yellow",0.907,0.9,none,data/VizWiz/Images/val/VizWiz_val_00004056.jpg
vizwiz_val_004060,VizWiz,What's the name of this? Thanks.,declaration cartier,cartier box,0.961,0.95,none,data/VizWiz/Images/val/VizWiz_val_00004060.jpg
vizwiz_val_004061,VizWiz,What does this label say?,meat pack,lean beef steak,0.957,0.9,none,data/VizWiz/Images/val/VizWiz_val_00004061.jpg
vizwiz_val_004063,VizWiz,What currency is this?,5 malaysian ringgit,iranian rial,0.855,0.9,none,data/VizWiz/Images/val/VizWiz_val_00004063.jpg
vizwiz_val_004065,VizWiz,What is this?,money,banknote,0.865,0.9,none,data/VizWiz/Images/val/VizWiz_val_00004065.jpg
vizwiz_val_004070,VizWiz,What does this say?,40,pressure gauge,0.603,0.9,none,data/VizWiz/Images/val/VizWiz_val_00004070.jpg
vizwiz_val_004071,VizWiz,What is this ?,100 dollar bill,fake money,0.675,0.95,none,data/VizWiz/Images/val/VizWiz_val_00004071.jpg
vizwiz_val_004075,VizWiz,whats in this bag,vegetables,unanswerable,0.964,0.1,none,data/VizWiz/Images/val/VizWiz_val_00004075.jpg
vizwiz_val_004076,VizWiz,What is that?,soda bottle,green bottle,0.975,0.95,none,data/VizWiz/Images/val/VizWiz_val_00004076.jpg
vizwiz_val_004078,VizWiz,What bill denomination is this?,1 dollar,one dollar,0.780,0.95,none,data/VizWiz/Images/val/VizWiz_val_00004078.jpg
vizwiz_val_004082,VizWiz,Can you tell me the order of the buttons on this remote control?,yes,top row,0.743,0.9,none,data/VizWiz/Images/val/VizWiz_val_00004082.jpg
vizwiz_val_004083,VizWiz,Hello there could you please tell me going from left to right on this dial what the temperate range ,off low high,unanswerable,0.999,0.1,none,data/VizWiz/Images/val/VizWiz_val_00004083.jpg
vizwiz_val_004084,VizWiz,What is in the drawer and please describe.,clutter,sports gear,0.736,0.85,none,data/VizWiz/Images/val/VizWiz_val_00004084.jpg
vizwiz_val_004089,VizWiz,Do you see anything on this screen that says boot order?,no,unanswerable,0.995,0.95,none,data/VizWiz/Images/val/VizWiz_val_00004089.jpg
vizwiz_val_004090,VizWiz,Is the label showing? And what is in this bottle?,unanswerable,supplement facts,0.809,0.9,answerability,data/VizWiz/Images/val/VizWiz_val_00004090.jpg
vizwiz_val_004092,VizWiz,Which color is it?,black silver,silver and black,0.911,0.95,none,data/VizWiz/Images/val/VizWiz_val_00004092.jpg
vizwiz_val_004095,VizWiz,Can you describe the tie?,black background white gold squares,patterned tie,0.798,0.85,none,data/VizWiz/Images/val/VizWiz_val_00004095.jpg
vizwiz_val_004096,VizWiz,Tell me what the Ipad screen says.  Thank you very much.,nothing,unanswerable,0.988,0.1,none,data/VizWiz/Images/val/VizWiz_val_00004096.jpg
vizwiz_val_004097,VizWiz,What color are these towels?,white,light blue,0.993,0.95,none,data/VizWiz/Images/val/VizWiz_val_00004097.jpg
vizwiz_val_004098,VizWiz,What is this?,chocolate cream liqueur,mud slide,0.973,1.0,none,data/VizWiz/Images/val/VizWiz_val_00004098.jpg
vizwiz_val_004102,VizWiz,What space is this?,unanswerable,bedroom,0.996,0.95,answerability,data/VizWiz/Images/val/VizWiz_val_00004102.jpg
vizwiz_val_004105,VizWiz,what is this and how many things are in each shelf?,videos games about 20 on each shelf,"video games, 10 and 15",0.645,0.95,none,data/VizWiz/Images/val/VizWiz_val_00004105.jpg
vizwiz_val_004106,VizWiz,What is this photo?,album cover,album art,0.847,0.95,none,data/VizWiz/Images/val/VizWiz_val_00004106.jpg
vizwiz_val_004111,VizWiz,What is this?,towels,surgical gloves,0.740,0.95,none,data/VizWiz/Images/val/VizWiz_val_00004111.jpg
vizwiz_val_004115,VizWiz,Has she finished her drink?,yes,unanswerable,0.837,0.5,none,data/VizWiz/Images/val/VizWiz_val_00004115.jpg
vizwiz_val_004119,VizWiz,What is this?,money,canadian banknote,0.658,1.0,none,data/VizWiz/Images/val/VizWiz_val_00004119.jpg
vizwiz_val_004120,VizWiz,What is it?,unanswerable,shopping cart,0.854,0.95,answerability,data/VizWiz/Images/val/VizWiz_val_00004120.jpg
vizwiz_val_004123,VizWiz,What is it?,desk,computer setup,0.751,0.95,none,data/VizWiz/Images/val/VizWiz_val_00004123.jpg
vizwiz_val_004126,VizWiz,What color is this shirt?,brown,yellow and white,0.886,0.7,none,data/VizWiz/Images/val/VizWiz_val_00004126.jpg
vizwiz_val_004128,VizWiz,"I wanna know exactly what I'm seeing, but I'm not real sure right now because I just started.",bright light,sunset glow,0.767,0.95,none,data/VizWiz/Images/val/VizWiz_val_00004128.jpg
vizwiz_val_004129,VizWiz,What is this bottle?,basil,unanswerable,0.792,0.85,none,data/VizWiz/Images/val/VizWiz_val_00004129.jpg
vizwiz_val_004132,VizWiz,What setting is this?,fn,function key,0.705,0.95,none,data/VizWiz/Images/val/VizWiz_val_00004132.jpg
vizwiz_val_004140,VizWiz,Is this currently set on the off position?,yes,unanswerable,0.968,0.1,none,data/VizWiz/Images/val/VizWiz_val_00004140.jpg
vizwiz_val_004142,VizWiz,What is it?,modem,portable speaker,0.663,0.9,none,data/VizWiz/Images/val/VizWiz_val_00004142.jpg
vizwiz_val_004143,VizWiz,What does this pregnancy test show?,negative,unanswerable,0.931,0.1,none,data/VizWiz/Images/val/VizWiz_val_00004143.jpg
vizwiz_val_004144,VizWiz,What is this magazine about?,sunset,travel/adventure,0.683,0.95,none,data/VizWiz/Images/val/VizWiz_val_00004144.jpg
vizwiz_val_004148,VizWiz,Which flavor was this?,braised beef portobello tortellini,braised beef and portobello tortelloni,0.941,1.0,none,data/VizWiz/Images/val/VizWiz_val_00004148.jpg
vizwiz_val_004149,VizWiz,What is this?,braille machine,refreshable braille display,0.592,0.95,none,data/VizWiz/Images/val/VizWiz_val_00004149.jpg
vizwiz_val_004152,VizWiz,Which movie is this?,olsen banden,olsen-banden,0.737,0.85,none,data/VizWiz/Images/val/VizWiz_val_00004152.jpg
vizwiz_val_004154,VizWiz,What is this question?,brush,duster,0.612,0.95,none,data/VizWiz/Images/val/VizWiz_val_00004154.jpg
vizwiz_val_004155,VizWiz,What do you see in this image?,table,interior space,0.705,0.85,none,data/VizWiz/Images/val/VizWiz_val_00004155.jpg
vizwiz_val_004161,VizWiz,How much money is this?,1 dollar,one dollar,0.983,0.9,none,data/VizWiz/Images/val/VizWiz_val_00004161.jpg
vizwiz_val_004165,VizWiz,What is the pattern on this pillow?,dots,unanswerable,0.838,0.6,none,data/VizWiz/Images/val/VizWiz_val_00004165.jpg
vizwiz_val_004166,VizWiz,Can you please tell me what this bottle say what this bottle is please?,herb garlic lemon juice,herb & garlic,0.978,0.95,none,data/VizWiz/Images/val/VizWiz_val_00004166.jpg
vizwiz_val_004167,VizWiz,What color is the shirt?,pink,unanswerable,1.000,1.0,none,data/VizWiz/Images/val/VizWiz_val_00004167.jpg
vizwiz_val_004168,VizWiz,"Can you tell me what kind of Keurig flavor coffee this is? I know it's Keurig, what flavor please. T",dark chocolate,unanswerable,0.881,0.95,none,data/VizWiz/Images/val/VizWiz_val_00004168.jpg
vizwiz_val_004174,VizWiz,What is the name of this lotion?,diamonds rubies,diamonds and rubies,0.999,0.9,none,data/VizWiz/Images/val/VizWiz_val_00004174.jpg
vizwiz_val_004175,VizWiz,What is it?,20 dollar bill,us dollar,0.691,1.0,none,data/VizWiz/Images/val/VizWiz_val_00004175.jpg
vizwiz_val_004176,VizWiz,What color is this item please?,white,grayish brown,0.650,0.6,none,data/VizWiz/Images/val/VizWiz_val_00004176.jpg
vizwiz_val_004177,VizWiz,What is in this box?,cheez,white cheddar,0.901,0.95,none,data/VizWiz/Images/val/VizWiz_val_00004177.jpg
vizwiz_val_004180,VizWiz,What is this?  What is this product?,unanswerable,lipstick tube,0.728,0.85,answerability,data/VizWiz/Images/val/VizWiz_val_00004180.jpg
vizwiz_val_004187,VizWiz,What color is this please?,leopard print,black and white,0.980,1.0,none,data/VizWiz/Images/val/VizWiz_val_00004187.jpg
vizwiz_val_004188,VizWiz,What is this?,3 musketeers,unanswerable,0.812,0.85,none,data/VizWiz/Images/val/VizWiz_val_00004188.jpg
vizwiz_val_004191,VizWiz,Which kind of soup is this?,unanswerable,pitterling cremesuppe,0.765,0.9,answerability,data/VizWiz/Images/val/VizWiz_val_00004191.jpg
vizwiz_val_004192,VizWiz,What is this?,diagram,star shape,0.620,0.95,none,data/VizWiz/Images/val/VizWiz_val_00004192.jpg
vizwiz_val_004194,VizWiz,What color is this tablet?,white,tan,0.594,0.95,none,data/VizWiz/Images/val/VizWiz_val_00004194.jpg
vizwiz_val_004199,VizWiz,What color are these two t-shirts?,yellow green,"light blue, yellow",0.798,0.85,none,data/VizWiz/Images/val/VizWiz_val_00004199.jpg
vizwiz_val_004200,VizWiz,What is in this package?,quesadillas,chicken tortillas,0.762,0.9,none,data/VizWiz/Images/val/VizWiz_val_00004200.jpg
vizwiz_val_004201,VizWiz,Could you tell me what this can is please?,manwich,hunt's sandwich,0.955,0.9,none,data/VizWiz/Images/val/VizWiz_val_00004201.jpg
vizwiz_val_004207,VizWiz,What color is this please? Thanks,grey,gray,0.729,1.0,none,data/VizWiz/Images/val/VizWiz_val_00004207.jpg
vizwiz_val_004208,VizWiz,For how long do I cook this in the microwave?,unanswerable,8 minutes,0.938,0.95,answerability,data/VizWiz/Images/val/VizWiz_val_00004208.jpg
vizwiz_val_004209,VizWiz,What is that?,big toe,toenail discoloration,0.745,0.85,none,data/VizWiz/Images/val/VizWiz_val_00004209.jpg
vizwiz_val_004210,VizWiz,What about the color cloth. Tell me about the color cloth.,green white,purple green,0.831,0.9,none,data/VizWiz/Images/val/VizWiz_val_00004210.jpg
vizwiz_val_004215,VizWiz,What is this?,sock,crochet item,0.655,0.95,none,data/VizWiz/Images/val/VizWiz_val_00004215.jpg
vizwiz_val_004218,VizWiz,what color is my computer?,black,silver,0.758,1.0,none,data/VizWiz/Images/val/VizWiz_val_00004218.jpg
vizwiz_val_004221,VizWiz,What is this object?,toothless,bat,0.979,0.9,none,data/VizWiz/Images/val/VizWiz_val_00004221.jpg
vizwiz_val_004224,VizWiz,Which one is apple cider?,top,hot apple cider,0.956,1.0,none,data/VizWiz/Images/val/VizWiz_val_00004224.jpg
vizwiz_val_004227,VizWiz,Can you please tell me what canned food item this is?,whole potatoes,unanswerable,0.998,0.2,none,data/VizWiz/Images/val/VizWiz_val_00004227.jpg
vizwiz_val_004229,VizWiz,What color is my jacket?,black,unanswerable,1.000,0.0,none,data/VizWiz/Images/val/VizWiz_val_00004229.jpg
vizwiz_val_004232,VizWiz,"Can you see the whole sofa in this picture? If not, what do i need to do to make the whole sofa appe",no step back to take picture,"no, take wider shot",0.677,0.85,none,data/VizWiz/Images/val/VizWiz_val_00004232.jpg
vizwiz_val_004233,VizWiz,just a quick idea on this please,belgian chocolate,snack bar,0.681,0.95,none,data/VizWiz/Images/val/VizWiz_val_00004233.jpg
vizwiz_val_004234,VizWiz,What is in this box?,macaroni cheese,kraft dinner,0.984,1.0,none,data/VizWiz/Images/val/VizWiz_val_00004234.jpg
vizwiz_val_004235,VizWiz,What is this?,framed living room art,unanswerable,0.837,0.85,none,data/VizWiz/Images/val/VizWiz_val_00004235.jpg
vizwiz_val_004240,VizWiz,What kind of note is that?,1 dollar,one dollar,0.736,0.95,none,data/VizWiz/Images/val/VizWiz_val_00004240.jpg
vizwiz_val_004242,VizWiz,What's on this screen?,5:47 monday may 28,digital clock,0.934,0.95,none,data/VizWiz/Images/val/VizWiz_val_00004242.jpg
vizwiz_val_004243,VizWiz,What kind of pop is this?,coca cola,coca-cola,0.998,0.95,none,data/VizWiz/Images/val/VizWiz_val_00004243.jpg
vizwiz_val_004248,VizWiz,I need to know what can this is so what is in this can?,peanut butter,unanswerable,0.982,0.2,none,data/VizWiz/Images/val/VizWiz_val_00004248.jpg
vizwiz_val_004254,VizWiz,What kind of cereal is this?,honey nut cherrios,unanswerable,0.932,0.1,none,data/VizWiz/Images/val/VizWiz_val_00004254.jpg
vizwiz_val_004255,VizWiz,What's in this red envelope?,sloppy joe seasoning,unanswerable,0.955,0.95,none,data/VizWiz/Images/val/VizWiz_val_00004255.jpg
vizwiz_val_004258,VizWiz,What kind of peanut butter is this?,peter pan,unanswerable,0.777,0.9,none,data/VizWiz/Images/val/VizWiz_val_00004258.jpg
vizwiz_val_004259,VizWiz,What does this say?,master commander,master and commander,0.877,0.9,none,data/VizWiz/Images/val/VizWiz_val_00004259.jpg
vizwiz_val_004260,VizWiz,What is this?,patch,coat of arms,0.812,0.95,none,data/VizWiz/Images/val/VizWiz_val_00004260.jpg
vizwiz_val_004262,VizWiz,What is it? I did.,cd,unanswerable,0.689,0.9,none,data/VizWiz/Images/val/VizWiz_val_00004262.jpg
vizwiz_val_004263,VizWiz,What do you see?,tums,blue bottle,0.701,0.95,none,data/VizWiz/Images/val/VizWiz_val_00004263.jpg
vizwiz_val_004265,VizWiz,what type of cookies are these,mini oreos,millo oreo,0.784,0.9,none,data/VizWiz/Images/val/VizWiz_val_00004265.jpg
vizwiz_val_004270,VizWiz,What kind of pop is in this can?,nestea,unanswerable,0.992,0.2,none,data/VizWiz/Images/val/VizWiz_val_00004270.jpg
vizwiz_val_004273,VizWiz,What can good is this?,nuts,water,0.512,0.95,none,data/VizWiz/Images/val/VizWiz_val_00004273.jpg
vizwiz_val_004274,VizWiz,Is this chicken or celery?,tomato,celery,0.979,0.95,none,data/VizWiz/Images/val/VizWiz_val_00004274.jpg
vizwiz_val_004277,VizWiz,Is someone standing at the door?,no,unanswerable,0.949,0.95,none,data/VizWiz/Images/val/VizWiz_val_00004277.jpg
vizwiz_val_004278,VizWiz,What kind of soup is this?,campbells,cream of,0.510,0.9,none,data/VizWiz/Images/val/VizWiz_val_00004278.jpg
vizwiz_val_004279,VizWiz,Is the light on?,no,yes,0.970,1.0,none,data/VizWiz/Images/val/VizWiz_val_00004279.jpg
vizwiz_val_004280,VizWiz,What's on this shirt?  Thanks.,csi cant stand idiots,c.s.i,0.846,0.85,none,data/VizWiz/Images/val/VizWiz_val_00004280.jpg
vizwiz_val_004286,VizWiz,How can you tell the grass needs watering? What does it look like?,dry,unanswerable,0.813,0.1,none,data/VizWiz/Images/val/VizWiz_val_00004286.jpg
vizwiz_val_004287,VizWiz,What's the color of her shirt?,white pink,pink and white,0.972,0.85,none,data/VizWiz/Images/val/VizWiz_val_00004287.jpg
vizwiz_val_004288,VizWiz,How do I make this stuffing mix?,unanswerable,bake,0.708,0.1,answerability,data/VizWiz/Images/val/VizWiz_val_00004288.jpg
vizwiz_val_004291,VizWiz,What is the expiration date?,2012,unanswerable,1.000,0.1,none,data/VizWiz/Images/val/VizWiz_val_00004291.jpg
vizwiz_val_004292,VizWiz,Do these socks match?,yes,unanswerable,0.995,0.1,none,data/VizWiz/Images/val/VizWiz_val_00004292.jpg
vizwiz_val_004293,VizWiz,Identify this package.,chocolate bar,unanswerable,0.958,0.85,none,data/VizWiz/Images/val/VizWiz_val_00004293.jpg
vizwiz_val_004294,VizWiz,In the bottle.,orange juice,unanswerable,0.771,1.0,none,data/VizWiz/Images/val/VizWiz_val_00004294.jpg
vizwiz_val_004297,VizWiz,"Yeah, I just need to determine, for sure, the characters in this captcha. Thank You.",lex,h x,0.734,0.9,none,data/VizWiz/Images/val/VizWiz_val_00004297.jpg
vizwiz_val_004298,VizWiz,C'mon. I'm getting the wait thing.,unanswerable,boots,0.692,1.0,answerability,data/VizWiz/Images/val/VizWiz_val_00004298.jpg
vizwiz_val_004299,VizWiz,What is this?,package,cigarette packet,0.782,0.95,none,data/VizWiz/Images/val/VizWiz_val_00004299.jpg
vizwiz_val_004301,VizWiz,What is in this can?,green beans,corn,0.717,0.9,none,data/VizWiz/Images/val/VizWiz_val_00004301.jpg
vizwiz_val_004303,VizWiz,What is in this jar?,bbq sauce,unanswerable,0.995,0.1,none,data/VizWiz/Images/val/VizWiz_val_00004303.jpg
vizwiz_val_004307,VizWiz,oven set to thanks?,422,unanswerable,0.789,0.1,none,data/VizWiz/Images/val/VizWiz_val_00004307.jpg
vizwiz_val_004308,VizWiz,and how big is it?,about 32 inches,unanswerable,0.999,0.0,none,data/VizWiz/Images/val/VizWiz_val_00004308.jpg
vizwiz_val_004311,VizWiz,What is this product?,malt liquor,olde english,0.969,0.95,none,data/VizWiz/Images/val/VizWiz_val_00004311.jpg
vizwiz_val_004314,VizWiz,what is this?,salad dressing,wine bottle,0.879,0.95,none,data/VizWiz/Images/val/VizWiz_val_00004314.jpg
vizwiz_val_004317,VizWiz,What kind of mix is this?,cake,unanswerable,0.926,0.9,none,data/VizWiz/Images/val/VizWiz_val_00004317.jpg
